0.0,0.0,0.0,0.0,0.0,0.0,0.0,0.0,0.0,0.0,0.0,0.0,0.0,0.0,0.0,0.0,10.000001549282922,0.0,10.000001549282922,NaN,0.9999999999999996,0.0,0.9999999999999996,0.0,0.9999999999999996,0.0,0.9999999999999996,0.0
80.0,2.619841619491217,17.33092756400099,19.708864962509544,1.7358728609723808,0.0036193038774538847,14.82044875986128,2.018236851836907,0.0,0.09990037059727883,60.958374883702525,60.958374883702525,28.53579699261533,18.28442616439366,9.416522636635241,2.3565403307719315,9.987674619184915,0.01232693009801081,7.643461218510997,0.13617919973536605,0.9999999999999996,1.0122374565296066,0.9999999999999996,1.0122374565296066,0.9999999999999996,0.9240035534865727,0.9999999999999996,0.45542998160776427
160.0,10.772323390303894,43.424119137861894,39.27282063413754,14.180184230482098,0.1595068966729759,34.333322206960766,3.1594832940389157,0.0,5.3853289977892045,99.28677936779653,99.28677936779653,31.801832154899365,29.315842565113392,35.19029277113114,7.4210606582293295,9.33694811845805,0.6630534308248685,2.5789408910535982,0.09202381508534468,0.9999999999999996,1.6486954779554686,0.9999999999999996,1.6486954779554686,0.9999999999999996,1.0297594255424158,0.9999999999999996,0.7302014031069515
240.0,14.773357755128679,70.30669854350636,46.0088106436089,38.95425879449746,0.5495032652071523,39.06237259641018,5.198991463766032,0.0,19.50492517091311,123.38628242885314,123.38628242885314,24.963422005871795,34.127302061316946,66.50348721593379,8.894301058341929,7.919726006701388,2.0802755425815334,1.105700490941004,0.13309461556474475,0.9999999999999996,2.048877072833802,0.9999999999999996,2.048877072833802,0.9999999999999996,0.8083282428235552,0.9999999999999996,0.8500456295628903
320.0,17.39366275292812,93.63606842686467,49.82061953902129,70.28570959302021,1.0293150772994633,32.035396819213695,9.079176896252177,0.0,37.10387204775222,138.5391726173315,138.5391726173315,18.19656673298512,34.65206502150042,95.71027358292717,9.357384019060177,6.656366585343084,3.3436349639398366,0.6426175302227564,0.2834107830000972,0.9999999999999996,2.300496691183545,0.9999999999999996,2.300496691183545,0.9999999999999996,0.5892140432203437,0.9999999999999996,0.8631164682731693
400.0,19.49660086217184,113.54122370597656,52.592405771491045,104.24850556115145,1.540102176810941,21.537627270757877,16.522312781952,0.0,55.913183792026075,148.0667617028011,148.0667617028011,13.035272232004194,32.965028691800676,117.47840790473069,9.557891723579928,5.688119106671598,4.311882442611322,0.4421098257030048,0.767137093341044,0.9999999999999996,2.458706003048146,0.9999999999999996,2.458706003048146,0.9999999999999996,0.42208871426137873,0.9999999999999996,0.8210956294621055
480.0,21.255761068156005,130.58255745164962,54.74468754019347,138.6094179765386,2.0519525817441764,13.552084677496275,28.810582446705602,0.0,74.80096361309822,154.05736186966968,154.05736186966968,9.354682899108955,30.38478274738335,129.185759470143,9.663933968551522,4.9643906705360985,5.035610878746821,0.33606758073141246,2.1259151733715633,0.9999999999999996,2.55818224216321,0.9999999999999996,2.55818224216321,0.9999999999999996,0.3029093682841111,0.9999999999999996,0.7568266525500559
560.0,22.756212261250496,145.2537639828465,56.47776675681792,172.09167558911415,2.5476333178652073,9.046971642956684,44.2036152889935,0.0,93.11473613916263,157.82400711667393,157.82400711667393,6.794364503406647,27.62449886213101,132.4882930695392,9.727588922544625,4.420001505130274,5.580000044152646,0.2724126267383084,4.886012362314324,0.9999999999999996,2.620728847313871,0.9999999999999996,2.620728847313871,0.9999999999999996,0.2200049624145924,0.9999999999999996,0.6880732758900469
640.0,24.051739319517857,157.95484699197485,57.90828149348685,203.98870947095796,3.0177257610912576,6.5808532386379595,59.90108334316368,0.0,110.49660565053696,160.19235832166402,160.19235832166402,5.029925028345899,25.02617445573155,130.6903301099786,9.769225836682555,4.003820774934923,5.996180774347996,0.23077571260037547,9.102327794132881,0.9999999999999996,2.660056237594233,0.9999999999999996,2.660056237594233,0.9999999999999996,0.16287151892640014,0.9999999999999996,0.6233539991690783
720.0,25.180060291947967,169.00727326639003,59.11065127235843,233.94110507897975,3.4576381407582177,5.115990534399781,74.31397778330253,0.0,126.77076822033344,161.6814952624564,161.6814952624564,3.8160219084721447,22.726562510291526,126.09853145844987,9.798189097063947,3.679736038563013,6.3202655107199055,0.20181245221898148,14.525823940372321,0.9999999999999996,2.6847839340304933,0.9999999999999996,2.6847839340304933,0.9999999999999996,0.12356472134012443,0.9999999999999996,0.5660750768446666
800.0,26.16922742269368,178.6703524602562,60.13527163623557,261.80081674394177,3.865706447146179,4.166076987877295,86.85278748211614,0.0,141.87196538979714,162.61780433121913,162.61780433121913,2.9782802478437467,20.757249997932103,120.04264705555799,9.819284118585111,3.422835244748457,6.577166304534459,0.18071743069781512,20.847619411462073,0.9999999999999996,2.7003317092475685,0.9999999999999996,2.7003317092475685,0.9999999999999996,0.09643822224410471,0.9999999999999996,0.51702327980056
880.0,27.04090810823919,187.15461003935778,61.01780989779624,287.54709281848443,4.242004969879476,3.504988900201562,97.41778181687818,0.0,155.80065169839375,163.20652248218693,163.20652248218693,2.3962502688184273,19.100552654315283,113.29856436853085,9.83520286311966,3.21586683935645,6.784134709926468,0.16479868616327,27.794034329545507,0.9999999999999996,2.710107602467907,0.9999999999999996,2.710107602467907,0.9999999999999996,0.07759179685797356,0.9999999999999996,0.47575812693498404
960.0,27.8122920460363,194.63219457128977,61.78441778658296,311.23405666011604,4.587607141516396,3.019201909869606,106.12506579803892,0.0,168.5951242080086,163.5766897155341,163.5766897155341,1.9879381562348097,17.719168323532642,106.33082947461948,9.847556786913412,3.046715161813361,6.953286387469555,0.15244476236951882,35.15003930380472,0.9999999999999996,2.716254372940197,0.9999999999999996,2.716254372940197,0.9999999999999996,0.06437044393565962,0.9999999999999996,0.4413504930992161
1040.0,28.49729464087983,201.2449085694613,62.45484309866234,332.95797291809566,4.904128605901417,2.6468947796262454,113.1756997000247,0.0,180.31429074546193,163.80943898140652,163.80943898140652,1.6979380806244375,16.571092124202906,99.4195205259267,9.857363154401577,2.90672065983419,7.093280889448725,0.14263839488135432,42.7579141306122,0.9999999999999996,2.720119264767536,0.9999999999999996,2.720119264767536,0.9999999999999996,0.054980094668572274,0.9999999999999996,0.4127541172740198
1120.0,29.107362163867638,207.11040955633902,63.044375858254334,352.83687212570436,5.193446833446181,2.3519700221728606,118.79309342222678,0.0,191.0270899621536,163.95578280346106,163.95578280346106,1.4889264842845156,15.616530206986527,92.73113395524764,9.865292532013578,2.7895795886758146,7.2104219606071,0.1347090172693528,50.507911368904324,0.9999999999999996,2.722549360689514,0.9999999999999996,2.722549360689514,0.9999999999999996,0.04821219336243501,0.9999999999999996,0.3889778110070003
1200.0,29.652033371786228,212.3270254527836,63.56511086358911,370.9979696843522,5.457531054475518,2.112094070459415,123.19357831403242,0.0,200.8060705782836,164.04779740447438,164.04779740447438,1.3357644904582135,14.820629818643358,86.36075839655813,9.871803265830327,2.6906200768435995,7.3093814724393145,0.12819828345260442,58.327694792133855,0.9999999999999996,2.724077298825512,0.9999999999999996,2.724077298825512,0.9999999999999996,0.043252730460760475,0.9999999999999996,0.3691534590713287
1280.0,30.139343777771494,216.97749861670493,64.0267916482704,387.5700088517516,5.6983410209863,1.9127793526441796,126.57366422103597,0.0,209.72356596395983,164.10565131939893,164.10565131939893,1.2214856092130848,14.15412635832614,80.35816417576042,9.877218317853607,2.606321176084117,7.393680373198798,0.12278323142932153,66.17264246713225,0.9999999999999996,2.7250379855204123,0.9999999999999996,2.7250379855204123,0.9999999999999996,0.03955232242988279,0.9999999999999996,0.3525521363967953
1360.0,30.576125223353927,221.13191994420316,64.43739195038053,402.67870255877415,5.9177686028095895,1.7442516710413443,129.10573258340727,0.0,217.84948047233917,164.14202807901327,164.14202807901327,1.1345916222146943,13.593032673455424,74.74435374785298,9.881771303716365,2.5339871654824244,7.466014383800491,0.11823024556656139,74.01783511339806,0.9999999999999996,2.725642035721867,0.9999999999999996,2.725642035721867,0.9999999999999996,0.03673865113891073,0.9999999999999996,0.33857636902606264
1440.0,30.968231723424612,224.85003895170283,64.80352471826097,416.44413441959864,6.1176059426142775,1.5996905153113163,130.93789902470667,0.0,225.2500812550729,164.16490128618062,164.16490128618062,1.0672469468610728,13.11795713134883,69.52218936078057,9.885635116255854,2.47152400980719,7.528477539475727,0.11436643302707197,81.85201935714721,0.9999999999999996,2.726021854197834,0.9999999999999996,2.726021854197834,0.9999999999999996,0.03455799645625899,0.9999999999999996,0.3267431485870617
1520.0,31.3207134767713,228.18308844393223,65.13073738640993,428.97938371982457,6.2995300125449445,1.4742013566567103,132.1958024513526,0.0,231.98740568249067,164.1792816726515,164.1792816726515,1.01407318930825,12.71333781122299,64.68328052532213,9.888940258681636,2.417283334868814,7.582718214414102,0.11106129060129065,89.67282647952165,0.9999999999999996,2.7262606460923515,0.9999999999999996,2.7262606460923515,0.9999999999999996,0.03283620326633138,0.9999999999999996,0.3166648574847734
1600.0,31.63795318734319,231.17524195868046,65.42372980392,440.38991565048565,6.4650971601184875,1.3641829379655914,132.98517122893574,0.0,238.11904696326332,164.18832321123622,164.18832321123622,0.9713405464012127,12.366717432488805,60.21249921134767,9.891787005524378,2.369951425219768,7.630050124063149,0.10821454375854761,97.48338549612471,0.9999999999999996,2.7264107843471455,0.9999999999999996,2.7264107843471455,0.9999999999999996,0.03145249865467489,0.9999999999999996,0.30803120875593343
1680.0,31.923773383170673,233.8647768453212,65.68651653456429,450.77344860627454,6.615743745405897,1.2669288873485987,133.3945171876993,0.0,243.69816973955764,164.19400846624418,164.19400846624418,0.9364364504835055,12.068122496146904,56.090885007473894,9.894253645651242,2.3284695403086535,7.671532008974264,0.10574790363168392,105.28966425800303,0.9999999999999996,2.7265051902114736,0.9999999999999996,2.7265051902114736,0.9999999999999996,0.030322286357904498,0.9999999999999996,0.3005937816721574
1760.0,32.18152341061941,236.2850137498243,65.92255204582906,460.22010057574835,6.752790205521085,1.180363777815666,133.49768206676185,0.0,248.7736555479744,164.19758323220753,164.19758323220753,0.907508329298285,11.809547961643409,52.29755050574694,9.896401905611535,2.2919765021651046,7.708025047117814,0.10359964367139082,113.09876207300034,0.9999999999999996,2.7265645505867027,0.9999999999999996,2.7265645505867027,0.9999999999999996,0.02938557914843874,0.9999999999999996,0.29415318602893786
1840.0,32.4141492712573,238.46508614306165,66.13482714176887,468.81269939648234,6.877447019633703,1.102869384189978,133.35613332415932,0.0,253.39032041317589,164.1998308954998,164.1998308954998,0.8832237317029412,11.584541336784742,48.81091486156841,9.898281569148274,2.2597636048811434,7.740237944401775,0.10171998013465161,120.91743159785428,0.9999999999999996,2.7266018739073856,0.9999999999999996,2.7266018739073856,0.9999999999999996,0.028599231583697652,0.9999999999999996,0.28854870262324245
1920.0,32.624251299950764,240.43056045132138,66.3259451789003,476.62718862507984,6.990821705575231,1.0331622853581726,133.02094898173434,0.0,257.5891708018873,164.20124417271182,164.20124417271182,0.8626095426005534,11.387873645238294,45.609492249298924,9.899932761065712,2.2312431114617683,7.768758437821151,0.10006878821721371,128.75126286246422,0.9999999999999996,2.7266253419236053,0.9999999999999996,2.7266253419236053,0.9999999999999996,0.027931733704182327,0.9999999999999996,0.28365008768512306
2000.0,32.81413191318727,242.20394969148884,66.49818301165496,483.73307353563905,7.093926107875418,0.9702098665243839,132.5345112297765,0.0,261.40767412079265,164.20213278423327,164.20213278423327,0.8449439871755954,11.215281556646774,42.67238336505158,9.901388353257918,2.205925292916829,7.79407625636609,0.09861319602500908,136.60396147542744,0.9999999999999996,2.7266400976625507,0.9999999999999996,2.7266400976625507,0.9999999999999996,0.027359714075951887,0.9999999999999996,0.27935114983352394
2080.0,32.98583507510765,243.80514286553267,66.65353996778222,490.19387852612283,7.187683666074559,0.9131697692823444,131.9319343592627,0.0,264.8800251261941,164.20269152207732,164.20269152207732,0.829682670342116,11.06326662939352,39.97957429021181,9.902675532802384,2.183396998925695,7.816604550357225,0.09732601648054116,144.4768966267328,0.9999999999999996,2.726649375721147,0.9999999999999996,2.726649375721147,0.9999999999999996,0.02686554491051141,0.9999999999999996,0.27556474959866856
2160.0,33.141179897199635,245.25175938057325,66.79377817309143,496.06760439898085,7.272936526738665,0.861345816164106,131.24226450955797,0.0,268.0374092496326,164.2030429411721,164.2030429411721,0.8164080641364783,10.928937655369268,37.512105328622354,9.903816926946838,2.1633085355237385,7.836693013759182,0.09618462233608757,152.36884192928306,0.9999999999999996,2.7266552111715074,0.9999999999999996,2.7266552111715074,0.9999999999999996,0.026435706441015772,0.9999999999999996,0.27221887253262267
2240.0,33.28178857339892,246.55944613479411,66.92045534544789,501.4071588676862,7.350452133598572,0.8141557521959085,130.4894642996308,0.0,270.90824651068453,164.20326395238774,164.20326395238774,0.8047950398240336,10.809890481096865,35.25215412567997,9.904831532927165,2.145361847254144,7.854639702028775,0.09517001635576056,160.2757997443116,0.9999999999999996,2.7266588811484582,0.9999999999999996,2.7266588811484582,0.9999999999999996,0.026059670834433564,0.9999999999999996,0.26925363578404377
2320.0,33.4091105486182,247.7421296754147,67.03495248632393,506.26077267741135,7.420929534734539,0.7711071171263943,129.69324698084955,0.0,273.51842449218447,164.20340278363895,164.20340278363895,0.7945864186968902,10.704112161141783,33.1830633279553,9.905735405252118,2.129301522667231,7.870700026615688,0.09426614403080916,168.1909608929095,0.9999999999999996,2.7266611864952273,0.9999999999999996,2.7266611864952273,0.9999999999999996,0.025729110514000963,0.9999999999999996,0.26661890074349565
2400.0,33.5244431424095,248.8122357377954,67.13849699371617,510.67239329771735,7.485005300313417,0.731778531713782,128.8697804795244,0.0,275.89151775513625,164.20348989810904,164.20348989810904,0.7855754838375038,10.60990545406361,31.28933235980202,9.90654219151338,2.1149073571486507,7.885094192134269,0.09345935776954645,176.10489361818114,0.9999999999999996,2.726662633064789,0.9999999999999996,2.726662633064789,0.9999999999999996,0.025437331881272958,0.9999999999999996,0.2642723923824353
2480.0,33.62894966875793,249.78085605107393,67.23218241300104,514.6820700657972,7.543259174743146,0.6958076019159104,128.0322864426207,0.0,278.048995538489,164.2035448388503,164.2035448388503,0.7775933684062102,10.525828277074917,29.556581614596155,9.907263594955824,2.101989484629537,7.898012064653382,0.09273795432710519,184.00529987037078,0.9999999999999996,2.726663545377105,0.9999999999999996,2.726663545377105,0.9999999999999996,0.02517886694248874,0.9999999999999996,0.2621781911849069
2560.0,33.72367326725285,250.65792876181865,67.31698391017842,518.3262136889427,7.596218118685221,0.6628769901712998,127.19144957869202,0.0,280.0103740995527,164.20357936244955,164.20357936244955,0.7705019517755733,10.450655033227081,27.971517469008095,9.90790963364425,2.090381967487268,7.909619581795654,0.09209191563868076,191.87790716015556,0.9999999999999996,2.7266641186548606,0.9999999999999996,2.7266641186548606,0.9999999999999996,0.024949243281805356,0.9999999999999996,0.26030576988192466
2640.0,33.809552545637345,251.45235835235349,67.39377428855738,521.6380148341954,7.644362281478059,0.6327090293024841,126.35590742662205,0.0,281.79343515005075,164.20360105944084,164.20360105944084,0.7641856312886472,10.383331277313836,26.52185367803248,9.908488997138127,2.079940560378162,7.920060988904759,0.09151255214480228,199.70618653241016,0.9999999999999996,2.7266644789418155,0.9999999999999996,2.7266644789418155,0.9999999999999996,0.024744717626664546,0.9999999999999996,0.25862886426609283
2720.0,33.88743332108946,252.1721531180338,67.46333635944838,524.6477298735049,7.688129272304219,0.605057161558586,125.53258130508615,0.0,283.4143853690058,164.20361475040465,164.20361475040465,0.7585468957786518,10.32294570195211,25.196248065304438,9.909009231255055,2.0705386256297538,7.929462923653167,0.09099231802787618,207.4722675486111,0.9999999999999996,2.7266647062855793,0.9999999999999996,2.7266647062855793,0.9999999999999996,0.024562132516118832,0.9999999999999996,0.25712477541861667
2800.0,33.9580757617423,252.82449190313127,67.52637044078745,527.3828545507291,7.727916691106937,0.5797022621454537,124.72689887021843,0.0,284.88794968699256,164.20362338873213,164.20362338873213,0.7535034234566818,10.268711770338227,23.984269022535685,9.909476874881323,2.062065427695701,7.93793612158722,0.09052467440160936,215.15682621042293,0.9999999999999996,2.7266648497283574,0.9999999999999996,2.7266648497283574,0.9999999999999996,0.02439882232896627,0.9999999999999996,0.255773912216493
2880.0,34.022163708818624,253.41582863853202,67.58350480684403,529.868279010943,7.764084545312115,0.5564488518987315,123.94301230299833,0.0,286.22746137346945,164.20362878690122,164.20362878690122,0.7489853019045343,10.219949204614473,22.876360405694612,9.909897708815464,2.0544226765036844,7.945578872779237,0.09010384046746713,222.73927222614665,0.9999999999999996,2.7266649393670486,0.9999999999999996,2.7266649393670486,0.9999999999999996,0.02425252326571078,0.9999999999999996,0.25455933024323074
2960.0,34.08031542264137,253.95197076371616,67.63530492473829,532.1267535794752,7.796961755792634,0.535120369037022,123.18412138200725,0.0,287.44510128292933,164.20363217503683,164.20363217503683,0.7449317157623582,10.176058605719014,21.86371198969308,9.910276723105515,2.0475244589102286,7.9524770903726925,0.08972482617741827,230.19890198476975,0.9999999999999996,2.7266649956283544,0.9999999999999996,2.7266649956283544,0.9999999999999996,0.02412126609421128,0.9999999999999996,0.2534660996179985
3040.0,34.13308931244022,254.43817341946288,67.68227991512644,534.1789757262208,7.826847639901985,0.5155565172457741,122.45258205708602,0.0,288.5519556050496,164.20363431810566,164.20363431810566,0.7412900642770809,10.136514642816238,20.9382299365785,9.910618385958461,2.0412938567999537,7.9587076924829665,0.08938316332447156,237.51534111382574,0.9999999999999996,2.7266650312148437,0.9999999999999996,2.7266650312148437,0.9999999999999996,0.02400334757545301,0.9999999999999996,0.2524811353573984
3120.0,34.18098946961464,254.87914792857302,67.72488810700553,536.0437486508749,7.8540140676309615,0.4976121611748553,121.75002634040466,0.0,289.5580917664734,164.20363566877938,164.20363566877938,0.7380148325275113,10.10085707479355,20.092496797859148,9.910926535153703,2.0356636584900016,7.964337890792919,0.08907501412923002,244.66851061870065,0.9999999999999996,2.726665053643305,0.9999999999999996,2.726665053643305,0.9999999999999996,0.02389729391324489,0.9999999999999996,0.25159297373817435
3200.0,34.22447176821146,255.27919459479105,67.76354336207791,537.7381316276129,7.878707918430339,0.481155102135119,121.07749965911057,0.0,290.47265567964473,164.2036365100939,164.2036365100939,0.7350662426352075,10.068680057029631,19.319715110662496,9.911204805719018,2.03057165156187,7.969429897721051,0.08879674356391362,251.63923051388394,0.9999999999999996,2.7266650676136583,0.9999999999999996,2.7266650676136583,0.9999999999999996,0.023801817079744554,0.9999999999999996,0.2507915059493218
3280.0,34.26394749424986,255.6421061432333,67.79861726676377,539.2776922511695,7.901154164984489,0.4660645430737125,120.43557780289726,0.0,291.3039747208767,164.20363703283303,164.20363703283303,0.7324093484647876,10.039623970414016,18.613651787866626,9.911455974704127,2.025966856658783,7.974034692624138,0.08854557457880533,258.4096550418109,0.9999999999999996,2.7266650762939446,0.9999999999999996,2.7266650762939446,0.9999999999999996,0.023715785501396098,0.9999999999999996,0.2500677745686394
3360.0,34.299790341240985,255.9714355879448,67.83044776768214,540.676532428454,7.9215570805751225,0.4522295814127933,119.82445174023171,0.0,292.05962020778236,164.20363736238806,164.20363736238806,0.7300132907244681,10.01336935457418,17.968592938399343,9.911683127998497,2.0217978052024312,7.97820374408049,0.08831842128443475,264.96376324143296,0.9999999999999996,2.726665081766334,0.9999999999999996,2.726665081766334,0.9999999999999996,0.023638199938708394,0.9999999999999996,0.24941382245105304
3440.0,34.33233758557699,256.27027885663836,67.85933850177034,541.947518794815,7.940102691333102,0.43954869455300755,119.24398592896848,0.0,292.7464766442979,164.2036375697372,164.2036375697372,0.7278509600540561,9.989633109811182,17.379308500739807,9.911888404146522,2.0180239785186673,7.981977570764254,0.08811314513641168,271.287316756183,0.9999999999999996,2.7266650852094467,0.9999999999999996,2.7266650852094467,0.9999999999999996,0.023568182576873688,0.9999999999999996,0.248822598126119
3520.0,34.36189446687413,256.5415036637506,67.88556403432843,543.1023094778051,7.956959810925707,0.4279286027156709,118.69378747590486,0.0,293.3707988177236,164.20363769948318,164.20363769948318,0.7258982696971349,9.968162820684137,16.841011183857685,9.912074127516899,2.0146057164698035,7.985395832813118,0.08792742176603514,277.3682028325849,0.9999999999999996,2.7266650873639287,0.9999999999999996,2.7266650873639287,0.9999999999999996,0.023504953474524765,0.9999999999999996,0.24828781440940142
3600.0,34.38873799175705,256.787681452127,67.9093732051018,544.151516354915,7.972282071913365,0.4172834278718357,118.17326242262797,0.0,293.938275885733,164.2036377810258,164.2036377810258,0.7241338967556278,9.948733454177587,16.34931847547205,9.912242186235385,2.0115087567865246,7.988492792496397,0.08775936304754949,283.1966345400222,0.9999999999999996,2.7266650887179757,0.9999999999999996,2.7266650887179757,0.9999999999999996,0.023447822185426723,0.9999999999999996,0.24780386616015526
3680.0,34.41311929614714,257.01114754920826,67.93099119135356,545.1047979791529,7.986209351306501,0.40753400641589826,117.68165793419239,0.0,294.45408837628634,164.20363783241945,164.20363783241945,0.722538819844085,9.93114346596477,15.900213945599146,9.912394324001847,2.0087020089776195,7.991299540305302,0.08760722528108861,288.7652467806464,0.9999999999999996,2.7266650895713873,0.9999999999999996,2.7266650895713873,0.9999999999999996,0.023396172787488713,0.9999999999999996,0.24736573329581388
3760.0,34.43526544601656,257.2140108726843,67.95062133589671,545.9709092071054,7.998868478504431,0.3986076273926952,117.21809366685379,0.0,294.92293354216406,164.20363786472905,164.20363786472905,0.7210961442519587,9.915213055220612,15.490031956067648,9.912532093205655,2.0061576280372164,7.9938439212457055,0.08746945607728081,294.068867757451,0.9999999999999996,2.7266650901079004,0.9999999999999996,2.7266650901079004,0.9999999999999996,0.023349458221429874,0.9999999999999996,0.2469689373227281
3840.0,34.45538241689036,257.39818258873436,67.96844788280723,546.757810002711,8.010374803858312,0.3904372780689695,116.7815991672243,0.0,295.34908347172,164.2036378850089,164.2036378850089,0.719790770282698,9.900780926571684,15.115418329780459,9.912656887597782,2.003850542814009,7.996151006468912,0.0873446616851536,299.10463402676214,0.9999999999999996,2.7266650904446554,0.9999999999999996,2.7266650904446554,0.9999999999999996,0.02330718955143135,0.9999999999999996,0.24660946068255102
3920.0,34.47365722463494,257.5653965798024,67.98463792012754,547.4727446747293,8.020833339603413,0.38296107710898425,116.37113981923751,0.0,295.73642738712664,164.20363789779046,164.20363789779046,0.7186091691733495,9.887702073814866,14.773301594476541,9.91276996048313,2.0017581504817485,7.998243398801174,0.08723158879980258,303.8719775329028,0.9999999999999996,2.726665090656898,0.9999999999999996,2.726665090656898,0.9999999999999996,0.023268928709299475,0.9999999999999996,0.24628369154892146
4000.0,34.49025935923911,257.71722288003724,67.99934273072456,548.1222907130395,8.030339465222458,0.37612206723531905,115.98563522554205,0.0,296.08849775963415,164.20363790583676,164.20363790583676,0.7175392405550741,9.87584637323467,14.460875273005815,9.912872438046422,1.9998600949622103,8.00014145432071,0.08712911123651028,308.3723219913502,0.9999999999999996,2.72666509079051,0.9999999999999996,2.72666509079051,0.9999999999999996,0.02323428387896517,0.9999999999999996,0.24598838878969675
4080.0,34.50534251979934,257.8550840843595,68.0126993800965,548.7124227724581,8.038979849321278,0.3698677841315505,115.62397881297771,0.0,296.4085044423321,164.20363791087192,164.20363791087192,0.7165701373613427,9.865096837696218,14.175574439997435,9.91296533348223,1.9981380223204428,8.00186352696248,0.08703621580070357,312.6089477743048,0.9999999999999996,2.726665090874121,0.9999999999999996,2.726665090874121,0.9999999999999996,0.02320290382692265,0.9999999999999996,0.24572063847975797
4160.0,34.519046236290094,257.98027067657625,68.02483219353726,549.2485730726726,8.046833319796448,0.3641498669541079,115.28505388761215,0.0,296.69936690383656,164.20363791401795,164.20363791401795,0.7156921110267754,9.855348055048253,13.915053241063115,9.913049559868126,1.9965753586865198,8.003426190596402,0.08695198941480715,316.5868351179186,0.9999999999999996,2.7266650909263617,0.9999999999999996,2.7266650909263617,0.9999999999999996,0.023174472889689497,0.9999999999999996,0.2454778150046244
4240.0,34.531497157843,258.09395315049505,68.03585393276377,549.7356790510215,8.053971550970347,0.35892374867743587,114.96774482736178,0.0,296.9637396753738,164.20363791598464,164.20363791598464,0.7148963964838684,9.846505015203666,13.677166935318185,9.913125940424138,1.9951571331475773,8.004844416135343,0.08687560885879697,320.3124486774573,0.9999999999999996,2.72666509095902,0.9999999999999996,2.72666509095902,0.9999999999999996,0.023148707249942436,0.9999999999999996,0.2452575518452796
4320.0,34.542809856825635,258.19718960797417,68.04586653410702,550.1782126626716,8.060459486861813,0.35414852068827046,114.67094337078981,0.0,297.20402802742836,164.2036379171584,164.2036379171584,0.7141751420818994,9.838482393359017,13.459960677375955,9.9131952151866,1.9938698630648848,8.006131686218035,0.08680633409633444,323.7933710634521,0.9999999999999996,2.72666509097851,0.9999999999999996,2.72666509097851,0.9999999999999996,0.023125352667256006,0.9999999999999996,0.24505772372454424
4400.0,34.55308872306241,258.2909435424321,68.05496283190482,550.5802511057814,8.066356360635224,0.34978647717671485,114.39356416418954,0.0,297.4224257231544,164.2036379178572,164.2036379178572,0.7135212409417487,9.831202825951422,13.261642745467892,9.913258055598465,1.9927012999007099,8.007300249382212,0.08674349368446822,327.0382694251414,0.9999999999999996,2.7266650909901142,0.9999999999999996,2.7266650909901142,0.9999999999999996,0.023104179017286307,0.9999999999999996,0.24487640366446986
4480.0,34.56242859544785,258.37608952963086,68.06322710445323,550.945503420396,8.071716075284153,0.34580278753225785,114.13454754873945,0.0,297.6209291083779,164.2036379182934,164.2036379182934,0.7129282788293617,9.824596358135935,13.0805743933565,9.913315067201072,1.9916403741354654,8.008361175147456,0.08668648208185943,330.05675970177805,0.9999999999999996,2.7266650909973573,0.9999999999999996,2.7266650909973573,0.9999999999999996,0.023084978603887293,0.9999999999999996,0.24471184922405984
4560.0,34.570915550906044,258.4534210350608,68.07073580475262,551.2773384047572,8.07658760986263,0.3421654689377339,113.89286315240693,0.0,297.8013521826891,164.2036379185896,164.2036379185896,0.7123904758571682,9.818599832740382,12.915258595890243,9.913366797689012,1.990677063669548,8.009324485613375,0.08663475159392148,332.8590214143811,0.9999999999999996,2.726665091002276,0.9999999999999996,2.726665091002276,0.9999999999999996,0.023067564271373256,0.9999999999999996,0.24456248727930685
4640.0,34.57862783124207,258.5236588139521,68.07755839870333,551.5788197635377,8.081015525441096,0.3388451073878145,113.66751485479286,0.0,297.965345315244,164.2036379188323,164.2036379188323,0.7119026094241678,9.813156090211859,12.764326489884107,9.913413742827236,1.9898022842817038,8.01019926500122,0.08658780645569582,335.4556768756832,0.9999999999999996,2.726665091006306,0.9999999999999996,2.726665091006306,0.9999999999999996,0.023051766909279747,0.9999999999999996,0.24442689409539436
4720.0,34.58563621287762,258.5874543837531,68.08375769954243,551.8527200058356,8.08504016677423,0.3358147943844186,113.45753967413098,0.0,298.1144027159544,164.20363791900542,164.20363791900542,0.7114599920228258,9.808213721785442,12.626531489885002,9.913456349262365,1.9890078405195508,8.01099370876337,0.08654520002056558,337.85747850123687,0.9999999999999996,2.7266650910091808,0.9999999999999996,2.7266650910091808,0.9999999999999996,0.02303743473373964,0.9999999999999996,0.24430378917860324
4800.0,34.59200496909636,258.64539899954764,68.08939072244836,552.1015585030655,8.088698209598999,0.3330498034810364,113.26201325132958,0.0,298.24988271014985,164.20363791911112,164.20363791911112,0.7110583851258346,9.803726181076762,12.500734675002624,9.913495020779514,1.988286313807356,8.011715235475565,0.08650652850341606,340.0753042563456,0.9999999999999996,2.726665091010936,0.9999999999999996,2.726665091010936,0.9999999999999996,0.02302443049909287,0.9999999999999996,0.24419201314778644
4880.0,34.59779250140022,258.6980297231861,68.09450925607635,552.3276252717652,8.092023005249414,0.33052742366010135,113.08005117012745,0.0,298.3730205072327,164.2036379191628,164.2036379191628,0.7106939534170003,9.799651297055336,12.385895227876778,9.913530123451384,1.9876309725656447,8.012370576717275,0.08647142583154711,342.1200271914914,0.9999999999999996,2.7266650910117938,0.9999999999999996,2.7266650910117938,0.9999999999999996,0.02301263001585936,0.9999999999999996,0.2440905156034694
4960.0,34.60305190996762,258.7458344684165,68.09916037582451,552.5330028041773,8.095044894800436,0.32822682325676195,112.91081007748723,0.0,298.48493982040696,164.20363791918282,164.20363791918282,0.710363221856159,9.79595081897968,12.281061723986339,9.913561988851587,1.9870357121656002,8.012965837117319,0.08643956043134475,344.00238517118544,0.9999999999999996,2.7266650910121264,0.9999999999999996,2.7266650910121264,0.9999999999999996,0.023001920760479303,0.9999999999999996,0.24399834379305632
5040.0,34.607831480452944,258.78925642288584,68.10338687959951,552.7195848895102,8.097791480817339,0.32612890599687333,112.75348710806144,0.0,298.5866629225261,164.20363791918112,164.20363791918112,0.7100630446567138,9.792590076199442,12.185364423638196,9.913590917014826,1.9864949997544863,8.013506549528433,0.0864106322681055,345.73288363817227,0.9999999999999996,2.7266650910120984,0.9999999999999996,2.7266650910120984,0.9999999999999996,0.022992200870790052,0.9999999999999996,0.24391463413715403
5120.0,34.612175024288426,258.82869825180074,68.10722757969329,552.8890910732225,8.100287839366262,0.3242160975219529,112.60731939422027,0.0,298.67911857081737,164.2036379191784,164.2036379191784,0.7097905742008513,9.789537653126725,12.09800931351136,9.913617181432265,1.9860037983824033,8.013997750900517,0.08638436785066518,347.3218025104245,0.9999999999999996,2.726665091012053,0.9999999999999996,2.726665091012053,0.9999999999999996,0.022983378139485155,0.9999999999999996,0.24383860413373107
5200.0,34.61612245425375,258.8645266289492,68.1107178275247,553.0430879623502,8.102556825355434,0.32247226532862694,112.47158453793573,0.0,298.7631532562418,164.20363791919024,164.20363791919024,0.7095432233822975,9.786764982295189,12.018269532166768,9.913641030783777,1.9855575243737205,8.014444024909201,0.08636051849915305,348.7790939891141,0.9999999999999996,2.72666509101225,0.9999999999999996,2.72666509101225,0.9999999999999996,0.022975368794753665,0.9999999999999996,0.2437695422220004
5280.0,34.61970996589805,258.8970710296801,68.11388970256148,553.1829934815205,8.104619126588657,0.32088295762461133,112.34559750958648,0.0,298.83953299560466,164.20363791921145,164.20363791921145,0.7093186646404994,9.784246319704895,11.945483316493833,9.913662682110587,1.9851521257450677,8.014849423537854,0.08633886717234403,350.1139429193846,0.9999999999999996,2.726665091012602,0.9999999999999996,2.726665091012602,0.9999999999999996,0.022968097469006514,0.9999999999999996,0.24370680716830714
5360.0,34.622970471740885,258.9266335465683,68.11677234580849,553.3100993052066,8.106493604133703,0.3194346662503466,112.22871161541333,0.0,298.90895637104546,164.2036379192308,164.2036379192308,0.7091147804775175,9.781958229804497,11.879044845001888,9.913682340062312,1.9847838293782782,8.015217719904644,0.08631920922061823,351.3354168249782,0.9999999999999996,2.726665091012923,0.9999999999999996,2.726665091012923,0.9999999999999996,0.022961495596588385,0.9999999999999996,0.24364981523802254
5440.0,34.62593353729671,258.9534924173373,68.11939186138073,553.4255725123996,8.108197328832382,0.318114375712106,112.12031531030468,0.0,298.9720562041407,164.20363791924268,164.20363791924268,0.7089296593092103,9.779879541859376,11.818403043608305,9.913700208209004,1.9844490071474867,8.015552542135433,0.08630134107392588,352.45284045815566,0.9999999999999996,2.7266650910131207,0.9999999999999996,2.7266650910131207,0.9999999999999996,0.02295550127943699,0.9999999999999996,0.24359803910875805
5520.0,34.62862642562799,258.9778907539473,68.1217724229354,553.5304787494382,8.109745854768946,0.31691131432209474,112.01983374729832,0.0,299.02940801693745,164.2036379192473,164.2036379192473,0.7087615695838917,9.777991040465883,11.763053337820423,9.913716433310775,1.9841447939688346,8.015856755314086,0.0862851159721552,353.4737596444609,0.9999999999999996,2.726665091013197,0.9999999999999996,2.726665091013197,0.9999999999999996,0.022950058449032112,0.9999999999999996,0.24355100016166875
5600.0,34.63107410125316,259.0000489630203,68.12393622591561,553.6257870089362,8.11115332580715,0.31581620627668633,111.9267269596503,0.0,299.08153510410347,164.20363791925135,164.20363791925135,0.7086089372340992,9.776275256875357,11.712534168124236,9.913731149106098,1.9838686127721414,8.01613293651078,0.08627040017683141,354.40463388250373,0.9999999999999996,2.726665091013264,0.9999999999999996,2.726665091013264,0.9999999999999996,0.022945116136272394,0.9999999999999996,0.24350826328373504
5680.0,34.63329849655793,259.020179817855,68.12590253773102,553.7123719377101,8.112432573761037,0.31481828348266777,111.84048548294302,0.0,299.12891348055507,164.20363791925448,164.20363791925448,0.7084703341974592,9.77471634304955,11.66642612644452,9.913744520561647,1.9836175542311325,8.016383995051788,0.08625702872128498,355.25409847773466,0.9999999999999996,2.7266650910133166,0.9999999999999996,2.7266650910133166,0.9999999999999996,0.0229406280997752,0.9999999999999996,0.2434694337307246
5760.0,34.6353200890805,259.0384673655704,68.12768951960506,553.7910320636812,8.113595271349292,0.3139093308146117,111.76063286930746,0.0,299.1719754187652,164.20363791925647,164.20363791925647,0.7083444670418367,9.773299919495402,11.6243448824858,9.913756667410176,1.9833894096902858,8.016612139592635,0.08624488187275448,356.0283874941932,0.9999999999999996,2.7266650910133494,0.9999999999999996,2.7266650910133494,0.9999999999999996,0.022936552457553168,0.9999999999999996,0.24343415333704888
5840.0,34.63715728225514,259.0550788874116,68.12931346741439,553.8624876987732,8.114651964734895,0.3130815978481989,111.68672417847769,0.0,299.2111113411761,164.20363791925766,164.20363791925766,0.708230169756118,9.77201301675531,11.585941899492674,9.913767698769208,1.9831821069608844,8.016819442322035,0.08623385051372368,356.73359579770073,0.9999999999999996,2.7266650910133694,0.9999999999999996,2.7266650910133694,0.9999999999999996,0.022932851453576118,0.9999999999999996,0.24340209905839766
5920.0,34.63882692239098,259.07016829553714,68.13078927736319,553.9273998366435,8.115612334720447,0.3123278838590752,111.61833974649387,0.0,299.2466798097641,164.2036379192584,164.2036379192584,0.7081263734529268,9.7708437380809,11.550895866460035,9.913777717492456,1.982993738826826,8.017007810456093,0.08622383179047502,357.3755194936644,0.9999999999999996,2.7266650910133814,0.9999999999999996,2.7266650910133814,0.9999999999999996,0.022929490476729663,0.9999999999999996,0.24337297456958995
6000.0,34.640344358396796,259.083875731624,68.13213052403975,553.9863702372154,8.116485199059358,0.3116415999307816,111.55508625756562,0.0,299.279007401416,164.20363791925885,164.20363791925885,0.7080321062910487,9.769781259612397,11.518912814750715,9.913786817132006,1.9828225651733635,8.017178984109554,0.08621473215092465,357.9595480267814,0.9999999999999996,2.726665091013389,0.9999999999999996,2.726665091013389,0.9999999999999996,0.022926438058303255,0.9999999999999996,0.24334651026904158
6080.0,34.64172352198982,259.0963282809004,68.1333495299238,554.0399447239338,8.117278559460908,0.31101674284165676,111.4965963213795,0.0,299.30839046861615,164.20363791925917,164.20363791925917,0.707946487887498,9.768815769299295,11.48972473553302,9.913795082473408,1.98266700830533,8.01733454097759,0.08620646680952257,358.49065649222644,0.9999999999999996,2.7266650910133943,0.9999999999999996,2.7266650910133943,0.9999999999999996,0.022923665691050112,0.9999999999999996,0.24332246175739644
6160.0,34.64297707761004,259.1076414208559,68.13445749549791,554.0886193520307,8.117999691377785,0.3104478346416646,111.4425265523171,0.0,299.3350984663169,164.20363791925936,164.20363791925936,0.7078687190205467,9.767938353790798,11.463086835324624,9.913802590516571,1.9825256345170479,8.017475914765871,0.08619895876635912,358.97343810096146,0.9999999999999996,2.7266650910133974,0.9999999999999996,2.7266650910133974,0.9999999999999996,0.022921147495766053,0.9999999999999996,0.24330060702018433
6240.0,34.64411677556874,259.11792225001676,68.13546481189252,554.1328543056192,8.118655346405584,0.30992976630041846,111.39255179890321,0.0,299.35938144766965,164.20363791925953,164.20363791925953,0.7077980588800464,9.767140747117752,11.438771190381509,9.913809412617802,1.9823971144848191,8.0176044347981,0.08619213666512918,359.412240807258,0.9999999999999996,2.7266650910134,0.9999999999999996,2.7266650910134,0.9999999999999996,0.022918859484643426,0.9999999999999996,0.2432807401679698
6320.0,34.64515268555026,259.12726245169927,68.1363803832275,554.1730436909431,8.119251311597802,0.30945812418987917,111.34637942403646,0.0,299.3814537425064,164.20363791925962,164.20363791925962,0.7077338743393079,9.766415876125773,11.416580788391524,9.913815609790435,1.9822803103136548,8.017721238969264,0.08618593949249637,359.81081354876915,0.9999999999999996,2.726665091013402,0.9999999999999996,2.726665091013402,0.9999999999999996,0.0229167811567195,0.9999999999999996,0.24326268502204526
6400.0,34.64609421504461,259.1357477282507,68.13721252589427,554.2095558203215,8.119792996648588,0.30902879245422626,111.30373252167705,0.0,299.4015157068996,164.20363791925968,164.20363791925968,0.7076755736253393,9.765757128346715,11.396331050061312,9.913821239101775,1.9821741573850271,8.017827391897892,0.08618031018115437,360.1726934171142,0.9999999999999996,2.726665091013403,0.9999999999999996,2.726665091013403,0.9999999999999996,0.022914893350085196,0.9999999999999996,0.24324627687851355
6480.0,34.646949845801124,259.14345529139723,68.1379687393027,554.2427224457183,8.120285276884623,0.3086380731734873,111.26435445840093,0.0,299.4197479054027,164.20363791925968,164.20363791925968,0.7076226240434546,9.765158547640665,11.377854756771661,9.913826352000997,1.9820776956315402,8.017923853651379,0.0861751972819328,360.50106623060265,0.9999999999999996,2.726665091013403,0.9999999999999996,2.726665091013403,0.9999999999999996,0.022913178815816896,0.9999999999999996,0.2432313673813548
6560.0,34.6477273640315,259.1504559938961,68.13865590805467,554.2728479817575,8.120732627582269,0.30828257216372384,111.22800506858341,0.0,299.4363160861392,164.20363791925968,164.20363791925968,0.7075745368856756,9.764614667483473,11.360997856448435,9.913830995707299,1.9819900436323346,8.018011505650584,0.08617055357563214,360.79887451280257,0.9999999999999996,2.726665091013403,0.9999999999999996,2.726665091013403,0.9999999999999996,0.022911621729302847,0.9999999999999996,0.24321782036993864
6640.0,34.64843399928104,259.1568154969797,68.13928042676898,554.3002148031525,8.121139200777648,0.30795909369458224,111.19445835971814,0.0,299.45137402207547,164.2036379192597,164.2036379192597,0.7075308590589806,9.76412041790429,11.3456170948839,9.913835213863338,1.9819103863062437,8.018091162976676,0.0861663354195932,361.0689232317166,0.9999999999999996,2.726665091013403,0.9999999999999996,2.726665091013403,0.9999999999999996,0.022910207419161614,0.9999999999999996,0.24320550956101672
6720.0,34.64907624263551,259.1625927343742,68.13984803362958,554.3250766297477,8.121508729143688,0.30766470651475486,111.16350516820185,0.0,299.46505995512234,164.20363791925973,164.20363791925973,0.7074911840034855,9.763671245924067,11.331583033452887,9.913839045507967,1.9818379933992116,8.018163555883707,0.08616250377496468,361.3138030275524,0.9999999999999996,2.7266650910134036,0.9999999999999996,2.7266650910134036,0.9999999999999996,0.022908922720778328,0.9999999999999996,0.24319432154861464
6800.0,34.64965998321854,259.167841156507,68.14036393350405,554.347663660764,8.12184460091049,0.30739672978245225,111.13495112000925,0.0,299.4774993708257,164.20363791925976,164.20363791925976,0.7074551431571549,9.763263021505248,11.318777657884077,9.91384252600714,1.9817722028215026,8.018229346461416,0.08615902327578959,361.53589271642727,0.9999999999999996,2.726665091013404,0.9999999999999996,2.726665091013404,0.9999999999999996,0.02290775569992768,0.9999999999999996,0.24318415346141936
6880.0,34.65019054083794,259.1726092101648,68.1408328240523,554.3681840968552,8.122149882722695,0.3071528094792418,111.108616054255,0.0,299.4888058510595,164.20363791925976,164.20363791925976,0.7074224033540514,9.762892008981343,11.307093560756911,9.913845687616291,1.9817124108337716,8.018289138449147,0.08615586166663938,361.7372611457882,0.9999999999999996,2.726665091013404,0.9999999999999996,2.726665091013404,0.9999999999999996,0.02290669556852795,0.9999999999999996,0.24317491225114465
6960.0,34.65067277140303,259.1769410641891,68.14125899855941,554.386827359384,8.12242736611045,0.30693088288062265,111.08433267101738,0.0,299.4990827875275,164.20363791925976,164.20363791925976,0.7073926613774622,9.762554807166302,11.296432473004113,9.913848559934276,1.9816580643652537,8.018343484917665,0.08615298934865498,361.9196987558349,0.9999999999999996,2.726665091013404,0.9999999999999996,2.726665091013404,0.9999999999999996,0.022905732508268474,0.9999999999999996,0.2431665132007702
7040.0,34.651111060496355,259.18087652958314,68.14164633567911,554.4037643232681,8.122679570451812,0.3067290621488375,111.06194624105407,0.0,299.5084234898833,164.20363791925976,164.20363791925976,0.7073656438283293,9.762248347440794,11.286705285549841,9.91385116957443,1.981608665676469,8.01839288360645,0.08615037970850023,362.08484929009524,0.9999999999999996,2.726665091013404,0.9999999999999996,2.726665091013404,0.9999999999999996,0.022904857666349338,0.9999999999999996,0.24315887987687498
7120.0,34.6515094647717,259.1844520933154,68.14199842826756,554.4191525721166,8.122908818591972,0.3065454352736359,111.04131213116584,0.0,299.5169139767781,164.20363791925973,164.20363791925973,0.7073410986344031,9.761969799681317,11.277829804017173,9.913853540481712,1.9815637653953968,8.018437783887522,0.08614800880121769,362.2344336396511,0.9999999999999996,2.7266650910134036,0.9999999999999996,2.7266650910134036,0.9999999999999996,0.022904062880543467,0.9999999999999996,0.24315194178651137
7200.0,34.65187157179513,259.18770027740953,68.14231844648873,554.4331320332523,8.123117175436441,0.30637838145669244,111.02229774785698,0.0,299.52463072484204,164.20363791925973,164.20363791925973,0.7073188020931802,9.761716650198201,11.269732388179543,9.913855694237046,1.9815229586540921,8.018478590628828,0.08614585504588404,362.3698813865244,0.9999999999999996,2.7266650910134036,0.9999999999999996,2.7266650910134036,0.9999999999999996,0.02290334090725056,0.9999999999999996,0.2431456363184916
7280.0,164.2412954396498,46.617982644722794,142.2133891890389,14.07830924920985,222.62231001670065,0.4992676080282547,103.31051364363849,648.898587595435,1.1324182050968704E-7,164.20363791925973,164.20363791925973,8.027672252482132,6.325676278991958,16.8276415711023,7.450418938983151,0.08936403756764552,9.910637511715267,2.5495826102997827,206.92412642518542,0.9999999999999996,2.7266650910134036,0.9999999999999996,2.7266650910134036,0.9999999999999996,0.25994009171843424,0.9999999999999996,0.15756046186497938
7360.0,164.29055838448548,46.6128067219907,142.23424856064247,14.07430267966302,222.75668404432983,1.1023604846636679,84.53862701886477,648.7131005599309,1.1515692664804426E-13,164.20363791925973,164.20363791925973,12.819329081354022,4.140725864794841,30.474169882752943,7.449877407541598,0.0893106088458887,9.910690940437016,2.5501241417413367,76.68873131338489,0.9999999999999996,2.7266650910134036,0.9999999999999996,2.7266650910134036,0.9999999999999996,0.4150963657174259,0.9999999999999996,0.10313753833405274
7440.0,164.33530307896305,46.60810282602102,142.25319210620358,14.070661882020717,222.87876868839683,2.4045497817845383,60.56376327020017,648.5445472013121,-1.3638726157492835E-15,164.20363791925973,164.20363791925973,15.833716876812495,2.7668158751244127,47.79995050108967,7.449385114310642,0.08926212189366457,9.910739427389242,2.5506164349722917,25.18715300843251,0.9999999999999996,2.7266650910134036,0.9999999999999996,2.7266650910134036,0.9999999999999996,0.512703768633524,0.9999999999999996,0.06891607599771607
7520.0,164.37594481701487,46.60382794828788,142.27039639114358,14.067353462741359,222.98968737755715,5.516450633645991,35.88391940731783,648.3913815415464,-1.762581848235162E-16,164.20363791925973,164.20363791925973,17.730479845865453,1.9028672059561536,65.18619023744336,7.4489375987598985,0.08921811521981607,9.91078343406309,2.5510639505230346,6.504892691045629,0.9999999999999996,2.7266650910134036,0.9999999999999996,2.7266650910134036,0.9999999999999996,0.5741219138488207,0.9999999999999996,0.0473967719204803
7600.0,164.41286053355623,46.599942993275285,142.28602158378237,14.064347077176791,223.09046087640883,14.28533629489674,16.36693820699339,648.2521987526056,7.449322747742818E-17,164.20363791925973,164.20363791925973,18.924391469945853,1.359571344595728,77.28916707731878,7.44853080158722,0.08917817122576474,9.910823378057142,2.551470747695714,1.1457159893981825,0.9999999999999996,2.7266650910134036,0.9999999999999996,2.7266650910134036,0.9999999999999996,0.6127813766801795,0.9999999999999996,0.03386431419266851
7680.0,164.4463924111247,46.59641242241246,142.30021301811738,14.061615151169748,223.182016718384,32.80482387271064,7.2775870742307065,648.125722268486,-1.1071056004518786E-21,164.20363791925973,164.20363791925973,19.676257817870194,1.0178973390267316,79.14759580495382,7.448161029125484,0.08914191186921851,9.910859637413688,2.5518405201574486,0.2218450281113905,0.9999999999999996,2.7266650910134036,0.9999999999999996,2.7266650910134036,0.9999999999999996,0.6371271896746037,0.9999999999999996,0.02535387013098038
7760.0,164.47685110571317,46.59320393145122,142.31310258255996,14.059132628073009,223.26519770626754,55.883018261521116,4.070111108729298,648.0107920731905,-1.3840576419938167E-24,164.20363791925973,164.20363791925973,20.15007496100902,0.8030022013111073,75.47436939254874,7.447824920818998,0.08910899480677731,9.910892554476124,2.552176628463934,0.07283270008219687,0.9999999999999996,2.7266650910134036,0.9999999999999996,2.7266650910134036,0.9999999999999996,0.6524696286496366,0.9999999999999996,0.020001244473632045
7840.0,164.50451866891706,46.59028815697991,142.32480997588223,14.056876738907794,223.3407696390675,79.13201818012091,2.6808845397803234,647.9063540600966,-4.2018992205114974E-30,164.20363791925973,164.20363791925973,20.448967089304315,0.667826931579466,70.41668999149913,7.447519419525946,0.08907910993229395,9.910922439350605,2.552482129756983,0.033878632207737625,0.9999999999999996,2.7266650910134036,0.9999999999999996,2.7266650910134036,0.9999999999999996,0.6621479070844563,0.9999999999999996,0.01663428780492395
7920.0,164.52965119708063,46.58763840932235,142.33544384413102,14.054826793433003,223.4094283390883,101.25162963941668,1.9391072159016305,647.811450359305,3.165777900299412E-33,164.20363791925973,164.20363791925973,20.637784334303728,0.5827817606868394,65.17836332665061,7.4472417443983385,0.08905197626560579,9.910949573017291,2.552759804884591,0.019151367961259432,0.9999999999999996,2.7266650910134036,0.9999999999999996,2.7266650910134036,0.9999999999999996,0.6682619050703598,0.9999999999999996,0.014515975736105326
8000.0,164.55248123238806,46.58523042959065,142.34510280968954,14.052963990308626,223.47180603918076,121.86937457358651,1.4859645813283855,647.7252105490098,-4.1117100366509693E-35,164.20363791925973,164.20363791925973,20.757310386673307,0.5292611256813232,60.121200336185,7.446989366138274,0.08902733915466757,9.91097421012823,2.553012183144657,0.01219309269886454,0.9999999999999996,2.7266650910134036,0.9999999999999996,2.7266650910134036,0.9999999999999996,0.6721322191587413,0.9999999999999996,0.013182879384212984
8080.0,164.57321993736207,46.58304216896128,142.35387640209143,14.051271244788898,223.52847718202707,140.90035415081988,1.1836341208424035,647.6468436784197,-8.422730708492301E-36,164.20363791925973,164.20363791925973,20.83319498561662,0.4955664895533018,55.36877482175088,7.446759984455519,0.08900496775968882,9.910996581523207,2.5532415648274114,0.008400504938230604,0.9999999999999996,2.7266650910134036,0.9999999999999996,2.7266650910134036,0.9999999999999996,0.6745894008907486,0.9999999999999996,0.01234361063308595
8160.0,164.59205907021354,46.58105358756132,142.36184590262036,14.049733031863841,223.57996370092053,158.37082988229915,0.9692119272472705,647.5756310058745,5.116766817656078E-37,164.20363791925973,164.20363791925973,20.88157283392797,0.4743416474010697,50.960376668202585,7.4465515074748225,0.08898465278290797,9.911016896499984,2.553450041808105,0.006119889173830728,0.9999999999999996,2.7266650910134036,0.9999999999999996,2.7266650910134036,0.9999999999999996,0.6761559001114043,0.9999999999999996,0.011814940529681624
8240.0,164.60917278036365,46.579246471153986,142.36908511121982,14.04833524340003,223.6267398302733,174.35518040187065,0.8102217383414358,647.5109193850648,3.94764993112053E-40,164.20363791925973,164.20363791925973,20.912594843343474,0.46096095070505483,46.90031848902547,7.446362032921714,0.08896620441764656,9.91103534486525,2.553639516361216,0.004646961085262615,0.9999999999999996,2.7266650910134036,0.9999999999999996,2.7266650910134036,0.9999999999999996,0.677160408481843,0.9999999999999996,0.011481653042539574
8320.0,164.62471920120245,46.577604268221194,142.37566102630572,14.047065061248112,223.66923637934642,188.94835938045924,0.6883018794972062,647.4521153904474,1.1431336043071345E-43,164.20363791925973,164.20363791925973,20.93264813087104,0.45251604823647773,43.17716190931518,7.44618983137466,0.08894945053682053,9.911052098746076,2.553811717908269,0.003642804212505851,0.9999999999999996,2.7266650910134036,0.9999999999999996,2.7266650910134036,0.9999999999999996,0.6778097440843971,0.9999999999999996,0.01127130672150309
8400.0,164.63884198790282,46.57611193206809,142.38163450023305,14.045910834392487,223.7078448701981,202.25243552445392,0.5923279554504922,647.3986796297977,8.84243495116956E-43,164.20363791925973,164.20363791925973,20.945756493255022,0.4471766992746773,39.7723009306433,7.44603332998397,0.08893423495770347,9.91106731432519,2.5539682192989583,0.0029286567250206242,0.9999999999999996,2.7266650910134036,0.9999999999999996,2.7266650910134036,0.9999999999999996,0.6782341994947828,0.9999999999999996,0.011138313781084451
8480.0,164.6516715849085,46.57475579068809,142.3870607795225,14.044861977702443,223.7429209485437,214.3695594271969,0.5151850719778476,647.3501220568174,7.860332786371069E-43,164.20363791925973,164.20363791925973,20.95445182013336,0.44379306752823194,36.66417479758397,7.445891099052329,0.08892041601230573,9.91108113327059,2.554110450230598,0.0024032566627203997,0.9999999999999996,2.7266650910134036,0.9999999999999996,2.7266650910134036,0.9999999999999996,0.6785157585813011,0.9999999999999996,0.011054034004940755
8560.0,164.66332647576698,46.57352341797974,142.39199003688142,14.043908871834553,223.77478775601702,225.39829793505467,0.4521186733889102,647.3059973370359,3.1712419171197926E-44,164.20363791925973,164.20363791925973,20.9603307951699,0.44164166632267526,33.83043751112705,7.445761838716705,0.08890786514817561,9.911093684134723,2.5542397105662196,0.002005865516869084,0.9999999999999996,2.7266650910134036,0.9999999999999996,2.7266650910134036,0.9999999999999996,0.6787061227693428,0.9999999999999996,0.011000446727841206
8640.0,164.6739142807259,46.57240352051303,142.3964678382126,14.043042775251429,223.8037388943769,235.43177760308706,0.3998344438607886,647.2659007746587,5.5819232242033963E-45,164.20363791925973,164.20363791925973,20.96440174551678,0.4402670850677797,31.249103277245663,7.445644367226959,0.08889646570285904,9.91110508358004,2.5543571820559663,0.0016983027861891566,0.9999999999999996,2.7266650910134036,0.9999999999999996,2.7266650910134036,0.9999999999999996,0.6788379422025818,0.9999999999999996,0.010966208545575767
8720.0,164.6835327439045,46.57138583553765,142.40053556242177,14.042255745006976,223.8300410943738,244.55685153470358,0.35598067081420415,647.2294646452575,-1.0848695729754446E-46,164.20363791925973,164.20363791925973,20.96730165948578,0.4393829733926204,28.899143291266878,7.445537610376014,0.08888611180510686,9.91111543747779,2.554463938906911,0.0014556152018651953,0.9999999999999996,2.7266650910134036,0.9999999999999996,2.7266650910134036,0.9999999999999996,0.6789318428850423,0.9999999999999996,0.010944187019697032
8800.0,164.69227065126074,46.57046103596486,142.40423079154203,14.04154056298526,223.8539367008541,252.8538588840013,0.3188343623540726,647.1963547809439,-1.2702364962049994E-46,164.20363791925973,164.20363791925973,20.969434143038068,0.43880911027040886,26.760777942039432,7.445440591638555,0.0888767073570779,9.91112484192582,2.5545609576443713,0.0012609432332228725,0.9999999999999996,2.7266650910134036,0.9999999999999996,2.7266650910134036,0.9999999999999996,0.6790008937820813,0.9999999999999996,0.010929893190137145
8880.0,164.70020864821515,46.56962064564034,142.40758765807493,14.040890670148023,223.87564588801996,260.396703347007,0.28710526861276964,647.1662675263117,-1.3369397892638152E-47,164.20363791925973,164.20363791925973,20.97105589146239,0.4384319693489818,24.81559916358257,7.445352423370132,0.08886816512992363,9.911133384152976,2.5546491259127952,0.0011025687534537275,0.9999999999999996,2.7266650910134036,0.9999999999999996,2.7266650910134036,0.9999999999999996,0.6790534068171061,0.9999999999999996,0.010920499333235936
8960.0,164.70741998880086,46.56885696160318,142.41063716309245,14.040300106226015,223.89536869114963,267.25312089818334,0.259807999602981,647.1389269464001,-6.808022275153158E-48,164.20363791925973,164.20363791925973,20.972330873386298,0.4381800192566665,23.04659343123884,7.44527229872353,0.08886040593746858,9.91114114334543,2.5547292505593986,9.721420604175518E-4,0.9999999999999996,2.7266650910134036,0.9999999999999996,2.7266650910134036,0.9999999999999996,0.6790946913772895,0.9999999999999996,0.01091422373974027
9040.0,34.8564348925964,258.77974381410826,68.37598998474174,552.680766360017,8.16414904813846,271.34427778637684,0.2444523570815223,0.012582683148350078,300.98811361054817,164.20363791925973,164.20363791925973,16.843788670094586,2.2715004255481306,21.96164362812836,9.91358488039487,1.973563019193253,8.026438530089635,0.08641666888806757,9.008937246650695E-4,0.9999999999999996,2.7266650910134036,0.9999999999999996,2.7266650910134036,0.9999999999999996,0.5454104046707349,0.9999999999999996,0.05657871828889959
9120.0,34.71907146878412,258.82283166126683,68.20168069540586,552.8638758906833,8.161822956123507,262.42106532525366,0.27964180640579844,5.043079751085373E-12,300.9581464223582,164.20363791925973,164.20363791925973,10.854101876083279,5.0375878671124665,24.222346191765535,9.913613276201922,1.9739720679390704,8.02602948134381,0.08638827308102617,0.0010656225560977768,0.9999999999999996,2.7266650910134036,0.9999999999999996,2.7266650910134036,0.9999999999999996,0.35146131387189394,0.9999999999999996,0.1254766504039537
9200.0,34.71328164211362,258.85919843483885,68.19656771420794,553.0201858083924,8.158485855831689,244.73373975382415,0.35624883840416594,-3.8359112320644445E-14,300.83455332410887,164.20363791925973,164.20363791925973,7.087927072541179,6.778003528366322,28.75506767124592,9.913637484036354,1.9746208135041152,8.025380735778764,0.08636406524659668,0.0014556588673164312,0.9999999999999996,2.7266650910134036,0.9999999999999996,2.7266650910134036,0.9999999999999996,0.22951066702558157,0.9999999999999996,0.1688270659689911
9280.0,34.70801968880003,258.89223281283887,68.19192104128796,553.1621916305467,8.155452801010924,222.65458017947608,0.46859014974141555,7.883919050968342E-16,300.7222203771672,164.20363791925973,164.20363791925973,4.719815262944308,7.8734449934409785,34.418216161122864,9.913659464825548,1.9752108222609936,8.024790727021887,0.08634208445740123,0.0021045610171760093,0.9999999999999996,2.7266650910134036,0.9999999999999996,2.7266650910134036,0.9999999999999996,0.15283000772290684,0.9999999999999996,0.19611241153060707
9360.0,34.703236474180194,258.9222404824259,68.18769685199354,553.2912021714192,8.15269609798757,198.83544421455588,0.6173604058396124,4.334948175506578E-16,300.6201224657815,164.20363791925973,164.20363791925973,3.230780815660722,8.563238896119355,40.516056473627806,9.913679424403831,1.9757473796394043,8.024254169643479,0.08632212487911814,0.0031048810652362455,0.9999999999999996,2.7266650910134036,0.9999999999999996,2.7266650910134036,0.9999999999999996,0.10461431846390332,0.9999999999999996,0.21329385444740634
9440.0,34.69888849340407,258.94949903247476,68.18385680082233,553.4084065224761,8.150190564958077,174.85630803395742,0.8075116162326422,8.76656313380836E-17,300.52732695033677,164.20363791925973,164.20363791925973,2.294472274403146,8.997888877034962,46.630457716046976,9.913697549415115,1.976235303186908,8.023766246095978,0.08630399986783417,0.004618144036735706,0.9999999999999996,2.7266650910134036,0.9999999999999996,2.7266650910134036,0.9999999999999996,0.07429617387149122,0.9999999999999996,0.2241201517035759
9520.0,34.69493618791591,258.9742605453071,68.18036601312741,553.5148849940491,8.14791331517458,151.63283723920856,1.0481484036165163,2.125281665053453E-16,300.4429861906543,164.20363791925973,164.20363791925973,1.7057027647826088,9.272029187546176,52.51424911205345,9.913714009130329,1.9766789805610288,8.023322568721857,0.08628754015261988,0.006912410416505025,0.9999999999999996,2.7266650910134036,0.9999999999999996,2.7266650910134036,0.9999999999999996,0.0552315190726535,0.9999999999999996,0.23094846096805804
9600.0,34.69134358687593,258.996753949095,68.17719277021861,553.6116190640439,8.145843547693936,129.67335458813506,1.3536236610311903,7.152763814995425E-17,300.3663297972033,164.20363791925973,164.20363791925973,1.3354582516976365,9.445169805313949,58.02312157449893,9.913728957088855,1.9770824071382465,8.02291914214464,0.08627259219409412,0.010438718619800749,0.9999999999999996,2.7266650910134036,0.9999999999999996,2.7266650910134036,0.9999999999999996,0.04324281429465298,0.9999999999999996,0.23526106162922014
9680.0,34.688077988867065,259.0171871160344,68.17430823064956,553.6995002638677,8.143962360473978,109.24141387875001,1.7459405831612538,1.8750961255944906E-18,300.2966577087552,164.20363791925973,164.20363791925973,1.1026171408207615,9.554736223072048,63.07128013146549,9.913742532556792,1.9774492198330593,8.02255232944983,0.08625901672615818,0.015982405583830326,0.9999999999999996,2.7266650910134036,0.9999999999999996,2.7266650910134036,0.9999999999999996,0.035703301243600986,0.9999999999999996,0.23799015091951314
9760.0,34.68510964462688,259.0357489379008,68.17168615193675,553.7793389914422,8.142252564745768,90.46001094937574,2.2591180598063874,-3.3740058196462987E-21,300.2333333174453,164.20363791925973,164.20363791925973,0.9561779288440977,9.624264164292093,67.60092830343358,9.91375486195863,1.9777827311328935,8.022218818149998,0.08624668732432901,0.024973665557819363,0.9999999999999996,2.7266650910134036,0.9999999999999996,2.7266650910134036,0.9999999999999996,0.03096152542177175,0.9999999999999996,0.2397219585631533
9840.0,34.682411520447786,259.05261088176877,68.16930268316077,553.8518711094591,8.140698546404773,73.38204119786495,2.947013265409263,-4.758425074127521E-22,300.1757783351504,164.20363791925973,164.20363791925973,0.8640636514012533,9.668561801829597,71.55803904050849,9.913766059953971,1.9780859543469589,8.021915594935932,0.08623548932898863,0.04015987041656462,0.9999999999999996,2.7266650910134036,0.9999999999999996,2.7266650910134036,0.9999999999999996,0.027978818483323085,0.9999999999999996,0.24082532774015591
9920.0,34.67995903513549,259.0679287008183,68.16713613394319,553.9177652270065,8.139286112555341,58.042496908064024,3.897103758168528,3.5875852541400906E-25,300.123467110084,164.20363791925973,164.20363791925973,0.806113758586549,9.696941247873749,74.86850781809045,9.913776230609578,1.9783616320689057,8.021639917213983,0.08622531867337971,0.0671422486241644,0.9999999999999996,2.7266650910134036,0.9999999999999996,2.7266650910134036,0.9999999999999996,0.026102371615593763,0.9999999999999996,0.24153220530217073
10000.0,34.67772983929702,259.0818438705897,68.16516678057738,553.9776288143839,8.138002362786459,44.505261949402154,5.253338291781043,4.456343893977433E-26,300.0759218593018,164.20363791925973,164.20363791925973,0.7696471067239354,9.715264520737781,77.40902669235238,9.91378546838248,1.9786122600774485,8.021389289205443,0.0862160809004738,0.11803858828543783,0.9999999999999996,2.7266650910134036,0.9999999999999996,2.7266650910134036,0.9999999999999996,0.024921562966249488,0.9999999999999996,0.24198860288054874
10080.0,34.675703615043766,259.0944848888608,68.16337668999147,554.0320137426874,8.136835572498768,32.90729892995592,7.245805315743383,-1.2553537796194534E-27,300.03270834756177,164.20363791925973,164.20363791925973,0.7466913680015355,9.727221143634603,78.9736091159021,9.913793859007251,1.9788401091031578,8.021161440179734,0.08620769027570038,0.22018839440958907,0.9999999999999996,2.7266650910134036,0.9999999999999996,2.7266650910134036,0.9999999999999996,0.024178244524577924,0.9999999999999996,0.2422864194210861
10160.0,34.67386189114606,259.1059684721614,68.16174955720132,554.0814213881388,8.135775085362676,23.469621965017932,10.192941999615812,4.763599010182011E-29,299.99343190436554,164.20363791925973,164.20363791925973,0.7322336125262493,9.735134889642808,79.26908151623556,9.913801480310273,1.9790472449920105,8.02095430429088,0.08620006897267897,0.4343036293813615,0.9999999999999996,2.7266650910134036,0.9999999999999996,2.7266650910134036,0.9999999999999996,0.023710095082736103,0.9999999999999996,0.24248353565358696
10240.0,34.67218787558421,259.1164006374613,68.16027055799722,554.1263072502455,8.134811215992174,16.375729147007185,14.374814428090351,-1.1064086698974835E-29,299.9577338193501,164.20363791925973,164.20363791925973,0.723121043051804,9.740470742039644,78.040449806763,9.913808402944158,1.979235547023594,8.020766002259299,0.08619314633879528,0.8778121755096004,0.9999999999999996,2.7266650910134036,0.9999999999999996,2.7266650910134036,0.9999999999999996,0.02341502546971777,0.9999999999999996,0.24261644150127962
10320.0,34.67066630328987,259.1258776838036,68.15892621493948,554.1670851458925,8.133935161526708,11.49825222692098,19.75686068349302,4.8338927677843927E-29,299.92528806760504,164.20363791925973,164.20363791925973,0.7173713296633626,9.74415298591557,75.34639145577141,9.913814691052798,1.9794067246123757,8.020594824670516,0.08618685823015634,1.7182490254680685,0.9999999999999996,2.7266650910134036,0.9999999999999996,2.7266650910134036,0.9999999999999996,0.02322884683928302,0.9999999999999996,0.24270815913275517
10400.0,34.669283297651035,259.13448708356145,68.15770427542219,554.2041310199455,8.133138921271486,8.329619065364664,25.919014831428903,-1.5789021192533835E-31,299.8957983334578,164.20363791925973,164.20363791925973,0.713737959281193,9.746765708347137,71.62972528467718,9.91382040287395,1.9795623325366067,8.020439216746283,0.08618114640900204,3.1116686883320503,0.9999999999999996,2.7266650910134036,0.9999999999999996,2.7266650910134036,0.9999999999999996,0.02311119646683587,0.9999999999999996,0.24277323703666406
10480.0,34.66802624388339,259.1423082959083,68.15659360014425,554.2377864253323,8.132415223282058,6.279812849696343,32.35277076711387,5.7984896696768516E-33,299.8689952914066,164.20363791925973,164.20363791925973,0.7114368522183994,9.748678933725147,67.42016251705373,9.913825591288264,1.979703784895099,8.020297764387793,0.08617595799468548,5.151868621160943,0.9999999999999996,2.7266650910134036,0.9999999999999996,2.7266650910134036,0.9999999999999996,0.023036685455157285,0.9999999999999996,0.24282089181078081
10560.0,34.666883675255164,259.14941349662956,68.15558406287543,554.2683616470803,8.131757458438521,4.913067395542013,38.69767846795053,-2.967806822189153E-34,299.8446341645063,164.20363791925973,164.20363791925973,0.7099749818129869,9.750127719063043,63.09775573691294,9.913830304311018,1.9798323676694043,8.020169181613486,0.0861712449719307,7.876480282575358,0.9999999999999996,2.7266650910134036,0.9999999999999996,2.7266650910134036,0.9999999999999996,0.022989349351326453,0.9999999999999996,0.2428569782744116
10640.0,34.66584516817329,259.1558682500047,68.15466645799827,554.2961385797963,8.131159619698606,3.96356667033017,44.75714537315791,7.292160031028132E-36,299.82249247450875,164.20363791925973,164.20363791925973,0.7090421726042049,9.75126211317528,58.87712178280747,9.913834585544127,1.9799492503319578,8.020052298950933,0.0861669637388199,11.292138898077267,0.9999999999999996,2.7266650910134036,0.9999999999999996,2.7266650910134036,0.9999999999999996,0.022959144516891215,0.9999999999999996,0.242885233855693
10720.0,34.66490124754883,259.16173211406294,68.1538324170903,554.3213733210084,8.13061624733004,3.2772747218487335,50.44052857152331,7.98898898287974E-37,299.8023680134788,164.20363791925973,164.20363791925973,0.7084432598242345,9.752178499342714,54.865416117779475,9.913838474582805,1.9800554963327412,8.019946052950148,0.08616307470013955,15.39099796402465,0.9999999999999996,2.7266650910134036,0.9999999999999996,2.7266650910134036,0.9999999999999996,0.022939751417863197,0.9999999999999996,0.2429080592772637
10800.0,34.66404330061602,259.1670591910389,68.15307433293982,554.3442985306976,8.13012237906132,2.7639175029159375,55.715464757397484,4.988711009437267E-39,299.7840769975631,164.20363791925973,164.20363791925973,0.7080554281967009,9.752939322788617,51.11009215557732,9.913842007384936,1.9801520726638753,8.019849476619015,0.08615954189801095,20.158150414626185,0.9999999999999996,2.7266650910134036,0.9999999999999996,2.7266650910134036,0.9999999999999996,0.022927193233415494,0.9999999999999996,0.24292700992984959
10880.0,34.66326349853482,259.17189862749575,68.15238529040963,554.3651255759085,8.129673504755784,2.3687704925518784,60.580042696049055,-9.78826963265901E-40,299.767452388285,164.20363791925973,164.20363791925973,0.7078013444830821,9.753585530886266,47.62682790494375,9.91384521660627,1.9802398585723986,8.019761690710494,0.08615633267667687,25.574466959349078,0.9999999999999996,2.7266650910134036,0.9999999999999996,2.7266650910134036,0.9999999999999996,0.02291896587413313,0.9999999999999996,0.2429431057339717
10960.0,34.66255472441954,259.17629507285443,68.15175900295448,554.3840464977076,8.129265524819834,2.0573242856294818,65.04786648884223,1.340657277341421E-40,299.7523423521428,164.20363791925973,164.20363791925973,0.7076322925508953,9.754144397212075,44.414565362220735,9.91384813190745,1.9803196535693128,8.019681895713578,0.0861534173754949,31.617702149926,0.9999999999999996,2.7266650910134036,0.9999999999999996,2.7266650910134036,0.9999999999999996,0.022913491886982718,0.9999999999999996,0.24295702602210084
11040.0,34.66191051145593,259.1802890735458,68.15118975803388,554.4012357023045,8.128894714447764,1.8070049400243045,69.14014016266779,-3.4594764716181047E-42,299.73860893636987,164.20363791925973,164.20363791925973,0.7075175656188589,9.754634453846853,41.46352002443767,9.91385078021776,1.9803921843204675,8.019609364962424,0.08615076906518561,38.262286190395166,0.9999999999999996,2.7266650910134036,0.9999999999999996,2.7266650910134036,0.9999999999999996,0.022909776970840384,0.9999999999999996,0.24296923239282078
11120.0,34.661324978211944,259.18391748382845,68.15067236002629,554.4168517247462,8.128557686275224,1.6025101261901833,72.88140883556092,-2.570993267997069E-42,299.7261266857584,164.20363791925973,164.20363791925973,0.707437754101602,9.755068629494614,38.75954458474817,9.913853186009536,1.9804581118658404,8.019543437417052,0.08614836327341395,45.47953092117402,0.9999999999999996,2.7266650910134036,0.9999999999999996,2.7266650910134036,0.9999999999999996,0.022907192633505293,0.9999999999999996,0.242980046875348
11200.0,34.660792781031205,259.18721376863493,68.15020208822652,554.4310385287647,8.1282513628853,1.433155237949421,76.29720787532591,2.6301141643171574E-45,299.7147816243892,164.20363791925973,164.20363791925973,0.7073806065111886,9.755456189768555,36.28655817603416,9.913855371500587,1.9805180369276192,8.019483512355272,0.08614617778235958,53.23722500885043,0.9999999999999996,2.7266650910134036,0.9999999999999996,2.7266650910134036,0.9999999999999996,0.0229053421655955,0.9999999999999996,0.24298970025833333
11280.0,34.66030906244768,259.190208330752,68.14977465131493,554.4439269119789,8.127972947040947,1.291277046094154,79.41280458470487,-1.3985848657281078E-46,299.70447015315074,164.20363791925973,164.20363791925973,0.7073383480019526,9.755804008135385,34.02789228083967,9.913857356872512,1.980572505675504,8.01942904360739,0.08614419241043328,61.4994317640139,0.9999999999999996,2.7266650910134036,0.9999999999999996,2.7266650910134036,0.9999999999999996,0.022903973813672155,0.9999999999999996,0.2429983637466476
11360.0,34.659869407002056,259.1929287909793,68.14938614835818,554.4556357092448,8.12771989619102,1.1712474986802932,82.25250517814165,-2.2783072603791753E-46,299.69509810553797,164.20363791925973,164.20363791925973,0.7073060276533101,9.756117357592627,31.967059742283013,9.913859160457529,1.9806220146661053,8.01937953461679,0.08614238882541489,70.22640839858349,0.9999999999999996,2.7266650910134036,0.9999999999999996,2.7266650910134036,0.9999999999999996,0.022902927264420232,0.9999999999999996,0.24300616868054412
11440.0,34.65946980094098,259.1954002433743,68.14903303323268,554.466272889217,8.127489899223269,1.0688456681160035,84.83929663786535,1.1066256338437697E-46,299.68657988667263,164.20363791925973,164.20363791925973,0.7072804836363824,9.756400414881316,30.088182908660812,9.913860798908638,1.9806670153515402,8.019334533931358,0.08614075037430627,79.3746928753587,0.9999999999999996,2.7266650910134036,0.9999999999999996,2.7266650910134036,0.9999999999999996,0.0229021001362199,0.9999999999999996,0.24301321909463
11520.0,34.65910659616814,259.1976454834816,68.14871208279955,554.4759365350136,8.127280855672739,0.9808502915134311,87.19468213701631,-2.299659806066682E-48,299.6788377032572,164.20363791925973,164.20363791925973,0.7072596787303149,9.756656591095386,28.37622121078743,9.913862287351668,1.9807079181148992,8.019293631168,0.08613926193127684,88.89703443170393,0.9999999999999996,2.7266650910134036,0.9999999999999996,2.7266650910134036,0.9999999999999996,0.0229014264628285,0.9999999999999996,0.24301959995271175
11600.0,34.6587764789546,259.1996852064264,68.14842036927946,554.4847156954385,8.127090857677548,0.9047602206179328,89.3386132506128,-1.2079558654823879E-48,299.6718008952873,164.20363791925973,164.20363791925973,0.7072422885222455,9.756888742597802,26.817093874486588,9.913863639517247,1.9807450957735078,8.019256453509394,0.08613790976569899,98.74286160547194,0.9999999999999996,2.7266650910134036,0.9999999999999996,2.7266650910134036,0.9999999999999996,0.022900863359087042,0.9999999999999996,0.24302538240131175
11680.0,34.65847643285434,259.20153824079443,68.14815522750236,554.4926913905143,8.126918168606093,0.8386059744194518,91.2895531039949,5.881732098953781E-48,299.66540514448246,164.20363791925973,164.20363791925973,0.7072274375495494,9.757099317680108,25.397682165190172,9.913864867896345,1.9807788877389472,8.019222661543955,0.08613668138659837,108.85869632301703,0.9999999999999996,2.7266650910134036,0.9999999999999996,2.7266650910134036,0.9999999999999996,0.022900382477072514,0.9999999999999996,0.2430306274226758
11760.0,34.658203719914496,259.20322166778084,68.14791423832094,554.4999371233346,8.126761212217692,0.7808131722442703,93.0644676382804,1.3068149146362266E-49,299.6595920728372,164.20363791925973,164.20363791925973,0.7072145437632071,9.757290440917973,24.105871253380784,9.91386598381973,1.9808096021186195,8.019191947164286,0.0861355654632152,119.18916194867424,0.9999999999999996,2.7266650910134036,0.9999999999999996,2.7266650910134036,0.9999999999999996,0.022899964969742996,0.9999999999999996,0.24303538793590837
11840.0,34.65795585051841,259.2047510112858,68.14769520197375,554.5065196976036,8.126618555288275,0.7301165520355124,94.6789447577276,9.832723727933817E-51,299.6543085991429,164.20363791925973,164.20363791925973,0.7072032056358015,9.75746398556387,22.930484379950123,9.913866997584249,1.9808375191025918,8.019164030180313,0.08613455169869325,129.67648041092824,0.9999999999999996,2.7266650910134036,0.9999999999999996,2.7266650910134036,0.9999999999999996,0.02289959783543743,0.9999999999999996,0.2430397106001352
11920.0,34.65773056245964,259.2061403699827,68.1474961196068,554.5124997853342,8.126488895547759,0.6854802408802352,96.14725714176471,2.4980598302403E-52,299.64950649223164,164.20363791925973,164.20363791925973,0.7071931415139637,9.757621615633585,21.861257083912065,9.913867918540756,1.9808628933091366,8.01913865597377,0.0861336307421864,140.26262378956483,0.9999999999999996,2.7266650910134036,0.9999999999999996,2.7266650910134036,0.9999999999999996,0.02289927195407714,0.9999999999999996,0.24304363686279756
12000.0,34.657525797177456,259.20740256688146,68.14731517228171,554.5179325701353,8.126371047990729,0.6460514152640909,97.48247763056084,-1.6672085005453188E-50,299.64514186397764,164.20363791925973,164.20363791925973,0.7071841466821878,9.757764821754598,20.88876389118368,9.913868755193436,1.9808859564545056,8.019115592828399,0.08613279408950562,150.88965882183268,0.9999999999999996,2.7266650910134036,0.9999999999999996,2.7266650910134036,0.9999999999999996,0.022898980696870408,0.9999999999999996,0.24304720385256645
12080.0,34.657339685145374,259.20854924154696,68.14715070807132,554.5228681437185,8.126263936456194,0.6111228469503053,98.69654141292646,2.195193126293828E-51,299.6411748574403,164.20363791925973,164.20363791925973,0.7071760685240664,9.757894942481983,20.00438200900946,9.913869515261142,1.9809069189924253,8.019094630290478,0.0861320340217982,161.5003299344038,0.9999999999999996,2.7266650910134036,0.9999999999999996,2.7266650910134036,0.9999999999999996,0.022898719122020694,0.9999999999999996,0.2430504449102812
12160.0,34.65717052807883,259.2095909621075,68.14700122634436,554.5273519876093,8.12616658337704,0.5801014153248197,99.80033572437924,3.273056124724783E-52,299.6375692672259,164.20363791925973,164.20363791925973,0.7071687886326936,9.758013184570967,19.20023315417794,9.913870205751824,1.98092597211204,8.019075577170865,0.08613134353111881,172.0394625627614,0.9999999999999996,2.7266650910134036,0.9999999999999996,2.7266650910134036,0.9999999999999996,0.022898483395452442,0.9999999999999996,0.24305339009389962
12240.0,34.65701678089081,259.210537338639,68.14686536182411,554.5314254609308,8.126078099388826,0.5524873003199962,100.80380182821415,2.1448968641517967E-52,299.6342921546344,164.20363791925973,164.20363791925973,0.7071622119338399,9.758120640195433,18.469113542789426,9.913870833037786,1.980943289766644,8.019058259516259,0.08613071624515667,182.4545139224547,0.9999999999999996,2.7266650910134036,0.9999999999999996,2.7266650910134036,0.9999999999999996,0.02289827043861396,0.9999999999999996,0.243056066607378
12320.0,34.656877040044044,259.2113970964628,68.14674187430043,554.5351261156387,8.125997676619319,0.5278564558715015,101.7159968331107,3.127012566596881E-54,299.63131359912893,164.20363791925973,164.20363791925973,0.7071562604951346,9.758218297680392,17.80445271963415,9.913871402904409,1.98095902998182,8.019042519301083,0.08613014637853446,192.69632056536193,0.9999999999999996,2.7266650910134036,0.9999999999999996,2.7266650910134036,0.9999999999999996,0.02289807772801564,0.9999999999999996,0.24305849906799662
12400.0,34.656750029693754,259.2121781631935,68.14662963638752,554.5384880710043,8.12592458070829,0.5058467643334286,102.54517414136777,-2.3298396603554113E-54,299.6286064027805,164.20363791925973,164.20363791925973,0.7071508684685291,9.758307053209458,17.200257667411133,9.913871920607926,1.9809733364132793,8.019028212869623,0.08612962867501818,202.71983804521318,0.9999999999999996,2.7266650910134036,0.9999999999999996,2.7266650910134036,0.9999999999999996,0.022897903131464323,0.9999999999999996,0.24306070979797015
12480.0,34.656634590216605,259.21288774077186,68.14652762339026,554.5415423234979,8.125858144201494,0.4861473951855874,103.29885085117776,-8.891918728130825E-53,299.62614584560504,164.20363791925973,164.20363791925973,0.7071459792145074,9.758387719915367,16.651065735233395,9.913872390923247,1.980986339636521,8.019015209646382,0.08612915835969717,212.48463300259644,0.9999999999999996,2.7266650910134036,0.9999999999999996,2.7266650910134036,0.9999999999999996,0.022897744814943808,0.9999999999999996,0.24306271905087523
12560.0,34.656529667609135,259.21353237199617,68.14643490393802,554.544317033031,8.125797760445844,0.46849009225646215,103.98387114479054,1.092406442096355E-52,299.6239094594632,164.20363791925973,164.20363791925973,0.707141543303737,9.758461035979314,16.15190003970286,9.91387281818812,1.98099815833896,8.019003390943942,0.08612873109482336,221.9553259791616,0.9999999999999996,2.7266650910134036,0.9999999999999996,2.7266650910134036,0.9999999999999996,0.02289760117790729,0.9999999999999996,0.24306454521338944
12640.0,34.656434303411025,259.21411800372937,68.14635063108207,554.5468377949027,8.125742877786989,0.4526428331995788,104.60646845737739,-2.3712321960915055E-53,299.6218768131623,164.20363791925973,164.20363791925973,0.7071375169963355,9.758527672156331,15.698225155030098,9.913873206345073,1.9810089004533613,8.01899264882954,0.08612834293786932,231.10156791382227,0.9999999999999996,2.7266650910134036,0.9999999999999996,2.7266650910134036,0.9999999999999996,0.022897470804035223,0.9999999999999996,0.24306620499273393
12720.0,34.65634762719302,259.21465003398913,68.14627403565873,554.5491278424018,8.125692995244036,0.43840309004849687,105.17230978838217,-3.568919753200638E-54,299.62002935226263,164.20363791925973,164.20363791925973,0.7071338615126855,9.758588237200783,15.285916114953682,9.913873558972679,1.9810186640024743,8.01898288528043,0.08612799031026541,239.89865075254792,0.9999999999999996,2.7266650910134036,0.9999999999999996,2.7266650910134036,0.9999999999999996,0.022897352437623968,0.9999999999999996,0.24306771355181217
12800.0,34.65626884691723,259.2151333723197,68.14620441777232,554.5512083065943,8.125647656959481,0.4255943235519411,105.68655766582825,-4.595139632268114E-54,299.6183501935233,164.20363791925973,164.20363791925973,0.7071305420388813,9.758643284856472,14.911213531580465,9.913873879325584,1.9810275381839157,8.018974011098988,0.08612766995735963,248.32699079204204,0.9999999999999996,2.7266650910134036,0.9999999999999996,2.7266650910134036,0.9999999999999996,0.02289724495138163,0.9999999999999996,0.24306908468332006
12880.0,34.65619724367259,259.2155724728135,68.14614114214396,554.5530983583918,8.12560644916798,0.41406188550995515,106.15390184137172,1.6985793788335964E-56,299.6168240126401,164.20363791925973,164.20363791925973,0.7071275273072553,9.758693317616787,14.570701230364273,9.913874170356445,1.9810356039621706,8.018965945320733,0.08612737892649774,256.37206793528816,0.9999999999999996,2.7266650910134036,0.9999999999999996,2.7266650910134036,0.9999999999999996,0.022897147332845307,0.9999999999999996,0.24307033090340405
12960.0,34.65613216366841,259.21597138418826,68.14608363103733,554.5548154240545,8.125568995587106,0.4036697127134757,106.57861031198847,-5.786097183720937E-55,299.6154368735331,164.20363791925973,164.20363791925973,0.7071247890877603,9.75873879238683,14.261269416301769,9.913874434749134,1.9810429349696734,8.01895861431323,0.08612711453380881,264.0242925226294,0.9999999999999996,2.7266650910134036,0.9999999999999996,2.7266650910134036,0.9999999999999996,0.02289705866791178,0.9999999999999996,0.24307146359269366
13040.0,34.65607301245337,259.2163337859441,68.14603135915074,554.5563753407797,8.1255349540894,0.39429781674589426,106.96456603393196,3.751531759952804E-55,299.61417610509403,164.20363791925973,164.20363791925973,0.7071223018499776,9.758780124558557,13.98008820360835,9.91387467494272,1.9810495981573908,8.018951951125512,0.08612687434022152,271.27861603876295,0.9999999999999996,2.7266650910134036,0.9999999999999996,2.7266650910134036,0.9999999999999996,0.022896978129893154,0.9999999999999996,0.24307249309780588
13120.0,34.65601925004111,259.2166630188564,68.14598384931026,554.5577924879207,8.125504013896075,0.3858401770147964,107.31529789542445,-3.477490521554701E-56,299.6130301972506,164.20363791925973,164.20363791925973,0.7071200424950339,9.758817691439466,13.724585281144972,9.913874893151705,1.9810556543433797,8.018945894939522,0.08612665613123764,278.1340676487121,0.9999999999999996,2.7266650910134036,0.9999999999999996,2.7266650910134036,0.9999999999999996,0.02289690497083623,0.9999999999999996,0.24307342881674654
13200.0,34.655970385439446,259.21696211916014,68.14594066763573,554.5590799340973,8.125475892427891,0.37820278042817074,107.63401585099044,4.448770357073401E-56,299.6119886843355,164.20363791925973,164.20363791925973,0.7071179900765818,9.758851836091013,13.492420471422363,9.913875091388682,1.9810611588285838,8.01894039045432,0.08612645789426152,284.59340179661257,0.9999999999999996,2.7266650910134036,0.9999999999999996,2.7266650910134036,0.9999999999999996,0.022896838512487673,0.9999999999999996,0.24307427929451852
13280.0,34.655925972626086,259.2172338436825,68.145901419985,554.5602495453577,8.12545033298854,0.3713022443034364,107.92363682176168,1.6812955849731088E-55,299.61104205928723,164.20363791925973,164.20363791925973,0.7071161256085201,9.758882870146952,13.2814669611095,9.913875271481011,1.9810661618498528,8.01893538743305,0.08612627780193281,290.66249525161527,0.9999999999999996,2.7266650910134036,0.9999999999999996,2.7266650910134036,0.9999999999999996,0.022896778140067905,0.9999999999999996,0.2430750522933208
13360.0,34.65588560634172,259.2174806961098,68.14586574823647,554.5613120982134,8.125427102342986,0.3650642515608415,108.18681163949574,1.038747230091972E-55,299.6101816839614,164.20363791925973,164.20363791925973,0.7071144318680889,9.7589110767577,13.089791811143867,9.913875435088238,1.981070709053439,8.018930840229464,0.08612611419470557,296.350056673422,0.9999999999999996,2.7266650910134036,0.9999999999999996,2.7266650910134036,0.9999999999999996,0.02289672329589525,0.9999999999999996,0.24307575486588714
13440.0,34.65584891776839,259.21770495395356,68.1458333264706,554.5622773957055,8.125405988230002,0.35942259688107503,108.42595336794088,1.4522934575577472E-56,299.6093996970042,164.20363791925973,164.20363791925973,0.7071128931979851,9.758936713613172,12.915635292096011,9.913875583719973,1.9810748419816968,8.018926707301205,0.08612596556297157,301.66704683795,0.9999999999999996,2.7266650910134036,0.9999999999999996,2.7266650910134036,0.9999999999999996,0.022896673472978305,0.9999999999999996,0.243076393430779
13520.0,34.65581557147871,259.2179086875737,68.14580385827404,554.5631543492691,8.125386797606156,0.354318074181993,108.6432568441581,-1.0610354543640607E-57,299.6086889488163,164.20363791925973,164.20363791925973,0.7071114953727347,9.758960015074464,12.75739674803972,9.913875718748502,1.981078598416457,8.018922950866445,0.08612583053444367,306.6263472304668,0.9999999999999996,2.7266650910134036,0.9999999999999996,2.7266650910134036,0.9999999999999996,0.022896628210689017,0.9999999999999996,0.24307697382548168
13600.0,34.65578526286467,259.21809377620264,68.14577707446759,554.5639510476944,8.125369355165665,0.3496977458285054,108.84071534861322,2.7507446711843066E-57,299.608042946734,164.20363791925973,164.20363791925973,0.7071102254876606,9.75898119397007,12.613622482458656,9.913875841419415,1.9810820126685194,8.018919536614384,0.08612570786353123,311.2422560538597,0.9999999999999996,2.7266650910134036,0.9999999999999996,2.7266650910134036,0.9999999999999996,0.022896587091167406,0.9999999999999996,0.24307750135114478
13680.0,34.65575771535042,259.21826192530983,68.14575273064351,554.5646748318677,8.125353501736244,0.34551428471926604,109.02013880648956,9.571060215428163E-58,299.607455795617,164.20363791925973,164.20363791925973,0.707109071836007,9.75900044354367,12.482992494740245,9.913875952863119,1.9810851158915124,8.01891643339139,0.08612559641982713,315.53004789677385,0.9999999999999996,2.7266650910134036,0.9999999999999996,2.7266650910134036,0.9999999999999996,0.022896549735342806,0.9999999999999996,0.2430779808210976
13760.0,34.655732677572686,259.2184146841669,68.14573060467377,554.565332370367,8.125339092656182,0.3417252314645276,109.1831721212953,-3.07560614249022E-57,299.60692213774223,164.20363791925973,164.20363791925973,0.70710802378441,9.759017939424872,12.364307142027988,9.913876054106483,1.981087936399386,8.018913612883516,0.08612549517646263,319.5057375581262,0.9999999999999996,2.7266650910134036,0.9999999999999996,2.7266650910134036,0.9999999999999996,0.022896515798901496,0.9999999999999996,0.2430784166099368
13840.0,34.6557099209671,259.2185534608768,68.14571049457737,554.5659297241485,8.125325996385119,0.3382924401409647,109.33131094526439,-3.3580678627061213E-57,299.60643710135184,164.20363791925973,164.20363791925973,0.7071070716685062,9.759033841315395,12.25647564500657,9.913876146082803,1.9810904999382106,8.018911049344693,0.08612540320014331,323.1857942190686,0.9999999999999996,2.7266650910134036,0.9999999999999996,2.7266650910134036,0.9999999999999996,0.0228964849689065,0.9999999999999996,0.24307881269552586
13920.0,34.655689237602175,259.2186795358486,68.14569221660625,554.5664724045428,8.125314093257408,0.3351815964682018,109.46591583715289,3.1506478834097324E-58,299.60599625448276,164.20363791925973,164.20363791925973,0.7071062067002603,9.759048294502051,12.158505767350434,9.91387622964073,1.9810928299301012,8.018908719352801,0.08612531964221647,326.5868919731629,0.9999999999999996,2.7266650910134036,0.9999999999999996,2.7266650910134036,0.9999999999999996,0.02289645696079679,0.9999999999999996,0.24307917269668064
14000.0,34.65567043856235,259.2187940718441,68.14567560381633,554.5669654164955,8.125303274551452,0.33236186129236783,109.58822282500583,5.015275025608724E-58,299.6055955704975,164.20363791925973,164.20363791925973,0.7071054209005004,9.759061430985726,12.069496117675302,9.913876305550936,1.9810949476553315,8.018906601627572,0.08612524373201079,329.72562615601873,0.9999999999999996,2.7266650910134036,0.9999999999999996,2.7266650910134036,0.9999999999999996,0.022896431516202735,0.9999999999999996,0.2430794999012899
14080.0,34.6556533521245,259.2188981253159,68.14566050445637,554.5674133073679,8.125293441440176,0.3298054438464589,109.69935529918766,1.1946173968718414E-58,299.6052313892147,164.20363791925973,164.20363791925973,0.7071047070199391,9.759073370755472,11.988627486925264,9.913876374513626,1.9810968724576592,8.018904676825244,0.08612517476931963,332.6183886469086,0.9999999999999996,2.7266650910134036,0.9999999999999996,2.7266650910134036,0.9999999999999996,0.022896408400388743,0.9999999999999996,0.24307979729805076
14160.0,34.65563782221889,259.2189926559664,68.14564678060788,554.5678202080807,8.125284504105265,0.3274872943862853,109.80033409518931,-3.4709248817295974E-58,299.6049003841035,164.20363791925973,164.20363791925973,0.7071040584742669,9.75908422286335,11.915155492070008,9.91387643716488,1.9810986219176665,8.018902927365236,0.08612511211806442,335.28120320196336,0.9999999999999996,2.7266650910134036,0.9999999999999996,2.7266650910134036,0.9999999999999996,0.02289638740015154,0.9999999999999996,0.24308006760324094
14240.0,34.65562370711122,259.21907853493013,68.14563430702034,554.5681898683273,8.125276380978605,0.32538486140767975,109.8920861447887,-8.107160501761616E-61,299.60459953418894,164.20363791925973,164.20363791925973,0.7071034692866903,9.759094086345607,11.848404259816514,9.913876494082075,1.9811002120012162,8.018901337281685,0.0861250552008717,337.7295602179328,0.9999999999999996,2.7266650910134036,0.9999999999999996,2.7266650910134036,0.9999999999999996,0.022896368321959522,0.9999999999999996,0.2430803132836633
14320.0,34.65561087795498,259.21915655376307,68.14562296983217,554.5685256952747,8.12526899790916,0.32347777736149735,109.97545393433928,1.2616684598586983E-58,299.604326093197,164.20363791925973,164.20363791925973,0.7071029340262024,9.759103051233879,11.787759532715807,9.913876545789835,1.9811016572224696,8.018899892060432,0.08612500349311265,339.9783899573354,0.9999999999999996,2.7266650910134036,0.9999999999999996,2.7266650910134036,0.9999999999999996,0.02289635098995393,0.9999999999999996,0.24308053658183323
14400.0,34.65559921770326,259.21922743119205,68.145612665609,554.5688307826048,8.125262287536646,0.32174767710139357,110.05120266065893,8.821021490514971E-58,299.60407756635743,164.20363791925973,164.20363791925973,0.7071024477616112,9.759111199315376,11.732663441127357,9.913876592764515,1.981102970766469,8.018898578516433,0.08612495651843095,342.0419493066863,0.9999999999999996,2.7266650910134036,0.9999999999999996,2.7266650910134036,0.9999999999999996,0.022896335244460293,0.9999999999999996,0.24308073953491321
14480.0,34.6555886197486,259.21929182155867,68.14560330014177,554.5691079468635,8.125256188508745,0.3201779199741208,110.12002913302221,2.5226484506132513E-57,299.60385168141204,164.20363791925973,164.20363791925973,0.7071020060029718,9.759118605083213,11.682608010719484,9.9138766354398,1.9811041646423226,8.01889738464058,0.0861249138431445,343.93386384021403,0.9999999999999996,2.7266650910134036,0.9999999999999996,2.7266650910134036,0.9999999999999996,0.022896320940091894,0.9999999999999996,0.2430809239983839
14560.0,34.65557898747453,259.21935031757687,68.14559478805025,554.5693597393355,8.125250645222993,0.3187534645167739,110.18256465382824,1.8477869123221848E-57,299.6036463790558,164.20363791925973,164.20363791925973,0.7071016046837527,9.759125336049493,11.637133076202437,9.91387667420853,1.9811052497336994,8.018896299549203,0.08612487507441638,345.66703399087305,0.9999999999999996,2.7266650910134036,0.9999999999999996,2.7266650910134036,0.9999999999999996,0.022896307945172403,0.9999999999999996,0.24308109165384229
14640.0,34.6555702326343,259.2194034604086,68.14558705135062,554.569588489403,8.125245606893715,0.3174606296963467,110.2393857282734,-2.775793831028041E-57,299.6034597783794,164.20363791925973,164.20363791925973,0.7071012400907416,9.759131453878132,11.595818443729339,9.913876709429367,1.9811062359814597,8.018895313301442,0.08612483985357834,347.25372350492137,0.9999999999999996,2.7266650910134036,0.9999999999999996,2.7266650910134036,0.9999999999999996,0.022896296139466123,0.9999999999999996,0.24308124403721812
14720.0,34.655562275402104,259.21945173931095,68.14558001950091,554.5697963030187,8.125241027581565,0.316287243512757,110.29101383774366,-3.895409007963738E-57,299.6032901779625,164.20363791925973,164.20363791925973,0.7071009088673565,9.759137014348969,11.558284026563772,9.913876741426577,1.9811071323779443,8.018894416904956,0.08612480785636827,348.70522317886406,0.9999999999999996,2.7266650910134036,0.9999999999999996,2.7266650910134036,0.9999999999999996,0.022896285414285223,0.9999999999999996,0.2430813825378803
14800.0,34.65555504299521,259.2194956001868,68.14557362818272,554.5699850995379,8.125236865400472,0.31522216835355077,110.33792426604255,-3.2949132251042896E-57,299.60313602650365,164.20363791925973,164.20363791925973,0.7071006079544585,9.75914206832051,11.524183459833296,9.91387677049569,1.9811079471220936,8.018893602160809,0.08612477878725508,350.0322481834094,0.9999999999999996,2.7266650910134036,0.9999999999999996,2.7266650910134036,0.9999999999999996,0.022896275670573243,0.9999999999999996,0.2430815084226166
14880.0,34.6555484694394,259.21953544701387,68.14556781909386,554.570156617872,8.125233082382689,0.31425533215264195,110.38054769209384,-1.130440681593934E-56,299.6029959178213,164.20363791925973,164.20363791925973,0.7071003345806764,9.75914666189392,11.493202923214813,9.913876796904452,1.9811086876459079,8.018892861636994,0.08612475237849261,351.24478854818335,0.9999999999999996,2.7266650910134036,0.9999999999999996,2.7266650910134036,0.9999999999999996,0.02289626681859178,0.9999999999999996,0.24308162283971857
14960.0,34.65554249478082,259.2195716467537,68.14556253925416,554.5703124375273,8.125229644025094,0.31337764419767866,110.41927542274713,-5.914308063526763E-57,299.60286857404924,164.20363791925973,164.20363791925973,0.7071000862284653,9.759150836963666,11.4650573047095,9.91387682089607,1.9811093607031218,8.01889218857978,0.08612472838687711,352.3521140298528,0.9999999999999996,2.7266650910134036,0.9999999999999996,2.7266650910134036,0.9999999999999996,0.022896258776821447,0.9999999999999996,0.24308172683269713
15040.0,34.65553706438016,259.21960453369127,68.14555774037932,554.5704539973839,8.1252265188831,0.31258080277253125,110.45446394614753,2.3108327917924835E-56,299.60275283059815,164.20363791925973,164.20363791925973,0.7070998606044602,9.759154631710619,11.439486897119355,9.913876842692089,1.9811099724488115,8.018891576834092,0.0861247065908583,353.36291597704593,0.9999999999999996,2.7266650910134036,0.9999999999999996,2.7266650910134036,0.9999999999999996,0.022896251471001935,0.9999999999999996,0.24308182135256443
15120.0,34.65553212875416,259.2196344103631,68.14555337873587,554.5705825998863,8.12522367847943,0.3118572629274591,110.48643595685199,-5.752945729115903E-57,299.6026476327817,164.20363791925973,164.20363791925973,0.7070996556327488,9.759158080712778,11.416256653496605,9.913876862493044,1.9811105284575916,8.018891020825311,0.08612468678990207,354.2852743581995,0.9999999999999996,2.7266650910134036,0.9999999999999996,2.7266650910134036,0.9999999999999996,0.02289624483391415,0.9999999999999996,0.24308190726059214
15200.0,34.65552764280798,259.2196615524046,68.14554941447409,554.5706994314545,8.125221096862372,0.311200220689483,110.5154855107526,-8.129106427686051E-56,299.6025520194459,164.20363791925973,164.20363791925973,0.7070994694222104,9.75916121548167,11.39515239239662,9.913876880481617,1.9811110338093505,8.018890515473553,0.08612466880133073,355.12662962095214,0.9999999999999996,2.7266650910134036,0.9999999999999996,2.7266650910134036,0.9999999999999996,0.022896238804322643,0.9999999999999996,0.243081985341672
15280.0,34.65552356564954,259.21968620970216,68.14554581146561,554.5708055673666,8.125218750498977,0.31060365828427194,110.54187931002872,-7.191983845874259E-56,299.60246511901204,164.20363791925973,164.20363791925973,0.7070993002588764,9.759164064592097,11.375979841757363,9.913876896823377,1.981111493110077,8.018890056172825,0.08612465245956953,355.8936811003627,0.9999999999999996,2.7266650910134036,0.9999999999999996,2.7266650910134036,0.9999999999999996,0.022896233326728244,0.9999999999999996,0.24308205630754742
15360.0,34.655519859876684,259.21970861066785,68.1455425366578,554.5709019908162,8.125216617864611,0.31006197062459573,110.56586112925277,1.9009189990341403E-56,299.60238613428925,164.20363791925973,164.20363791925973,0.7070991465755128,9.759166654180184,11.358561475411308,9.913876911669712,1.9811119105731723,8.01888963870973,0.08612463761323465,356.5927833927083,0.9999999999999996,2.7266650910134036,0.9999999999999996,2.7266650910134036,0.9999999999999996,0.022896228350383126,0.9999999999999996,0.2430821208092192
15440.0,34.65551649183352,259.21972896062647,68.14553956029964,554.5709895860041,8.125214679590192,0.3095700420235302,110.58765015148198,5.101900247600615E-56,299.6023143479279,164.20363791925973,164.20363791925973,0.7070990069630042,9.759169007764577,11.34273772371672,9.913876925156748,1.981112289990712,8.018889259292191,0.08612462412619917,357.22981923126883,0.9999999999999996,2.7266650910134036,0.9999999999999996,2.7266650910134036,0.9999999999999996,0.022896223829659414,0.9999999999999996,0.24308217943249164
15520.0,34.65551343049155,259.21974744889104,68.14553685496942,554.5710691678914,8.125212917819015,0.3091232443014206,110.60744850215832,-1.1913354578859909E-57,299.6022490985847,164.20363791925973,164.20363791925973,0.7070988801224258,9.759171147027661,11.328361420191701,9.913876937409961,1.9811126348582382,8.018888914424664,0.08612461187298558,357.8101955811093,0.9999999999999996,2.7266650910134036,0.9999999999999996,2.7266650910134036,0.9999999999999996,0.022896219722497273,0.9999999999999996,0.2430822327174314
15600.0,34.655510648129415,259.2197642445532,68.14553439617767,554.5711414639551,8.125211316598259,0.3087174953049953,110.62543670709663,-2.078095126267098E-56,299.60218979542003,164.20363791925973,164.20363791925973,0.7070987648942411,9.759173091340386,11.315301138535931,9.913876948541377,1.9811129482978946,8.018888600985006,0.08612460074156834,358.3387348935472,0.9999999999999996,2.7266650910134036,0.9999999999999996,2.7266650910134036,0.9999999999999996,0.022896215991350312,0.9999999999999996,0.2430822811465317
15680.0,34.65550811910508,259.2197795039339,68.14553216126494,554.5712071470351,8.125209861171346,0.30834896869985035,110.64178168244096,-3.165926259464497E-57,299.6021358919056,164.20363791925973,164.20363791925973,0.7070986602061661,9.759174858620929,11.303435379935193,9.913876958654598,1.9811132331981949,8.018888316084706,0.08612459062834768,358.8200153513102,0.9999999999999996,2.7266650910134036,0.9999999999999996,2.7266650910134036,0.9999999999999996,0.02289621260149744,0.9999999999999996,0.24308232516609996
15760.0,34.65550582053166,259.21979336640817,68.14553013000173,554.5712668172783,8.125208538366442,0.3080142642143104,110.656632347602,-1.5920561677655214E-57,299.60208690021045,164.20363791925973,164.20363791925973,0.7070985651016254,9.75917646486317,11.29265576436538,9.913876967842018,1.981113492137861,8.01888805714504,0.08612458144092791,359.2581422482735,0.9999999999999996,2.7266650910134036,0.9999999999999996,2.7266650910134036,0.9999999999999996,0.022896209521964268,0.9999999999999996,0.243082365174513
15840.0,34.65550373126477,259.2198059607553,68.14552828370344,554.571321028987,8.125207336014988,0.30771024762121363,110.67012626593691,7.696311683255992E-58,299.6020423696568,164.20363791925973,164.20363791925973,0.7070984786971808,9.75917792484285,11.28286218025124,9.913876976188986,1.9811137274988297,8.018887821784071,0.08612457309396196,359.6569406494712,0.9999999999999996,2.7266650910134036,0.9999999999999996,2.7266650910134036,0.9999999999999996,0.022896206724144608,0.9999999999999996,0.2430824015398062
15920.0,34.65550183238637,259.2198174021185,68.14552660565293,554.5713702777169,8.12520624323029,0.30743412255906577,110.68238645221382,5.699436940882795E-57,299.60200189704125,164.20363791925973,164.20363791925973,0.7070984002029624,9.759179251779287,11.273965119332791,9.913876983771802,1.9811139414120613,8.01888760787084,0.08612456551114524,360.01984923111127,0.9999999999999996,2.7266650910134036,0.9999999999999996,2.7266650910134036,0.9999999999999996,0.022896204182462077,0.9999999999999996,0.24308243459124745
16000.0,34.655500106431326,259.2198277967604,68.14552508041552,554.5714150208921,8.12520524996137,0.3071833048729617,110.6935264567012,6.769220321808106E-58,299.60196511011407,164.20363791925973,164.20363791925973,0.7070983288898334,9.759180457876976,11.265881965581658,9.913876990660897,1.9811141358450681,8.018887413437831,0.08612455862204861,360.35007339503517,0.9999999999999996,2.7266650910134036,0.9999999999999996,2.7266650910134036,0.9999999999999996,0.022896201873306852,0.9999999999999996,0.2430824646328273
16080.0,34.655498537777476,259.219837239668,68.1455236941862,554.571455667382,8.125204347217629,0.30695549206089084,110.70364780425794,-1.913187158551665E-57,299.6019316758974,164.20363791925973,164.20363791925973,0.7070982641061547,9.759181554052846,11.25853886467709,9.913876996919228,1.9811143125577506,8.01888723672515,0.08612455236371885,360.6504873426328,0.9999999999999996,2.7266650910134036,0.9999999999999996,2.7266650910134036,0.9999999999999996,0.022896199775578538,0.9999999999999996,0.24308249193646547
16160.0,34.655497111983266,259.2198458186334,68.14552243420297,554.5714925950779,8.125203526688157,0.3067485539475724,110.7128443302948,-9.490662091245588E-58,299.6019012865865,164.20363791925973,164.20363791925973,0.7070982052495792,9.759182550398519,11.251867559871563,9.913877002604975,1.9811144731769545,8.018887076105944,0.08612454667797165,360.923769339813,0.9999999999999996,2.7266650910134036,0.9999999999999996,2.7266650910134036,0.9999999999999996,0.02289619786977283,0.9999999999999996,0.2430825167535249
16240.0,164.23604640039756,46.62509291866664,142.210771623904,14.083524496729792,222.61003296194917,0.35582260699203677,108.72294965747051,649.1398160749677,0.005825336080450307,164.20363791925973,164.20363791925973,4.657419115656979,7.860423640207115,12.672047232292329,7.451123543137757,0.0893689431952943,9.91063260608761,2.5488780061452045,305.5537999020498,0.9999999999999996,2.7266650910134036,0.9999999999999996,2.7266650910134036,0.9999999999999996,0.15080958888434123,0.9999999999999996,0.19578807459979566
16320.0,164.28790628921706,46.618928255507306,142.2331256645301,14.079041275651658,222.74944892166027,0.742441953786615,94.62357539447174,648.9324772904632,2.439410472735126E-12,164.20363791925973,164.20363791925973,10.698196173887037,5.1057246903998985,22.93081259987109,7.450517855430404,0.0893134839897558,9.910688065293144,2.549483693852561,127.44912233457576,0.9999999999999996,2.7266650910134036,0.9999999999999996,2.7266650910134036,0.9999999999999996,0.3464130083041389,0.9999999999999996,0.12717380796840796
16400.0,164.33289419857888,46.61366610287382,142.25217232382954,14.074967877050833,222.8721952780936,1.6325904869226926,72.67727013159389,648.7438963541281,-1.918545828289434E-14,164.20363791925973,164.20363791925973,14.498170659625137,3.3735770018008333,38.87553404783445,7.449967332151485,0.08926473123819767,9.910736818044699,2.550034217131482,44.51653413011425,0.9999999999999996,2.7266650910134036,0.9999999999999996,2.7266650910134036,0.9999999999999996,0.46945810597177945,0.9999999999999996,0.08402933174214168
16480.0,164.37375680310274,46.608883831294605,142.2694702237151,14.071266351607871,222.98371519055812,3.606698807334258,47.818494138139165,648.5725315576113,-3.1631712331136264E-15,164.20363791925973,164.20363791925973,16.889050625590134,2.284381053157203,56.70219879466037,7.449466861305381,0.08922048356265025,9.910781065720244,2.550534687977587,13.258244364874542,0.9999999999999996,2.7266650910134036,0.9999999999999996,2.7266650910134036,0.9999999999999996,0.5468760097045267,0.9999999999999996,0.056899550014344706
16560.0,164.41087309895002,46.60453771943732,142.2851804127924,14.067902748721847,223.0850349478478,8.82637816666589,24.831961870310543,648.4168111325388,-2.3963715080609604E-20,164.20363791925973,164.20363791925973,18.393798559983782,1.5994574289230166,72.30684296948434,7.449011909184088,0.08918032101161381,9.910821228271278,2.5509896400988827,2.8133806870061475,0.9999999999999996,2.7266650910134036,0.9999999999999996,2.7266650910134036,0.9999999999999996,0.5956005096314475,0.9999999999999996,0.039839416391166116
16640.0,164.44458714121495,46.600588021851536,142.29944902401851,14.064846217303835,223.1770871116002,22.60993899953501,10.581207438052349,648.275306804819,6.075852181012364E-28,164.20363791925973,164.20363791925973,19.341248071555636,1.1687321564536135,79.22667820916375,7.448598349754693,0.0891438634170168,9.910857685865878,2.551403199528277,0.4679892076785328,0.9999999999999996,2.7266650910134036,0.9999999999999996,2.7266650910134036,0.9999999999999996,0.6262794044829936,0.9999999999999996,0.029110876093809475
16720.0,164.47521127608653,46.5969986099603,142.31240866638208,14.062068723774951,223.26071903062692,44.28810234142273,5.273936709355145,648.1467207391526,4.7463666727359195E-34,164.20363791925973,164.20363791925973,19.93816580470966,0.8978453122909938,77.48118026464027,7.448222428650871,0.08911076652574809,9.910890782757141,2.5517791206320983,0.11908247205305124,0.9999999999999996,2.7266650910134036,0.9999999999999996,2.7266650910134036,0.9999999999999996,0.6456079028850602,0.9999999999999996,0.022363604435100666
16800.0,164.50302909913816,46.59373664186992,142.32417969636577,14.059544793112709,223.33670066362012,67.7266070169248,3.241387119378381,648.0298735505626,1.8098676274473964E-38,164.20363791925973,164.20363791925973,20.314575519283068,0.7274636856516112,72.85944075385939,7.447880729900271,0.08908071849551707,9.910920830787372,2.552120819382701,0.04785987755991322,0.9999999999999996,2.7266650910134036,0.9999999999999996,2.7266650910134036,0.9999999999999996,0.6577962400085232,0.9999999999999996,0.018119724950504974
16880.0,164.5282981014335,46.5907722660022,142.33487135375188,14.0572512766863,223.40573159558792,90.47960931940834,2.252297422925198,647.9236935561415,-1.0101777280535043E-42,164.20363791925973,164.20363791925973,20.55223774433529,0.6202818044487488,67.64791560526812,7.447570145961056,0.08905343678401932,9.910948112498877,2.5524314033219153,0.024892872989473316,0.9999999999999996,2.7266650910134036,0.9999999999999996,2.7266650910134036,0.9999999999999996,0.6654918631773665,0.9999999999999996,0.015450029891659577
16960.0,164.55125209257864,46.58807834860324,142.34458280012635,14.055167139075857,223.46844748313896,111.85915463904112,1.6826811131617843,647.8272069056783,-1.4060678918009042E-45,164.20363791925973,164.20363791925973,20.702570440525964,0.5528424393422765,62.48670905957604,7.447287850066946,0.08902866532502322,9.910972883957875,2.5527136992160218,0.015042855621353806,0.9999999999999996,2.7266650910134036,0.9999999999999996,2.7266650910134036,0.9999999999999996,0.6703597119892062,0.9999999999999996,0.013770244672592052
17040.0,164.57210338644865,46.58563022716084,142.35340405456378,14.053273265358385,223.5254258828585,131.6742207139948,1.317263234010836,647.7395286598085,-1.901518701979109E-47,164.20363791925973,164.20363791925973,20.797911816935148,0.5103959675856993,57.58434408050143,7.447031271127185,0.08900617199847267,9.910995377284426,2.5529702781557826,0.010003956939088477,0.9999999999999996,2.7266650910134036,0.9999999999999996,2.7266650910134036,0.9999999999999996,0.6734469140259737,0.9999999999999996,0.012712984484188786
17120.0,164.59104478570535,46.583405485823,142.36141684220684,14.051552285762854,223.5771915558247,149.90775545822805,1.0651565557259108,647.6598546722832,1.4071318293879608E-47,164.20363791925973,164.20363791925973,20.8586022964428,0.4836680128383181,53.01212095650944,7.44679807080017,0.08898574634879543,9.911015802934102,2.5532034784827986,0.007105413275450701,0.9999999999999996,2.7266650910134036,0.9999999999999996,2.7266650910134036,0.9999999999999996,0.6754121024783021,0.9999999999999996,0.012047242402399115
17200.0,164.60825138455442,46.581383750801876,142.36869536432164,14.04998841607367,223.62422129678686,166.61504771430802,0.8819868299122334,647.5874542013253,1.9468767529070938E-50,164.20363791925973,164.20363791925973,20.897437642238962,0.46682696971502424,48.788159657797515,7.446586122552616,0.08896719752485685,9.911034351758046,2.553415426730353,0.005293560467746954,0.9999999999999996,2.7266650910134036,0.9999999999999996,2.7266650910134036,0.9999999999999996,0.6766696106364174,0.9999999999999996,0.011627764323571934
17280.0,164.62388218658646,46.579546506344194,142.37530698878078,14.048567314181897,223.6669482755943,181.8830574991839,0.743687746974694,647.5216632685543,-5.3152533197009774E-52,164.20363791925973,164.20363791925973,20.922469186912675,0.4562059594219289,44.90735899830721,7.44639349278429,0.08895035244032959,9.911051196842573,2.553608056498679,0.004088823649657588,0.9999999999999996,2.7266650910134036,0.9999999999999996,2.7266650910134036,0.9999999999999996,0.677480144725714,0.9999999999999996,0.011363215330951104
17360.0,164.63808161888448,46.577876921962215,142.38131289557,14.047275945541426,223.70576610956286,195.81143287919306,0.6361374933968512,647.4618784301828,5.688264471197127E-54,164.20363791925973,164.20363791925973,20.938766467092094,0.44949837493253963,41.35399568399936,7.446218423058854,0.08893505406320987,9.911066495219695,2.553783126224115,0.003248724980166606,0.9999999999999996,2.7266650910134036,0.9999999999999996,2.7266650910134036,0.9999999999999996,0.6780078589087749,0.9999999999999996,0.01119614226816153
17440.0,164.65098083870856,46.57635970317817,142.38676863363568,14.046102466977153,223.74103238087892,208.50283559669643,0.5505290501711683,647.4075513978177,7.315201693245139E-56,164.20363791925973,164.20363791925973,20.94952052878072,0.44525435708158834,38.107661201982566,7.446059314738125,0.08892115994314304,9.911080389339759,2.553942234544845,0.0026403911898639472,0.9999999999999996,2.7266650910134036,0.9999999999999996,2.7266650910134036,0.9999999999999996,0.6783560808707295,0.9999999999999996,0.011090431924592437
17520.0,164.6626989679213,46.57498095012169,142.39172464642144,14.045036116699961,223.77307196628635,220.05787165137716,0.48109669768358787,647.3581839466303,4.664815755492755E-57,164.20363791925973,164.20363791925973,20.95674270612651,0.4425619075004825,35.146258420772924,7.4459147143890485,0.08890854082828391,9.911093008454616,2.5540868348939227,0.0021862280775202486,0.9999999999999996,2.7266650910134036,0.9999999999999996,2.7266650910134036,0.9999999999999996,0.67858993862957,0.9999999999999996,0.01102336817032539
17600.0,164.67334422293897,46.57372802784227,142.39622675260287,14.044067113492744,223.80218008926778,230.57248330583067,0.4239126999053667,647.3133232480902,2.0748580510072984E-57,164.20363791925973,164.20363791925973,20.96170292232999,0.44084688788204723,32.44756681851939,7.445783300377155,0.08889707940439014,9.911104469878511,2.554218248905815,0.0018385225063612214,0.9999999999999996,2.7266650910134036,0.9999999999999996,2.7266650910134036,0.9999999999999996,0.6787505529414558,0.9999999999999996,0.010980650321470938
17680.0,164.68301489430897,46.57258945376429,142.40031656269835,14.043186569248293,223.82862496789215,240.13667239067064,0.37621292936392664,647.2725578208449,-5.068128326398186E-59,164.20363791925973,164.20363791925973,20.96520232685346,0.43974862673697673,29.990070712039856,7.445663871222526,0.08888666920384033,9.911114880079062,2.5543376780604428,0.0015666617081787405,0.9999999999999996,2.7266650910134036,0.9999999999999996,2.7266650910134036,0.9999999999999996,0.678863865431575,0.9999999999999996,0.010953294743089485
17760.0,164.69180019158142,46.57155480059134,142.40403183831023,14.042386413528869,223.8526500997011,248.8339253791575,0.3359972179647141,647.2355140381477,6.249954818007873E-59,164.20363791925973,164.20363791925973,20.96774836647522,0.43904005216569275,27.753402101158304,7.445555335548427,0.08887721366618188,9.911124335616721,2.5544462137345407,0.00135028701352817,0.9999999999999996,2.7266650910134036,0.9999999999999996,2.7266650910134036,0.9999999999999996,0.6789463074835153,0.9999999999999996,0.010935645509743784
17840.0,164.69978125668294,46.57061457914963,142.4074069222748,14.041659302672258,223.8744770118895,256.7413388985742,0.30178200944932904,647.201851919856,-5.030497446778087E-58,164.20363791925973,164.20363791925973,20.969663674622502,0.4385780412264819,25.718488622455393,7.445456699901928,0.08886862502256017,9.911132924260343,2.5545448493810383,0.001175432093421263,0.9999999999999996,2.7266650910134036,0.9999999999999996,2.7266650910134036,0.9999999999999996,0.6790083261309906,0.9999999999999996,0.01092413770350171
17920.0,164.70703171830064,46.56976017470605,142.41047297436933,14.040998570314173,223.89430676079823,263.92962330259496,0.2724472586993313,647.1712628418223,2.300542094109502E-59,164.20363791925973,164.20363791925973,20.97115348187498,0.43827267854117485,23.86766432965444,7.445367062160557,0.0888608236793672,9.911140725603538,2.554634487122411,0.001032272373559867,0.9999999999999996,2.7266650910134036,0.9999999999999996,2.7266650910134036,0.9999999999999996,0.6790565668440729,0.9999999999999996,0.010916531704773464
18000.0,164.71361846852292,46.56898375712104,142.41325830089548,14.040398157698696,223.91232204072318,270.46350563484305,0.24712798502005978,647.1434663095772,3.8106849322474476E-60,164.20363791925973,164.20363791925973,20.97234972543065,0.43806716181219235,22.18464332590291,7.445285602186695,0.08885373736485355,9.911147811918052,2.5547159470962724,9.137202612233795E-4,0.9999999999999996,2.7266650910134036,0.9999999999999996,2.7266650910134036,0.9999999999999996,0.6790953018160298,0.9999999999999996,0.010911412677287501
18080.0,34.72297010752027,258.806688206846,68.20529002493278,552.7944959536715,8.163829530369089,268.36096420675545,0.25571648825968135,2.4466487140085475E-7,301.0322863915455,164.20363791925973,164.20363791925973,13.502768368715515,3.813995188097339,22.6777623418192,9.913602526929168,1.9735823222023992,8.026419227080533,0.08639902235378082,9.528825811740179E-4,0.9999999999999996,2.7266650910134036,0.9999999999999996,2.7266650910134036,0.9999999999999996,0.43722647584814256,0.9999999999999996,0.0949993039294747
18160.0,34.716451895498835,258.8445344293102,68.19936711684198,552.9571550408684,8.160313451043844,254.36527342153582,0.3129218478132283,4.045505464704182E-14,300.90224058090195,164.20363791925973,164.20363791925973,8.753343822553568,6.007973686909885,26.257031186319203,9.913627724046666,1.974265468625439,8.025736080657493,0.08637382523628402,0.001230206637895308,0.9999999999999996,2.7266650910134036,0.9999999999999996,2.7266650910134036,0.9999999999999996,0.2834377045443072,0.9999999999999996,0.1496470997300252
18240.0,34.710901536194925,258.8789124677833,68.19446595329791,553.1049289020067,8.157113876582489,234.06023775666748,0.40762005810527163,-6.682219491417835E-15,300.7837403707815,164.20363791925973,164.20363791925973,5.767002623502609,7.388657954158862,31.46774577886256,9.913650602591984,1.9748876557556339,8.025113893527298,0.08635094669096804,0.0017415177477903766,0.9999999999999996,2.7266650910134036,0.9999999999999996,2.7266650910134036,0.9999999999999996,0.18673846461908175,0.9999999999999996,0.18403729632606827
18320.0,34.70585612114673,258.910140549499,68.19001036752174,553.2391797074204,8.154205827722867,210.85711739902064,0.537791019739373,-1.848102674450788E-15,300.6760371760837,164.20363791925973,164.20363791925973,3.8892308168269962,8.257864842645258,37.417311521837526,9.913671376974749,1.975453493696814,8.024548055586115,0.08633017230820342,0.00255049972404617,0.9999999999999996,2.7266650910134036,0.9999999999999996,2.7266650910134036,0.9999999999999996,0.12593526285625103,0.9999999999999996,0.20568757255992615
18400.0,34.70126976725948,258.9385075903097,68.18595992210558,553.3611448253208,8.151562739797606,186.80828303923667,0.7063629674034788,-1.9310747897532028E-16,300.5781471426073,164.20363791925973,164.20363791925973,2.708505148960269,8.805369877107616,43.565375765934405,9.9136902415683,1.9759680581435566,8.024033491139376,0.08631130771465197,0.0037812186692766526,0.9999999999999996,2.7266650910134036,0.9999999999999996,2.7266650910134036,0.9999999999999996,0.08770276796276702,0.9999999999999996,0.21932487271544998
18480.0,34.69710075569727,258.9642759555948,68.18227784277414,553.471948433161,8.149160469142966,163.12162913790291,0.9202966594262997,-4.0913950705935637E-19,300.48917607855475,164.20363791925973,164.20363791925973,1.966053080306288,9.150515575051838,49.58980897465178,9.913707372642135,1.97643597241457,8.02356557686836,0.08629417664081933,0.005641781928552721,0.9999999999999996,2.7266650910134036,0.9999999999999996,2.7266650910134036,0.9999999999999996,0.06366179409730006,0.9999999999999996,0.22792178997462223
18560.0,34.693311150221156,258.987683908192,68.17893068172548,553.5726118630299,8.146977072527257,140.48394876809192,1.1911105382670477,1.9581333951179322E-18,300.4083112882372,164.20363791925973,164.20363791925973,1.4991767178079434,9.368343889359174,55.301640645024776,9.913722930073373,1.9768614469050816,8.02314010237785,0.08627861920958074,0.008478623705497552,0.9999999999999996,2.7266650910134036,0.9999999999999996,2.7266650910134036,0.9999999999999996,0.04854410111332648,0.9999999999999996,0.2333474754342966
18640.0,34.689866456025484,259.00894783038746,68.17588801910742,553.6640630081845,8.144992606502381,119.2651300058397,1.5365793934136573,-1.2528719874041687E-16,300.3348141405654,164.20363791925973,164.20363791925973,1.2055757569830834,9.506046404739584,60.590333107190894,9.9137370588929,1.977248315283412,8.022753233999518,0.0862644903900536,0.012883727149238173,0.9999999999999996,2.7266650910134036,0.9999999999999996,2.7266650910134036,0.9999999999999996,0.03903715335996784,0.9999999999999996,0.23677738094422007
18720.0,34.686735314743665,259.02826420196646,68.17312219575153,553.7471447066991,8.143188948592774,99.64802119631977,1.9839813898865233,-3.728001158079126E-19,300.268013446648,164.20363791925973,164.20363791925973,1.020928904473399,9.593301289812693,65.38737463536934,9.913749890656796,1.9776000669472202,8.022401482335708,0.08625165862615292,0.019909892500301812,0.9999999999999996,2.7266650910134036,0.9999999999999996,2.7266650910134036,0.9999999999999996,0.03305819479423329,0.9999999999999996,0.23895073275448464
18800.0,34.68388919684268,259.045811580641,68.17060804325195,553.8226231591457,8.141549617498692,81.71316218639774,2.5759829017206504,-3.235523337741673E-21,300.2072988006199,164.20363791925973,164.20363791925973,0.9047925016336766,9.648775357007727,69.63974296919893,9.913761544808933,1.9779198800981204,8.022081669184809,0.08624000447401858,0.03152469972762182,0.9999999999999996,2.7266650910134036,0.9999999999999996,2.7266650910134036,0.9999999999999996,0.029297639273712105,0.9999999999999996,0.2403324853550416
18880.0,34.68130218089164,259.0617520333822,68.1683226904781,553.8911940007738,8.140059643772286,65.49851801034906,3.3809998975081523,-9.155610804504773E-23,300.152115790082,164.20363791925973,164.20363791925973,0.8317352976339212,9.684211781333154,73.28661046722057,9.913772129670386,1.9782106453295163,8.021790903953413,0.08622941961256488,0.05161948697791817,0.9999999999999996,2.7266650910134036,0.9999999999999996,2.7266650910134036,0.9999999999999996,0.02693201002140712,0.9999999999999996,0.2412151387089763
18960.0,34.678950694743534,259.07623279300054,68.1662453361616,553.953489358981,8.138705418975535,51.047690473886526,4.511215484228499,-7.045929824770848E-27,300.1019604093934,164.20363791925973,164.20363791925973,0.7857691886674029,9.706998141995053,76.23341461721155,9.913781743571477,1.9784749936995454,8.02152655558338,0.08621980571147664,0.08837256773714795,0.9999999999999996,2.7266650910134036,0.9999999999999996,2.7266650910134036,0.9999999999999996,0.025443604141732364,0.9999999999999996,0.24178270324306952
19040.0,34.67681330848736,259.0893875861093,68.16435706700432,554.0100835091396,8.137474574960239,38.45618131327069,6.150119674573407,1.572828971491671E-28,300.0563745886513,164.20363791925973,164.20363791925973,0.7568393350020128,9.721784892323718,78.31941046144767,9.91379047575974,1.9787153191711553,8.021286230111771,0.08621107352321039,0.15992538688315072,0.9999999999999996,2.7266650910134036,0.9999999999999996,2.7266650910134036,0.9999999999999996,0.024506840833681615,0.9999999999999996,0.24215101282903495
19120.0,34.674870538976215,259.1013378821993,68.16264068582964,554.0614982013958,8.136355870082005,27.906787603283878,8.576619534642033,-5.273580383419266E-31,300.01494197947216,164.20363791925973,164.20363791925973,0.7386240061708663,9.731499933525031,79.2906006580968,9.913798407250814,1.9789337998992749,8.021067749383654,0.0862031420321325,0.30733094960857466,0.9999999999999996,2.7266650910134036,0.9999999999999996,2.7266650910134036,0.9999999999999996,0.023917019264224085,0.9999999999999996,0.24239299586945703
19200.0,34.67310467461539,259.1121940113129,68.16108055748391,554.1082074305506,8.135339087297055,19.629808091565355,12.11849172430572,2.4443756529740127E-31,299.9772841808694,164.20363791925973,164.20363791925973,0.727148086269012,9.737988013272794,78.8445101572905,9.913805611588169,1.9791324173620426,8.020869131920888,0.08619593769477722,0.6173515129530411,0.9999999999999996,2.7266650910134036,0.9999999999999996,2.7266650910134036,0.9999999999999996,0.02354542316786887,0.9999999999999996,0.24255460149019822
19280.0,34.67149961356774,259.1220561936196,68.15966246646629,554.1506418339332,8.134414940167014,13.686843733339694,16.932291947900662,7.870174524519348E-34,299.94305725801445,164.20363791925973,164.20363791925973,0.7199114794985886,9.742412705834704,76.84925394632558,9.913812155541114,1.979312974085945,8.020688575196989,0.08618939374182964,1.237121740979288,0.9999999999999996,2.7266650910134036,0.9999999999999996,2.7266650910134036,0.9999999999999996,0.023311098176953544,0.9999999999999996,0.24266481209423757
19360.0,34.670040720032695,259.1310154527036,68.15837349042486,554.1891925946429,8.133574989418747,9.740249710841706,22.77065778215601,-1.198326986217322E-35,299.91194865192233,164.20363791925973,164.20363791925973,0.7153426595319389,9.745508463391863,73.5756679843685,9.913818099723022,1.9794771094216626,8.020524439861276,0.08618344955992674,2.3377899394930686,0.9999999999999996,2.7266650910134036,0.9999999999999996,2.7266650910134036,0.9999999999999996,0.023163157473369295,0.9999999999999996,0.24274192147654153
19440.0,34.66871468639436,259.1391544891485,68.15720187875401,554.2242151787294,8.132811563005603,7.197093945214834,29.125226210006964,-2.0297139683301476E-38,299.8836742188087,164.20363791925973,164.20363791925973,0.7124525084493042,9.747740314402375,69.55411586992624,9.913823499180937,1.979626314729899,8.02037523455304,0.08617805010201329,4.046803672664519,0.9999999999999996,2.7266650910134036,0.9999999999999996,2.7266650910134036,0.9999999999999996,0.02306957291811196,0.9999999999999996,0.24279751260395946
19520.0,34.667509418005565,259.14654841049435,68.1561369511178,554.2560324582995,8.132117689307536,5.531242428660267,35.54827745256757,6.903924128802293E-39,299.85797575607654,164.20363791925973,164.20363791925973,0.710619643069044,9.74940292103512,65.25272669179695,9.913828403888148,1.9797619460782137,8.020239603204725,0.0861731453948004,6.426816020280238,0.9999999999999996,2.7266650910134036,0.9999999999999996,2.7266650910134036,0.9999999999999996,0.023010223809171313,0.9999999999999996,0.24283892494588175
19600.0,34.66641391989954,259.1532654470733,68.15516899762372,554.284937777018,8.131487031518102,4.397853830788664,41.76721734626851,-4.987129514785473E-40,299.83461857224785,164.20363791925973,164.20363791925973,0.7094530177579834,9.750684004987281,60.96290690071272,9.913832859225877,1.9798852367681599,8.020116312514778,0.08616869005706966,9.497181796689778,0.9999999999999996,2.7266650910134036,0.9999999999999996,2.7266650910134036,0.9999999999999996,0.022972447890969826,0.9999999999999996,0.2428708342896875
19680.0,34.665418197537285,259.1593675785229,68.15428919134612,554.311197633964,8.130913830186799,3.594297693227428,47.64568558435385,4.54843629371042E-42,299.81338935894706,164.20363791925973,164.20363791925973,0.7087065864481508,9.751703760734383,56.838279630079,9.913836906404468,1.9799973083228908,8.02000424096005,0.08616464287847926,13.255909679971822,0.9999999999999996,2.7266650910134036,0.9999999999999996,2.7266650910134036,0.9999999999999996,0.022948278067260415,0.9999999999999996,0.24289623444919872
19760.0,34.664513165464925,259.16491110950454,68.15348950780037,554.3350541510799,8.130392850370571,3.003024770511008,53.12674261772282,-8.73147966589573E-43,299.7940942335882,164.20363791925973,164.20363791925973,0.708225535169702,9.752539707173375,52.951578720971554,9.91384058284988,1.9800991806168782,8.019902368666068,0.08616096643306653,17.691077056511435,0.9999999999999996,2.7266650910134036,0.9999999999999996,2.7266650910134036,0.9999999999999996,0.022932701383321607,0.9999999999999996,0.2429170562714376
19840.0,34.663690566427,259.1699471791083,68.1527626536232,554.3567272570632,8.129919334851632,2.5540718751250595,58.19573359833234,2.3637124359372824E-44,299.77655700673824,164.20363791925973,164.20363791925973,0.7079124339345491,9.753242348014952,49.33187708742489,9.913843922545372,1.980191780855959,8.019809768426986,0.08615762673757547,22.78547215727153,0.9999999999999996,2.7266650910134036,0.9999999999999996,2.7266650910134036,0.9999999999999996,0.02292256300681307,0.9999999999999996,0.2429345577069587
19920.0,34.66294289297252,259.17452225347444,68.15210199742809,554.376416800529,8.129488958830358,2.2041914675337284,62.859831025278595,1.5432945071060067E-47,299.7606175041092,164.20363791925973,164.20363791925973,0.7077058878981809,9.753845067505647,45.98515066192067,9.913846956361343,1.9802759522988083,8.019725596984136,0.08615459292160417,28.518317011549144,0.9999999999999996,2.7266650910134036,0.9999999999999996,2.7266650910134036,0.9999999999999996,0.02291587494158706,0.9999999999999996,0.24294957029330372
20000.0,34.66226332243461,259.17867853444363,68.15150151245582,554.3943043030253,8.12909779234796,1.9255921648721956,67.13714323199143,-4.194021431104148E-48,299.7461301748352,164.20363791925973,164.20363791925973,0.7075672406936931,9.75437030458373,42.90526494455166,9.913849712328943,1.9803524614915968,8.01964908779135,0.0861518369540056,34.86571271775372,0.9999999999999996,2.7266650910134036,0.9999999999999996,2.7266650910134036,0.9999999999999996,0.022911385474912598,0.9999999999999996,0.2429626529413814
20080.0,34.661645652055974,259.18245436639074,68.15095571933493,554.4105547052633,8.128742262820664,1.6997588427923351,71.05092840973913,1.0277919095124043E-49,299.73296270387783,164.20363791925973,164.20363791925973,0.7074720793898611,9.75483351311337,40.07986289808406,9.91385221591198,1.980422005501402,8.019579543781546,0.08614933337096847,41.80059348478979,0.9999999999999996,2.7266650910134036,0.9999999999999996,2.7266650910134036,0.9999999999999996,0.022908304103717046,0.9999999999999996,0.24297419057730377
20160.0,34.66108424475677,259.18588457627595,68.1504596382313,554.4253178267595,8.128419123721272,1.5139513900514014,74.62643333932874,-3.4066957629694383E-50,299.7209948521083,164.20363791925973,164.20363791925973,0.707404997337449,9.755245612897033,37.49361421473985,9.913854490234183,1.9804852179639296,8.019516331319018,0.08614705904876396,49.292489725707135,0.9999999999999996,2.7266650910134036,0.9999999999999996,2.7266650910134036,0.9999999999999996,0.022906131952898198,0.9999999999999996,0.2429844551924034
20240.0,34.66057397625955,259.1890008046429,68.15000874218381,554.4387297872194,8.128125424060556,1.359147417493673,77.88917720863466,-2.1552695537104876E-50,299.71011732601255,164.20363791925973,164.20363791925973,0.7073562333717537,9.755614574692983,35.130019872240254,9.913856556300129,1.980542674988973,8.019458874293974,0.08614499298281707,57.307379763311985,0.9999999999999996,2.7266650910134036,0.9999999999999996,2.7266650910134036,0.9999999999999996,0.02290455295100117,0.9999999999999996,0.24299364532297854
20320.0,34.660110188872714,259.19183179476806,68.14959891631365,554.4509142483811,8.127858481716158,1.228798005764493,80.8640103049338,-5.5358007152457965E-52,299.7002307898943,164.20363791925973,164.20363791925973,0.70731958926474,9.755946411431195,32.97243195915409,9.913858433188159,1.9805949003247036,8.019406648958244,0.08614311609478945,65.80740685254001,0.9999999999999996,2.7266650910134036,0.9999999999999996,2.7266650910134036,0.9999999999999996,0.022903366396264193,0.9999999999999996,0.24300191073958072
20400.0,34.65968864914807,259.1944036573227,68.14922642044809,554.4619835509349,8.127615859003761,1.118040742939439,83.574607832937,3.6127094313132345E-52,299.6912449611214,164.20363791925973,164.20363791925973,0.707291115510489,9.75624581260181,31.00463266653777,9.913860138226836,1.9806423700927758,8.019359179190173,0.08614141105611298,74.75095014266756,0.9999999999999996,2.7266650910134036,0.9999999999999996,2.7266650910134036,0.9999999999999996,0.022902444401686088,0.9999999999999996,0.24300936824841368
20480.0,34.6593055090222,259.19674011304414,68.14888785481575,554.4720397571933,8.12739534026388,1.0231961254104012,86.04322596898803,1.4446495017324801E-52,299.6830777800254,164.20363791925973,164.20363791925973,0.7072682757591526,9.756516555636006,29.211145593182582,9.913861687156663,1.980685517137102,8.019316032145849,0.08613986212628526,84.09260339456067,0.9999999999999996,2.7266650910134036,0.9999999999999996,2.7266650910134036,0.9999999999999996,0.022901704838974697,0.9999999999999996,0.243016111938042
20560.0,34.658957270847345,259.1988627109487,68.14858012917308,554.4811755888123,8.127194911695815,0.9414305904511263,88.29059978427411,-7.4252878411101265E-53,299.67565466302733,164.20363791925973,164.20363791925973,0.7072494300661419,9.756761767696682,27.577398782357218,9.91386309427542,1.9807247349394692,8.01927681434348,0.08613845500752738,93.78344052105416,0.9999999999999996,2.7266650910134036,0.9999999999999996,2.7266650910134036,0.9999999999999996,0.02290109460589397,0.9999999999999996,0.24302221970009477
20640.0,34.65864075563645,259.2007910263398,68.1483004347659,554.4894752778079,8.127012743048445,0.8705280560577534,90.33592878910704,-8.632820639792856E-53,299.6689078245324,164.20363791925973,164.20363791925973,0.7072335071282198,9.756984098186944,26.08979473757024,9.913864372569996,1.9807603811770316,8.019241168105918,0.08613717671295486,103.77141570623186,0.9999999999999996,2.7266650910134036,0.9999999999999996,2.7266650910134036,0.9999999999999996,0.022900579013102714,0.9999999999999996,0.24302775752612116
20720.0,34.65835307373183,259.2025428435552,68.14804621842886,554.4970153521185,8.126847170711965,0.8087316230739255,92.19691673113945,-1.732942860224114E-53,299.6627756507123,164.20363791925973,164.20363791925973,0.7072197941737369,9.75718583539317,24.735722072832285,9.913865533837974,1.9807927810104697,8.019208768272478,0.08613601544497376,114.0018692241886,0.9999999999999996,2.7266650910134036,0.9999999999999996,2.7266650910134036,0.9999999999999996,0.022900134980694084,0.9999999999999996,0.24303278241294535
20800.0,34.65809159861457,259.2041343190289,68.14781515945691,554.5038653366179,8.126696682621871,0.7546314383942054,93.88983660088752,2.860525469495393E-54,299.6572021404054,164.20363791925973,164.20363791925973,0.7072078096025116,9.757368982872404,23.503536532108633,9.913866588796147,1.9808222300209568,8.019179319261994,0.08613496048680318,124.41813556121843,0.9999999999999996,2.7266650910134036,0.9999999999999996,2.7266650910134036,0.9999999999999996,0.022899746914210362,0.9999999999999996,0.24303734426532994
20880.0,34.65785394254564,259.20558013281413,68.14760514809262,554.5100884046116,8.126559904221331,0.7070830307820416,95.42961382152964,8.051281229308228E-56,299.65213638521595,164.20363791925973,164.20363791925973,0.7071972196384638,9.757535314321476,22.38252065081063,9.913867547181226,1.9808489969432064,8.019152552339746,0.08613400210172181,134.96238725455405,0.9999999999999996,2.7266650910134036,0.9999999999999996,2.7266650910134036,0.9999999999999996,0.02289940400581309,0.9999999999999996,0.24304148726266062
20960.0,34.65763793749261,259.20689360740135,68.14741426868186,554.5157418886762,8.126435587468587,0.6651484272652783,96.82989666013289,7.234356445828593E-58,299.64753216238955,164.20363791925973,164.20363791925973,0.7071877862222344,9.75768641047185,21.362846920291574,9.913868417828912,1.9808733258048874,8.019128223478065,0.08613313145403743,145.57637467210702,0.9999999999999996,2.7266650910134036,0.9999999999999996,2.7266650910134036,0.9999999999999996,0.022899098547019714,0.9999999999999996,0.24304525077792588
21040.0,34.65744161068933,259.2080868592257,68.14724077808522,554.5208779323281,8.126322596758547,0.6280518088148487,98.10317717978106,2.8760731242227584E-58,299.6433474134009,164.20363791925973,164.20363791925973,0.7071793340046492,9.75782369083462,20.43549988852071,9.913869208774491,1.9808954386723965,8.019106110610556,0.08613234050845629,156.20236388603752,0.9999999999999996,2.7266650910134036,0.9999999999999996,2.7266650910134036,0.9999999999999996,0.022898824859935184,0.9999999999999996,0.24304867016842405
21120.0,34.65726316794408,259.20917090246735,68.14708309093481,554.5255439364076,8.126219899305692,0.5951454803124422,99.26087036383888,4.24592523148334E-59,299.6395438877742,164.20363791925973,164.20363791925973,0.7071717291570587,9.757948434748242,19.592226447141574,9.913869927321855,1.9809155375248766,8.019086011758077,0.08613162196109111,166.7842126797778,0.9999999999999996,2.7266650910134036,0.9999999999999996,2.7266650910134036,0.9999999999999996,0.022898578611120088,0.9999999999999996,0.24305177730002203
21200.0,34.65710098116221,259.21015572659496,68.14693976861376,554.5297828925411,8.12612655795502,0.5658860106220336,100.31337482033682,3.93107169134195E-60,299.6360868768275,164.20363791925973,164.20363791925973,0.707164867013499,9.758061795510184,18.825497118300312,9.913870580095022,1.9809338056548758,8.019067743628078,0.0861309691879239,177.2678117808042,0.9999999999999996,2.7266650910134036,0.9999999999999996,2.7266650910134036,0.9999999999999996,0.022898356411437514,0.9999999999999996,0.2430546008991474
21280.0,34.65695356988204,259.2110504107853,68.14680950294527,554.5336338753561,8.126041720547768,0.5398131702021262,101.27017665876005,1.6706034838820067E-59,299.6329448198182,164.20363791925973,164.20363791925973,0.7071586623341106,9.758164817359965,18.128434721374735,9.91387117311411,1.9809504097438655,8.019051139539087,0.08613037616883701,187.6022710243263,0.9999999999999996,2.7266650910134036,0.9999999999999996,2.7266650910134036,0.9999999999999996,0.022898155500777666,0.9999999999999996,0.2430571669758036
21360.0,34.656819587724485,259.2118632078794,68.14669110422149,554.5371324036588,8.125964612118096,0.5165357147252982,102.1399269616544,2.8801714567122296E-60,299.6300890149387,164.20363791925973,164.20363791925973,0.7071530440082736,9.758258447092981,17.494760784169124,9.91387171185107,1.9809655013855105,8.019036047897444,0.08612983743187456,197.7402995569706,0.9999999999999996,2.7266650910134036,0.9999999999999996,2.7266650910134036,0.9999999999999996,0.022897973576542663,0.9999999999999996,0.2430594991128475
21440.0,34.65669781144936,259.21260161224114,68.14658349153696,554.5403107323111,8.125894528589004,0.4957180314260975,102.9305025262812,-4.1966851346081034E-60,299.6274933858365,164.20363791925973,164.20363791925973,0.7071479515517267,9.758343543084331,16.91875409657615,9.913872201274778,1.9809792183151176,8.019022330967838,0.08612934800816913,207.6392142326706,0.9999999999999996,2.7266650910134036,0.9999999999999996,2.7266650910134036,0.9999999999999996,0.02289780868022151,0.9999999999999996,0.24306161869075643
21520.0,34.65658712907928,259.21327243325214,68.14648568229568,554.5431981684477,8.12583082993449,0.47707163537494635,103.64907766484791,8.365139455507083E-61,299.6251342283652,164.20363791925973,164.20363791925973,0.7071433324973989,9.758420884533674,16.395199841678174,9.913872645899776,1.9809916857455208,8.019009863537436,0.08612890338317152,217.26103582617458,0.9999999999999996,2.7266650910134036,0.9999999999999996,2.7266650910134036,0.9999999999999996,0.022897659112903878,0.9999999999999996,0.24306354511789913
21600.0,34.65648652997675,259.2138818567172,68.14639678344513,554.5458213356634,8.125772934464933,0.46034701138282985,104.30218314607743,1.0622619080880585E-61,299.62298999893926,164.20363791925973,164.20363791925973,0.7071391408154367,9.758491178916655,15.919348147615816,9.913873049827057,1.9810030174828235,8.018998531800133,0.08612849945589127,226.57295598110994,0.9999999999999996,2.7266650910134036,0.9999999999999996,2.7266650910134036,0.9999999999999996,0.022897523384119812,0.9999999999999996,0.24306529601613683
21680.0,34.656395095577096,259.2144355021771,68.14631598328855,554.5482044206004,8.125720313491314,0.44532758059746247,104.89576279924675,-2.178131798095109E-61,299.6210411169141,164.20363791925973,164.20363791925973,0.7071353356867699,9.75855506882922,15.486873818270592,9.913873416782087,1.981013316968655,8.018988232314301,0.08612813250086254,235.547420302412,0.9999999999999996,2.7266650910134036,0.9999999999999996,2.7266650910134036,0.9999999999999996,0.02289740017212715,0.9999999999999996,0.24306688739130186
21760.0,34.65631199098401,259.2149384748543,68.14624254405977,554.5503693964605,8.125672486486206,0.43182447026423315,105.43522506808759,8.969182687195863E-62,299.61926978536906,164.20363791925973,164.20363791925973,0.7071318806589533,9.758613138072926,15.093839593355744,9.913873750149273,1.9810226782256237,8.018978871057335,0.08612779913367685,244.16222870272227,0.9999999999999996,2.7266650910134036,0.9999999999999996,2.7266650910134036,0.9999999999999996,0.022897288296577264,0.9999999999999996,0.24306833378477108
21840.0,34.65623645735752,259.2153954126787,68.14617579519764,554.552336225349,8.125629016701058,0.41967246645704775,105.92549037746203,-6.960968130871769E-63,299.61765982878813,164.20363791925973,164.20363791925973,0.7071287430133852,9.758665917106994,14.736662199202424,9.913874053003166,1.981031186713731,8.018970362569227,0.08612749627978378,252.40038087726964,0.9999999999999996,2.7266650910134036,0.9999999999999996,2.7266650910134036,0.9999999999999996,0.022897186698025273,0.9999999999999996,0.24306964840926615
21920.0,34.65616780497995,259.21581052909926,68.14611512721943,554.5541230425023,8.125589507174192,0.4087265414858118,106.37103447630246,-6.492222603888221E-64,299.61619654521,164.20363791925973,164.20363791925973,0.7071258932753619,9.758713887975654,14.412081227407816,9.91387432813686,1.9810389201105638,8.018962629172396,0.08612722114608877,260.2498826957019,0.9999999999999996,2.7266650910134036,0.9999999999999996,2.7266650910134036,0.9999999999999996,0.022897094422065337,0.9999999999999996,0.24307084327158426
22000.0,34.656105406967576,259.2161876518915,68.14605998616486,554.5557463232763,8.12555359711054,0.39885902233844595,106.77592804696442,5.787502687772942E-64,299.61486657214874,164.20363791925973,164.20363791925973,0.7071233048254152,9.758757488751844,14.117130608828974,9.913874578087736,1.9810459490189407,8.01895560026402,0.08612697119521188,267.70342919900474,0.9999999999999996,2.7266650910134036,0.9999999999999996,2.7266650910134036,0.9999999999999996,0.0228970106067456,0.9999999999999996,0.24307192928328183
22080.0,34.65604869337958,259.2165302594912,68.1460098683908,554.5572210395051,8.125520958490341,0.38995707803067964,107.14387393652412,1.5993354852771373E-63,299.6136577609915,164.20363791925973,164.20363791925973,0.7071209535712576,9.75879711768416,13.849111765013026,9.91387480516156,1.981052337629903,8.018949211653059,0.08612674412138763,274.75812075936886,0.9999999999999996,2.7266650910134036,0.9999999999999996,2.7266650910134036,0.9999999999999996,0.02289693447194561,0.9999999999999996,0.24307291636396755
22160.0,34.6559971462914,259.2168415113663,68.14596431621827,554.5585607902028,8.125491293232953,0.3819209454595539,107.47823860911278,-1.4425842069086833E-64,299.6125590719578,164.20363791925973,164.20363791925973,0.7071188176935486,9.758833136656287,13.605570838890095,9.913875011452628,1.9810581442772324,8.018943405005729,0.08612653783032136,281.41488411898297,0.9999999999999996,2.7266650910134036,0.9999999999999996,2.7266650910134036,0.9999999999999996,0.022896865311144054,0.9999999999999996,0.24307381352746976
22240.0,34.655950295166164,259.2171242765372,68.14592291384254,554.5597779242983,8.125464330532472,0.3746620651195698,107.78208148652062,-3.0612127802840158E-65,299.6115604754199,164.20363791925973,164.20363791925973,0.7071168774193903,9.758865874431645,13.38427751146373,9.913875198862677,1.981063421958382,8.018938127324581,0.08612635042027326,287.67812789406105,0.9999999999999996,2.7266650910134036,0.9999999999999996,2.7266650910134036,0.9999999999999996,0.022896802484084506,0.9999999999999996,0.24307462896265458
22320.0,34.655907712307766,259.21738116158184,68.1458852833155,554.5608836611578,8.1254398242403,0.368101750937445,108.05818426304943,2.063774886999807E-65,299.6106528549634,164.20363791925973,164.20363791925973,0.7071151148082886,9.758895629837372,13.183203700328603,9.913875369119461,1.9810682188463942,8.01893333043657,0.08612618016348877,293.55520311396936,0.9999999999999996,2.7266650910134036,0.9999999999999996,2.7266650910134036,0.9999999999999996,0.022896745409844668,0.9999999999999996,0.24307537011273286
22400.0,34.655869008901455,259.217614535006,68.14585108104714,554.5618881954688,8.125417550586107,0.36216987883820506,108.30907626706546,-2.603271384501453E-65,299.60982792298154,164.20363791925973,164.20363791925973,0.7071135135729488,9.758922674533851,13.000505175548,9.913875523792912,1.9810725787356136,8.01892897054735,0.08612602549003716,299.056002709301,0.9999999999999996,2.7266650910134036,0.9999999999999996,2.7266650910134036,0.9999999999999996,0.02289669356103371,0.9999999999999996,0.24307604374424358
22480.0,34.65583383159581,259.2178265482741,68.14581999478514,554.5628007877466,8.125397306210331,0.35680383651353414,108.53705642992637,-8.15002506526596E-65,299.6090781478038,164.20363791925973,164.20363791925973,0.7071120589284262,9.758947255404227,12.834505614532263,9.913875664309083,1.9810765414264797,8.018925007856483,0.08612588497386624,304.192515109936,0.9999999999999996,2.7266650910134036,0.9999999999999996,2.7266650910134036,0.9999999999999996,0.02289664645890762,0.9999999999999996,0.24307665600657233
22560.0,34.6558018595156,259.21801915416944,68.14579174097551,554.5636298433661,8.125378906444999,0.35194806853433863,108.7442129348004,-3.3355103970815864E-64,299.6083966900273,164.20363791925973,164.20363791925973,0.7071107374626212,9.758969596641593,12.683682216469908,9.913875791962315,1.9810801430620313,8.018921406220931,0.0861257573206333,308.9780074306347,0.9999999999999996,2.7266650910134036,0.9999999999999996,2.7266650910134036,0.9999999999999996,0.022896603669175834,0.9999999999999996,0.24307721248393901
22640.0,34.655772800667826,259.21819412890255,68.14576606158644,554.5643830076838,8.12536218324451,0.34755202165878923,108.93244536022604,-4.4067845255392174E-64,299.60777732587593,164.20363791925973,164.20363791925973,0.7071095369793667,9.758989902261572,12.546649894123052,9.913875907929919,1.9810834165320768,8.018918132750887,0.08612564135303256,313.42774195447197,0.9999999999999996,2.7266650910134036,0.9999999999999996,2.7266650910134036,0.9999999999999996,0.022896564796920284,0.9999999999999996,0.24307771825798133
22720.0,34.65574638858023,259.21835309275485,68.14574272113892,554.565067254926,8.12534698325155,0.343571002391476,109.1034881493503,-3.8478560279547946E-67,299.6072143755767,164.20363791925973,164.20363791925973,0.7071084463524224,9.759008358450345,12.422143725531885,9.91387601328582,1.981086391852448,8.018915157430516,0.08612553599713,317.5573240754301,0.9999999999999996,2.7266650910134036,0.9999999999999996,2.7266650910134036,0.9999999999999996,0.022896529481867673,0.9999999999999996,0.24307817796624004
22800.0,34.65572238281681,259.21849750688153,68.14572150716074,554.5656888743978,8.125333168093423,0.33996477384437285,109.25890571070886,-1.1743361341449026E-66,299.6067027143261,164.20363791925973,164.20363791925973,0.707107455555813,9.759025133202806,12.309022946590277,9.913876108998487,1.9810890961062908,8.018912453176673,0.08612544028446437,321.38301999702117,0.9999999999999996,2.7266650910134036,0.9999999999999996,2.7266650910134036,0.9999999999999996,0.022896497399371846,0.9999999999999996,0.24307859579314567
22880.0,34.655700564308404,259.2186287020149,68.14570222606186,554.5662535940328,8.125320611694466,0.33669720938993103,109.40012350011068,8.775438721320449E-66,299.6062376727585,164.20363791925973,164.20363791925973,0.7071065554568792,9.75904037958678,12.206248096958953,9.913876195949925,1.9810915539702216,8.018909995312741,0.08612535333302639,324.92138470151014,0.9999999999999996,2.7266650910134036,0.9999999999999996,2.7266650910134036,0.9999999999999996,0.022896468253712672,0.9999999999999996,0.24307897555132404
22960.0,34.65568073296186,259.2187478930786,68.14568470102064,554.5667666432953,8.125309198900158,0.3337356560052104,109.52844340829034,6.516593382384486E-66,299.60581498598566,164.20363791925973,164.20363791925973,0.7071057377184958,9.759054237412386,12.112869845098986,9.91387627494538,1.9810937879834885,8.018907761299474,0.08612527433757008,328.1892163376764,0.9999999999999996,2.7266650910134036,0.9999999999999996,2.7266650910134036,0.9999999999999996,0.022896441774929825,0.9999999999999996,0.24307932072317706
23040.0,34.65566270795192,259.2188561774569,68.14566877224247,554.5672327457291,8.125298825645029,0.33105089009087835,109.64504180335778,-5.564178790980191E-67,299.60543079981574,164.20363791925973,164.20363791925973,0.7071049948105723,9.759066833028013,12.028030431714614,9.913876346712193,1.9810958185150938,8.018905730767868,0.0861252025707581,331.20298143061507,0.9999999999999996,2.7266650910134036,0.9999999999999996,2.7266650910134036,0.9999999999999996,0.02289641771919515,0.9999999999999996,0.2430796344558008
23120.0,34.65564632529717,259.21895454983553,68.14565429481733,554.5676561828311,8.125289397557442,0.3286166406448058,109.75098531990419,7.52736574867416E-68,299.60508161907995,164.20363791925973,164.20363791925973,0.7071043199079656,9.759078281013782,11.950952152207188,9.913876411909627,1.9810976640367837,8.018903885246178,0.08612513737332435,333.9787817943508,0.9999999999999996,2.7266650910134036,0.9999999999999996,2.7266650910134036,0.9999999999999996,0.022896395865507062,0.9999999999999996,0.24307991960316613
23200.0,34.65563143531309,259.21904391778276,68.14564113646924,554.56804086112,8.125280828493857,0.32640911890579716,109.84724747033394,2.6468021328784275E-66,299.60476425334684,164.20363791925973,164.20363791925973,0.7071037067834147,9.759088685960714,11.880925232925744,9.913876471139206,1.98109934140992,8.018902207873042,0.08612507814374588,336.5324101194497,0.9999999999999996,2.7266650910134036,0.9999999999999996,2.7266650910134036,0.9999999999999996,0.022896376012223694,0.9999999999999996,0.24308017877043492
23280.0,34.655617901806544,259.21912510668744,68.14562917684442,554.5683903333874,8.125273040075152,0.32440684528313524,109.93471388207301,6.066858874748391E-66,299.6044757997505,164.20363791925973,164.20363791925973,0.7071031497736883,9.759098143033505,11.817304013462456,9.913876524947984,1.9811008659762008,8.01890068330676,0.08612502433496967,338.87914352153814,0.9999999999999996,2.7266650910134036,0.9999999999999996,2.7266650910134036,0.9999999999999996,0.022896357975966754,0.9999999999999996,0.24308041432797708
23360.0,34.65560560116836,259.21919886531424,68.14561830670951,554.5687078226133,8.125265961164493,0.3225904835658418,110.0141882209424,-1.3661462896803985E-66,299.6042136236498,164.20363791925973,164.20363791925973,0.7071026437414103,9.759106738604412,11.759502622083213,9.913876573832225,1.981102251659853,8.01889929762311,0.0861249754507296,341.03358228324225,0.9999999999999996,2.7266650910134036,0.9999999999999996,2.7266650910134036,0.9999999999999996,0.0228963415903854,0.9999999999999996,0.24308062842715988
23440.0,34.65559442112757,259.2192658734304,68.1456084268504,554.5689962547756,8.125259527149973,0.3209424979521205,110.08640020521396,1.1083527644411581E-65,299.6039753320687,164.20363791925973,164.20363791925973,0.7071021840226976,9.759114551123714,11.706989157225173,9.913876618242462,1.9811035111079291,8.018898038175031,0.08612493104049178,343.00973198518915,0.9999999999999996,2.7266650910134036,0.9999999999999996,2.7266650910134036,0.9999999999999996,0.022896326704460745,0.9999999999999996,0.24308082302202932
23520.0,34.65558425964587,259.21932674854907,68.14559944709642,554.5692582879291,8.125253679309523,0.31944731049814606,110.15201316929429,-3.642456456969172E-65,299.60375875014694,164.20363791925973,164.20363791925973,0.7071017663807765,9.75912165189158,11.659280070546316,9.91387665858797,1.9811046558148908,8.018896893468069,0.08612489069498298,344.8205996711109,0.9999999999999996,2.7266650910134036,0.9999999999999996,2.7266650910134036,0.9999999999999996,0.022896313181003897,0.9999999999999996,0.2430809998885358
23600.0,34.65557502396321,259.2193820517962,68.1455912854742,554.5694963373364,8.125248364258944,0.3180902809421133,110.21162944912686,-1.495498842403474E-65,299.6035619007643,164.20363791925973,164.20363791925973,0.707101386965887,9.759128105725939,11.61593646589945,9.913876695240647,1.9811056962299578,8.018895853053003,0.08612485404230541,346.4790848771119,0.9999999999999996,2.7266650910134036,0.9999999999999996,2.7266650910134036,0.9999999999999996,0.02289630089535769,0.9999999999999996,0.2430811606411696
23680.0,34.655566629721875,259.2194322932176,68.14558386743722,554.5697125984657,8.12524353345122,0.31685860313450603,110.26579713442162,2.08910559738474E-65,299.6033829859104,164.20363791925973,164.20363791925973,0.7071010422786342,9.759133971573084,11.576558887146877,9.913876728538538,1.9811066418559424,8.018894907427017,0.08612482074441427,347.996854254937,0.9999999999999996,2.7266650910134036,0.9999999999999996,2.7266650910134036,0.9999999999999996,0.022896289734209936,0.9999999999999996,0.2430813067481698
23760.0,34.65555900023488,259.2194779362639,68.14557712521754,554.5699090662284,8.125239142753992,0.3157408428353581,110.31501451068554,7.380382912571312E-66,299.603220371072,164.20363791925973,164.20363791925973,0.7071007291393171,9.759139303019458,11.540784166739103,9.913876758788806,1.9811075013316284,8.018894047951331,0.08612479049414795,349.3846837173641,0.9999999999999996,2.7266650910134036,0.9999999999999996,2.7266650910134036,0.9999999999999996,0.022896279594600315,0.9999999999999996,0.24308143954427192
23840.0,34.65555206583341,259.21951940178695,68.14557099724829,554.5700875521215,8.125235152072726,0.3147261867100858,110.35973367897073,-1.2708669659483229E-65,299.60307257131456,164.20363791925973,164.20363791925973,0.7071004446605917,9.759144148747959,11.508282956638597,9.913876786270375,1.9811082825051352,8.018893266777827,0.08612476301257999,350.6531656376915,0.9999999999999996,2.7266650910134036,0.9999999999999996,2.7266650910134036,0.9999999999999996,0.022896270383035162,0.9999999999999996,0.24308156024207353
23920.0,34.65554576318835,259.21955707216404,68.14556542756489,554.5702497020412,8.12523152496153,0.31380492829108514,110.40036558056758,1.1687001406966093E-66,299.6029382368286,164.20363791925973,164.20363791925973,0.7071001862190783,9.759148553011663,11.478755898366783,9.91387681123667,1.9811089925104555,8.018892556772506,0.08612473804628357,351.8120833276408,0.9999999999999996,2.7266650910134036,0.9999999999999996,2.7266650910134036,0.9999999999999996,0.02289626201456812,0.9999999999999996,0.2430816699438339
24000.0,34.65554003475071,259.21959129470025,68.1455603653115,554.5703970109591,8.125228228301824,0.31296860744439964,110.43728387657823,1.2993400296048002E-65,299.60281614101285,164.20363791925973,164.20363791925973,0.7070999514319716,9.759152556024441,11.451930728519008,9.913876833917879,1.9811096378305215,8.01889191145244,0.08612471536507608,352.8701641304326,0.9999999999999996,2.7266650910134036,0.9999999999999996,2.7266650910134036,0.9999999999999996,0.022896254412042735,0.9999999999999996,0.24308176965120343
24080.0,34.65553482820915,259.2196223849488,68.1455557642606,554.5705308371582,8.125225231988987,0.31220942716046884,110.4708279960435,-3.661100521695298E-66,299.6027051689016,164.20363791925973,164.20363791925973,0.7070997381343346,9.759156194340358,11.427560187361792,9.913876854523135,1.981110224358234,8.018891324924729,0.08612469475982,353.83565768904185,0.9999999999999996,2.7266650910134036,0.9999999999999996,2.7266650910134036,0.9999999999999996,0.02289624750535726,0.9999999999999996,0.24308186027467374
24160.0,34.65553009601028,259.2196506296388,68.14555158238866,554.5706524148178,8.125222508655831,0.31152001044873107,110.50130610200812,-5.051030293794903E-66,299.60260430693245,164.20363791925973,164.20363791925973,0.7070995443590364,9.759159501189103,11.405419898610187,9.913876873242474,1.9811107574504672,8.018890791832495,0.08612467604048199,354.71655879452425,0.9999999999999996,2.7266650910134036,0.9999999999999996,2.7266650910134036,0.9999999999999996,0.022896241230815007,0.9999999999999996,0.24308194264193256
24240.0,34.65552579493822,259.21967628921885,68.1455477815056,554.5707628650182,8.125220033431907,0.3108938839821773,110.52899838018105,1.6862914336109483E-65,299.6025126339987,164.20363791925973,164.20363791925973,0.707099368319221,9.75916250676928,11.385305820398704,9.91387689024851,1.9811112419755195,8.018890307307442,0.08612465903444663,355.5200152683524,0.9999999999999996,2.7266650910134036,0.9999999999999996,2.7266650910134036,0.9999999999999996,0.022896235530556662,0.9999999999999996,0.24308201750516936
24320.0,34.655521885723424,259.21969960023546,68.14554432690926,554.5708632059833,8.125217783718515,0.3103254739175585,110.55415964697956,3.2131136775399295E-66,299.60242931311484,164.20363791925973,164.20363791925973,0.7070992083919813,9.759165238521653,11.36703232621206,9.913876905698016,1.9811116823571873,8.018889866925775,0.08612464358494032,356.2522865149947,0.9999999999999996,2.7266650910134036,0.9999999999999996,2.7266650910134036,0.9999999999999996,0.02289623035203167,0.9999999999999996,0.24308208554788077
24400.0,34.65551833266318,259.2197207776611,68.14554118704869,554.5709543630398,8.125215738968778,0.30980935818801747,110.57702114374197,-1.318778236258701E-65,299.6023535833062,164.20363791925973,164.20363791925973,0.7070990631024717,9.759167721395006,11.350431081133857,9.913876919733472,1.981112082617389,8.018889466665573,0.08612462954948626,356.91956431036806,0.9999999999999996,2.7266650910134036,0.9999999999999996,2.7266650910134036,0.9999999999999996,0.022896225647483795,0.9999999999999996,0.24308214739149317
24480.0,34.65551510330797,259.21974001679234,68.14553833324779,554.5710371768077,8.12521388050782,0.30934048356471755,110.59779284259919,1.0344043994074707E-66,299.6022847529391,164.20363791925973,164.20363791925973,0.7070989311108593,9.759169978064818,11.335349287374129,9.913876932484307,1.981112446411568,8.018889102871393,0.08612461679865002,357.52770399824135,0.9999999999999996,2.7266650910134036,0.9999999999999996,2.7266650910134036,0.9999999999999996,0.022896221373528564,0.9999999999999996,0.24308220360080937
24560.0,34.65551216816493,259.219757495038,68.14553573944403,554.5711124109511,8.12521219136324,0.30891472293442435,110.61666598011226,1.5308690574205289E-66,299.6022221934082,164.20363791925973,164.20363791925973,0.7070988111999756,9.759172029140206,11.321647672418482,9.913876944068104,1.9811127770621826,8.018888772220778,0.08612460521485327,358.0815602744635,0.9999999999999996,2.7266650910134036,0.9999999999999996,2.7266650910134036,0.9999999999999996,0.02289621749075344,0.9999999999999996,0.2430822546891628
24640.0,34.65550950041883,259.21977337363256,68.14553338194045,554.5711807594914,8.125210656102997,0.30852806838313396,110.63381411787068,-6.195104896975322E-67,299.6021653331699,164.20363791925973,164.20363791925973,0.7070987022636518,9.759173893359502,11.309199921649707,9.913876954591721,1.9811130775899892,8.018888471692971,0.08612459469123501,358.58589689312885,0.9999999999999996,2.7266650910134036,0.9999999999999996,2.7266650910134036,0.9999999999999996,0.022896213963340125,0.9999999999999996,0.24308230112328943
24720.0,34.655507075705344,259.2197877990052,68.14553123920622,554.5712428527189,8.125209260705562,0.30817686722833243,110.64939488676258,9.633530920804989E-67,299.6021136529232,164.20363791925973,164.20363791925973,0.7070986032972978,9.759175587748297,11.29789133253642,9.913876964152207,1.9811133507396632,8.018888198543298,0.08612458513074894,359.0451025150468,0.9999999999999996,2.7266650910134036,0.9999999999999996,2.7266650910134036,0.9999999999999996,0.02289621075875948,0.9999999999999996,0.24308234332726406
24800.0,34.65550487188947,259.2198009041218,68.14552929168055,554.5712992629847,8.125207992432602,0.3078579485757865,110.66355159161172,-3.1951298463927855E-66,299.6020666808831,164.20363791925973,164.20363791925973,0.707098513388673,9.759177127774356,11.287617600648979,9.913876972837684,1.9811135990047506,8.01888795027821,0.08612457644526943,359.4630319066434,0.9999999999999996,2.7266650910134036,0.9999999999999996,2.7266650910134036,0.9999999999999996,0.022896207847472688,0.9999999999999996,0.24308238168635898
24880.0,34.65550286884699,259.2198128098187,68.14552752157944,554.5713505104081,8.125206839702534,0.30756819240968886,110.6764142377833,1.2433568167100235E-66,299.6020239881203,164.20363791925973,164.20363791925973,0.7070984317087837,9.759178527500413,11.278284178331578,9.913876980728242,1.9811138246522781,8.018887724630682,0.0861245685547135,359.84349802452726,0.9999999999999996,2.7266650910134036,0.9999999999999996,2.7266650910134036,0.9999999999999996,0.022896205202636518,0.9999999999999996,0.24308241655085006
24960.0,34.6555010482949,259.219823625819,68.14552591274624,554.5713970672992,8.12520579199397,0.30730507862335693,110.68810120791343,4.196799087231693E-67,299.60198518495304,164.20363791925973,164.20363791925973,0.7070983575048432,9.759179799702459,11.269804896216835,9.913876987896593,1.98111402974186,8.018887519541101,0.08612456138635907,360.18962557913454,0.9999999999999996,2.7266650910134036,0.9999999999999996,2.7266650910134036,0.9999999999999996,0.022896202799875358,0.9999999999999996,0.24308244823896258
25040.0,34.65549939361585,259.2198334518067,68.14552445049607,554.5714393627422,8.125204839743766,0.3070661608229724,110.69871990717616,-7.010979928028879E-66,299.6019499171989,164.20363791925973,164.20363791925973,0.7070982900929582,9.759180955992624,11.262101627836515,9.913876994408813,1.9811142161454736,8.018887333137489,0.08612455487413989,360.5044580962322,0.9999999999999996,2.7266650910134036,0.9999999999999996,2.7266650910134036,0.9999999999999996,0.022896200617044397,0.9999999999999996,0.24308247703993255
25120.0,34.65549788969489,259.2198423784175,68.14552312147164,554.5714777868499,8.125203974252912,0.30684893857664675,110.70836772237594,1.1954514252081164E-66,299.60191786269553,164.20363791925973,164.20363791925973,0.707098228851345,9.75918200693327,11.25510361817052,9.913877000324963,1.981114385565842,8.01888716371712,0.0861245489579905,360.7911053429389,0.9999999999999996,2.7266650910134036,0.9999999999999996,2.7266650910134036,0.9999999999999996,0.02289619863400995,0.9999999999999996,0.24308250321684813
25200.0,34.655496522792866,259.21985048798723,68.14552191353175,554.5715126940603,8.1252031876153,0.30665176481648604,110.7171337691283,1.2756544353070808E-66,299.60188872860977,164.20363791925973,164.20363791925973,0.7070981732150896,9.759182962125157,11.248745958802436,9.913877005699616,1.9811145395507133,8.01888700973225,0.08612454358333722,361.0516764362544,0.9999999999999996,2.7266650910134036,0.9999999999999996,2.7266650910134036,0.9999999999999996,0.022896196832479836,0.9999999999999996,0.24308252700884572
25280.0,164.26373689419623,46.621754215237424,142.22289193440835,14.0812290222524,222.6835183559215,0.5000047669401917,103.0326393981738,649.0337606032354,1.1327138234684427E-7,164.20363791925973,164.20363791925973,8.026322829251667,6.324029735278546,16.80686956581583,7.450813432987498,0.08933969247382927,9.910661856809138,2.5491881162954586,206.06331421335847,0.9999999999999996,2.7266650910134036,0.9999999999999996,2.7266650910134036,0.9999999999999996,0.259896396711057,0.9999999999999996,0.15751944961956496
25360.0,164.31094147194548,46.6162343679944,142.2428784551293,14.076955896949187,222.8122945991244,1.1047922202335008,84.28896731025374,648.835933173746,3.250713219448955E-14,164.20363791925973,164.20363791925973,12.817337938883304,4.1396483107604976,30.450991535711395,7.4502360444726206,0.08928851611114423,9.910713033171822,2.5497655048103334,76.29395443465292,0.9999999999999996,2.7266650910134036,0.9999999999999996,2.7266650910134036,0.9999999999999996,0.41503189151616504,0.9999999999999996,0.10311069853007804
25440.0,164.35381699641877,46.61121787799113,142.26102959663058,14.073072879186217,222.9292931283347,2.4118178517025326,60.34422781600665,648.6561660575975,-7.896464648487379E-15,164.20363791925973,164.20363791925973,15.831425977009992,2.7661000587829485,47.770614938021936,7.449711140419433,0.08924207108344302,9.910759478199523,2.55029040886352,25.0202260396277,0.9999999999999996,2.7266650910134036,0.9999999999999996,2.7266650910134036,0.9999999999999996,0.5126295881381013,0.9999999999999996,0.0688982463857667
25520.0,164.39276130114055,46.6066588880784,142.2775144620038,14.069544353508112,223.03559065082922,5.540132093938393,35.7043806043566,648.4928104115373,-1.7285274895765423E-17,164.20363791925973,164.20363791925973,17.72809506299146,1.9023823268332924,65.13896357686528,7.449233968655544,0.08919991591937522,9.910801633363588,2.550767580627409,6.444680379267801,0.9999999999999996,2.7266650910134036,0.9999999999999996,2.7266650910134036,0.9999999999999996,0.5740446933720128,0.9999999999999996,0.04738469451165045
25600.0,164.42813548424812,46.60251571216628,142.2924864578321,14.066337956249445,223.13216546742333,14.360208587389753,16.26026792849885,648.3443679355762,-2.3381489830975346E-22,164.20363791925973,164.20363791925973,18.922033609201282,1.3592348656541373,77.1893667357065,7.44880020404583,0.0891616510729197,9.910839898210043,2.551201345237125,1.1323141881642034,0.9999999999999996,2.7266650910134036,0.9999999999999996,2.7266650910134036,0.9999999999999996,0.6127050279555523,0.9999999999999996,0.033855933147685084
25680.0,164.46026736213685,46.59875045593607,142.30608478978525,14.063424278588405,223.2199065192848,32.92622593257207,7.237180856010265,648.2094771264896,-1.0279717390620341E-26,164.20363791925973,164.20363791925973,19.67399505844642,1.0176570590785663,79.00010581151074,7.448405910682334,0.08912691479109931,9.910874634491867,2.551595638600618,0.21979989054411872,0.9999999999999996,2.7266650910134036,0.9999999999999996,2.7266650910134036,0.9999999999999996,0.6370539203788909,0.9999999999999996,0.025347885218389207
25760.0,164.48945455670568,46.595328673096695,142.3184357907074,14.060776596749312,223.29962153604603,56.00952177597711,4.052651854986255,648.0869007873187,-2.8938417346035168E-30,164.20363791925973,164.20363791925973,20.14794297933396,0.8028250743448037,75.32089597181262,7.448047507326519,0.08909537943800287,9.910906169844962,2.5519540419564346,0.07235648022841121,0.9999999999999996,2.7266650910134036,0.9999999999999996,2.7266650910134036,0.9999999999999996,0.6524005940036363,0.9999999999999996,0.019996832580675673
25840.0,164.51596729302824,46.59221905257172,142.3296541222474,14.058370626819054,223.37204444414985,79.25036574063047,2.6713331844789296,647.9755146764014,6.884638909160377E-32,164.20363791925973,164.20363791925973,20.446982176460306,0.6676917933908081,70.27077888203573,7.447721735834448,0.08906674819358662,9.910934801089377,2.552279813448504,0.033707518691101473,0.9999999999999996,2.7266650910134036,0.9999999999999996,2.7266650910134036,0.9999999999999996,0.6620836346016621,0.9999999999999996,0.016630921771873655
25920.0,164.54005093475698,46.58939313392274,142.33984386229113,14.056184301972733,223.43784210089507,101.35904304927901,1.933031682851049,647.8742971938523,2.320451346049534E-33,164.20363791925973,164.20363791925973,20.63595061509672,0.582675196631519,65.04307016147546,7.447425632327563,0.08904075208655421,9.910960797196408,2.5525759169553903,0.01907113193552195,0.9999999999999996,2.7266650910134036,0.9999999999999996,2.7266650910134036,0.9999999999999996,0.6682025283140768,0.9999999999999996,0.014513321429904066
26000.0,164.5619282826954,46.58682504844839,142.34909948953543,14.05419757002844,223.4976204161492,121.96572687402202,1.4817215207131036,647.7823200092015,2.3031950695928584E-35,164.20363791925973,164.20363791925973,20.755624817331434,0.5291746371083582,59.99690537837481,7.447156500877939,0.08901714732466894,9.910984401958292,2.552845048405012,0.012148671259456099,0.9999999999999996,2.7266650910134036,0.9999999999999996,2.7266650910134036,0.9999999999999996,0.6720776395700955,0.9999999999999996,0.013180725119767351
26080.0,164.58180165861356,46.58449128371926,142.35750677501878,14.052392209516796,223.5519299158599,140.986281629407,1.1804829716007614,647.6987395461886,1.0846002273555764E-36,164.20363791925973,164.20363791925973,20.831651036768708,0.4954944417570105,55.25506354954134,7.446911889504199,0.08899571289114189,9.911005836391817,2.5530896597787547,0.008373034297788982,0.9999999999999996,2.7266650910134036,0.9999999999999996,2.7266650910134036,0.9999999999999996,0.6745394070453957,0.9999999999999996,0.012341816060686205
26160.0,164.59985479690695,46.58237046919028,142.36514359056082,14.050751662372763,223.60127080401904,158.44720027777618,0.9667721238713434,647.6227892371011,1.0084138349237316E-39,164.20363791925973,164.20363791925973,20.880161637860535,0.4742804911661845,50.85657410379858,7.446689568256331,0.08897624837652661,9.911025300906434,2.5533119810266207,0.006101541221154307,0.9999999999999996,2.7266650910134036,0.9999999999999996,2.7266650910134036,0.9999999999999996,0.6761102048682922,0.9999999999999996,0.011813417245183738
26240.0,164.61625455659384,46.58044318166837,142.37208063972105,14.049260882248294,223.64609755301908,174.42288829792898,0.8082734634622911,647.5537725002855,-3.9201445978410665E-43,164.20363791925973,164.20363791925973,20.911307633658364,0.4609079285351868,46.80568457704176,7.446487509282556,0.08895857202757253,9.911042977255388,2.5535140400003953,0.004633987381757444,0.9999999999999996,2.7266650910134036,0.9999999999999996,2.7266650910134036,0.9999999999999996,0.6771187279805614,0.9999999999999996,0.011480332361998075
26320.0,164.63115246861628,46.57869176906711,142.3783821178565,14.047906197188865,223.68682305993119,189.0082800878472,0.6867101159327732,647.4910563826601,4.0426781579427217E-42,164.20363791925973,164.20363791925973,20.931476092958274,0.4524691322576702,43.09095475320991,7.446303868730832,0.08894251899272784,9.911059030290234,2.5536976805521197,0.0036332276851236585,0.9999999999999996,2.7266650910134036,0.9999999999999996,2.7266650910134036,0.9999999999999996,0.6777717929034119,0.9999999999999996,0.011270138134467691
26400.0,164.64468616520006,46.577100187170046,142.38410632131485,14.046675182546181,223.72382249341933,202.30538131892442,0.5910046884222846,647.4340656761019,7.466133550549679E-42,164.20363791925973,164.20363791925973,20.94468909083575,0.4471352551721093,39.69381164902968,7.44613696994718,0.0889279397104608,9.911073609572503,2.553864579335769,0.002921349321353914,0.9999999999999996,2.7266650910134036,0.9999999999999996,2.7266650910134036,0.9999999999999996,0.6781996364640512,0.9999999999999996,0.011137281487989738
26480.0,164.65698064826483,46.57565385453246,142.38930618768643,14.045556548073787,223.75743671174655,214.41627728701272,0.514069710785794,647.3822776904618,1.692968092265988E-42,164.20363791925973,164.20363791925973,20.95348026720887,0.4437561940965595,36.59273831044376,7.4459852885188775,0.08891469848396248,9.911086850799,2.554016260764072,0.00239753118228833,0.9999999999999996,2.7266650910134036,0.9999999999999996,2.7266650910134036,0.9999999999999996,0.6784842992057364,0.9999999999999996,0.011053115558490348
26560.0,164.6681494498402,46.57433951946946,142.394029789721,14.044540034488822,223.78797539436573,225.4394645628072,0.4511679382623554,647.335217464804,1.2125179204178516E-44,164.20363791925973,164.20363791925973,20.95944710370065,0.441608567827441,33.765437450002636,7.445847438539367,0.0889026721828293,9.911098877100137,2.5541541107435832,0.002001281981117643,0.9999999999999996,2.7266650910134036,0.9999999999999996,2.7266650910134036,0.9999999999999996,0.6786775083921807,0.9999999999999996,0.010999622307816193
26640.0,164.67829568593356,46.57314513904042,142.39832078361272,14.043616319413523,223.81571988960818,235.4679993634872,0.3990168513003846,647.2924534129033,5.608018451246272E-45,164.20363791925973,164.20363791925973,20.963597970263496,0.44023736439241934,31.189972517426707,7.445722160092924,0.08889174906823898,9.911109800214726,2.554279389190026,0.0016945693358715397,0.9999999999999996,2.7266650910134036,0.9999999999999996,2.7266650910134036,0.9999999999999996,0.6788119155529516,0.9999999999999996,0.010965468260564302
26720.0,164.68751303265805,46.57205976673922,142.40221882393493,14.042776930134394,223.8409258559573,244.58868496101695,0.35527210412857396,647.2535932843634,-1.2317238719140946E-46,164.20363791925973,164.20363791925973,20.96657085796156,0.43935615163776764,28.845358552271986,7.445608307620517,0.08888182770910086,9.911119721573863,2.5543932416624333,0.001452528779837865,0.9999999999999996,2.7266650910134036,0.9999999999999996,2.7266650910134036,0.9999999999999996,0.6789081791617038,0.9999999999999996,0.01094351894123455
26800.0,164.69588655262325,46.57107345737826,142.40575991488433,14.042014169724364,223.86382549881108,252.88179028293325,0.3182166910365344,647.2182807443846,-4.678433374279422E-47,164.20363791925973,164.20363791925973,20.968769697313665,0.43878489735810694,26.711863147258047,7.44550484006337,0.08887281606535112,9.91112873321761,2.5544967092195807,0.0012583614291899075,0.9999999999999996,2.7266650910134036,0.9999999999999996,2.7266650910134036,0.9999999999999996,0.6789793786931351,0.9999999999999996,0.010929290092938186
26880.0,164.70349354103735,46.570177169397105,142.40897676951946,14.041321041234275,223.8846298654651,260.42118221071996,0.28656395422451036,647.1861918641576,1.4061081242053844E-46,164.20363791925973,164.20363791925973,20.970452001980195,0.43841000748789727,24.77111567793407,7.445410810713964,0.0888646305550203,9.911136918727943,2.554590738568987,0.0011003865038621819,0.9999999999999996,2.7266650910134036,0.9999999999999996,2.7266650910134036,0.9999999999999996,0.6790338525699405,0.9999999999999996,0.010919952305404716
26960.0,164.7104041844671,46.56936268886822,142.41189908954482,14.04069118870553,223.9035306308934,267.27454172350065,0.2593315777704809,647.1570323899953,-1.7895246403372946E-47,164.20363791925973,164.20363791925973,20.97178206650052,0.4381600773518959,23.006142673054807,7.445325359326792,0.08885719532667978,9.911144353956281,2.5546761899561594,9.702816291375897E-4,0.9999999999999996,2.7266650910134036,0.9999999999999996,2.7266650910134036,0.9999999999999996,0.6790769207324826,0.9999999999999996,0.010913727025146045
27040.0,34.85682565326055,258.78330450021514,68.37633170063778,552.6960672227441,8.164378674194344,271.36303178191406,0.24402722657886758,0.012582940709190372,300.9966205867676,164.20363791925973,164.20363791925973,16.8433677517871,2.2714412987025643,21.924854304551594,9.913587252208846,1.9735184096351315,8.026483139647825,0.0864142970741034,8.99264815020878E-4,0.9999999999999996,2.7266650910134036,0.9999999999999996,2.7266650910134036,0.9999999999999996,0.5453967751228395,0.9999999999999996,0.05657724555259676
27120.0,34.71943330415881,258.82606603013085,68.20200018521366,552.8777768091387,8.16203157498663,262.4376851650695,0.27923960046636553,4.950931719919071E-12,300.9658728813431,164.20363791925973,164.20363791925973,10.853830352840092,5.03747319857242,24.188837145032124,9.913615429596586,1.9739315257506271,8.026070023532345,0.08638611968637781,0.0010640224946761282,0.9999999999999996,2.7266650910134036,0.9999999999999996,2.7266650910134036,0.9999999999999996,0.351452521811815,0.9999999999999996,0.12547379423058436
27200.0,34.713610562308496,258.86213641340913,68.19685816208334,553.0328146459964,8.158675466426715,244.74862992687866,0.35585116437000985,-7.498171035534868E-15,300.84157578896895,164.20363791925973,164.20363791925973,7.08774983855203,6.777861081517523,28.72450832915009,9.913639439281571,1.9745839409863646,8.025417608296605,0.08636211000139073,0.0014539454806195412,0.9999999999999996,2.7266650910134036,0.9999999999999996,2.7266650910134036,0.9999999999999996,0.22950492809928436,0.9999999999999996,0.16882351789123656
27280.0,34.70831868803795,258.894901592332,68.19218508709689,553.1736647806193,8.155625135428727,222.66802146665012,0.4681846872474691,1.2294741657794536E-15,300.72860299590246,164.20363791925973,164.20363791925973,4.719697744856122,7.873291527675707,34.39032693810573,9.913661240242341,1.9751772892359793,8.024824260046989,0.08634030904061835,0.002102613047727606,0.9999999999999996,2.7266650910134036,0.9999999999999996,2.7266650910134036,0.9999999999999996,0.15282620242771527,0.9999999999999996,0.19610858899278022
27360.0,34.70350826851343,258.92466475410737,68.18793688818991,553.301625380071,8.152852730516988,198.84763455841548,0.6169369911123711,-1.6688921138271644E-15,300.6259235453913,164.20363791925973,164.20363791925973,3.23070161360086,8.563084194113685,40.49059784577871,9.913681036604439,1.9757168852784817,8.024284664004488,0.08632051267851959,0.0031025613781245835,0.9999999999999996,2.7266650910134036,0.9999999999999996,2.7266650910134036,0.9999999999999996,0.10461175386110722,0.9999999999999996,0.21329000111720262
27440.0,34.69913555526248,258.95170121849304,68.18407500685358,553.4178758623767,8.150332926376013,174.86739474788672,0.8070602428126141,-1.3127174228647117E-17,300.5325994814572,164.20363791925973,164.20363791925973,2.294417483077158,8.997738751661323,46.607220853700795,9.91369901346438,1.9762075734843292,8.023793975798643,0.08630253581858113,0.00461527001060538,0.9999999999999996,2.7266650910134036,0.9999999999999996,2.7266650910134036,0.9999999999999996,0.07429439970061644,0.9999999999999996,0.22411641236849694
27520.0,34.695160765489554,258.97626100797436,68.18056437120633,553.5234877487401,8.148042705861979,151.64292525152007,1.0476582733818074,4.268347915514074E-16,300.44777833455896,164.20363791925973,164.20363791925973,1.705664587372179,9.27188636065283,52.49305249184596,9.913715338692098,1.9766537659839234,8.023347783299048,0.08628621059086367,0.006908718436050518,0.9999999999999996,2.7266650910134036,0.9999999999999996,2.7266650910134036,0.9999999999999996,0.05523028286877564,0.9999999999999996,0.23094490342412285
27600.0,34.69154772440593,258.9985711807669,68.17737308311268,553.6194345318174,8.145961149520666,129.6825355578652,1.35308334940642,2.3821783994005958E-15,300.370685325943,164.20363791925973,164.20363791925973,1.335430099986027,9.44503631336056,58.00380164006745,9.913730164558066,1.9770594804830972,8.022942068799875,0.08627138472489618,0.010433813185297146,0.9999999999999996,2.7266650910134036,0.9999999999999996,2.7266650910134036,0.9999999999999996,0.04324190272797864,0.9999999999999996,0.23525773660073254
27680.0,34.68826353946782,259.0188379467297,68.17447213288499,553.7066006400069,8.144069244359322,109.2497022252385,1.7453241042673386,-9.283122789088493E-17,300.30061628519366,164.20363791925973,164.20363791925973,1.102595791561133,9.554612514794277,63.05371693232689,9.913743629202449,1.9774283748931818,8.022573174389787,0.08625792008051392,0.01597555021860865,0.9999999999999996,2.7266650910134036,0.9999999999999996,2.7266650910134036,0.9999999999999996,0.035702609943765694,0.9999999999999996,0.2379870695836176
27760.0,34.685278303568,259.03724858762143,68.17183513907247,553.7857895848038,8.142349710016994,90.46750421165137,2.258400785213182,9.225037335023024E-18,300.23693121220236,164.20363791925973,164.20363791925973,0.9561580704694661,9.624151655768909,67.58499071442502,9.913755857962368,1.9777637790411622,8.022237770241809,0.086245691320595,0.024963668500565545,0.9999999999999996,2.7266650910134036,0.9999999999999996,2.7266650910134036,0.9999999999999996,0.030960882397547445,0.9999999999999996,0.23971915619166054
27840.0,34.68256482520753,259.05397319802034,68.16943811176115,553.8577313567553,8.14078684093199,73.38873863835232,2.946157839794768,6.162233525272198E-17,300.1790484316194,164.20363791925973,164.20363791925973,0.8640490351847602,9.66845777451381,71.54364152421297,9.913766964571337,1.9780687236452559,8.021932825637718,0.0862345847116249,0.04014454934718187,0.9999999999999996,2.7266650910134036,0.9999999999999996,2.7266650910134036,0.9999999999999996,0.02797834520283326,0.9999999999999996,0.2408227366192703
27920.0,34.68009838239807,259.0691662679336,68.16725923652484,553.923089157406,8.139366362649588,58.04838798787773,3.8960388246556583,-1.9022470904975344E-16,300.126439270998,164.20363791925973,164.20363791925973,0.8061018036082342,9.696845960251704,74.85560204023486,9.913777052245162,1.9783459668598007,8.021655582423174,0.08622449703779997,0.0671170890304356,0.9999999999999996,2.7266650910134036,0.9999999999999996,2.7266650910134036,0.9999999999999996,0.026101984507343464,0.9999999999999996,0.24152983187029134
28000.0,34.67785649932562,259.08296811576236,68.1652786782308,553.9824655001728,8.138075301562193,44.510301157687756,5.251971152827337,3.0008778345494546E-17,300.0786232364995,164.20363791925973,164.20363791925973,0.7696375971929482,9.715177203993008,77.39759797673706,9.913786214663041,1.978598018450043,8.021403530832933,0.08621533461992112,0.11799450950064451,0.9999999999999996,2.7266650910134036,0.9999999999999996,2.7266650910134036,0.9999999999999996,0.024921255042821715,0.9999999999999996,0.24198642798793202
28080.0,34.67581874234522,259.09550619328564,68.16347840176954,554.0364077742535,8.136901866091893,32.911393119772775,7.243998187984068,-2.529779950027479E-20,300.03516361220437,164.20363791925973,164.20363791925973,0.7466835733525229,9.727141331952117,78.9636965262615,9.91379453685668,1.9788271619838464,8.021174387299128,0.08620701242628316,0.22010609400888473,0.9999999999999996,2.7266650910134036,0.9999999999999996,2.7266650910134036,0.9999999999999996,0.024177992129896686,0.9999999999999996,0.24228443146517434
28160.0,34.67396653520137,259.1068962657541,68.16184200955344,554.0854132776303,8.13583533916772,23.472681555300376,10.190563997685848,1.658645870067615E-21,299.9956634779993,164.20363791925973,164.20363791925973,0.7322267782898481,9.735062192614102,79.2607254053523,9.91380209601444,1.9790354749679426,8.02096607431503,0.08619945326852578,0.4341457099257035,0.9999999999999996,2.7266650910134036,0.9999999999999996,2.7266650910134036,0.9999999999999996,0.02370987378670145,0.9999999999999996,0.24248172491005313
28240.0,34.672282989888615,259.1172434892143,68.16035459271883,554.1299338177084,8.134865979916052,16.37772880654694,14.371808337341678,6.995899297055413E-24,299.95976206846336,164.20363791925973,164.20363791925973,0.7231149192938695,9.740404598571997,78.03362601816643,9.913808962212014,1.9792248473531528,8.020776701929819,0.08619258707094667,0.877521450446572,0.9999999999999996,2.7266650910134036,0.9999999999999996,2.7266650910134036,0.9999999999999996,0.023414827179335563,0.9999999999999996,0.24261479399438043
28320.0,34.67075275582956,259.12664336987143,68.15900259840276,554.1703798099834,8.133984936061674,11.49941153508334,19.75340932780424,-6.706198446969638E-25,299.92713152855583,164.20363791925973,164.20363791925973,0.7173658580476545,9.744092803664515,75.34084067008392,9.913815199062633,1.9793969980702064,8.020604551212767,0.08618635022032851,1.7177756676973368,0.9999999999999996,2.7266650910134036,0.9999999999999996,2.7266650910134036,0.9999999999999996,0.023228669665596266,0.9999999999999996,0.24270666010832617
28400.0,34.669361877136396,259.1351826695275,68.15777370405942,554.2071241499835,8.133184161118203,8.330246646006088,25.915395089722097,-5.163932361879355E-27,299.89747384664076,164.20363791925973,164.20363791925973,0.7137330851597647,9.74671094745259,71.62510105826914,9.91382086432882,1.9795534907314463,8.020448058551523,0.08618068495413497,3.1109997327806798,0.9999999999999996,2.7266650910134036,0.9999999999999996,2.7266650910134036,0.9999999999999996,0.023111038640316387,0.9999999999999996,0.24277187304782608
28480.0,34.66809766692949,259.1429402020567,68.15665670677357,554.2405056207364,8.132456341510462,6.280139231471424,32.34918567900144,-3.727524184630397E-27,299.8705181553843,164.20363791925973,164.20363791925973,0.7114324420063922,9.748629140799272,67.41619850586214,9.913826010459994,1.9796957474776722,8.0203058018053,0.0861755388229599,5.151030014890623,0.9999999999999996,2.7266650910134036,0.9999999999999996,2.7266650910134036,0.9999999999999996,0.023036542650259728,0.9999999999999996,0.24281965156451268
28560.0,34.66694859340572,259.1499875542347,68.15564142289067,554.2708319782481,8.131794830555275,4.913234922820525,38.6942445229022,8.946574354990995E-28,299.846018286633,164.20363791925973,164.20363791925973,0.7099709923171618,9.75008244476818,63.094277297828576,9.91383068507813,1.9798250615550483,8.02017648772792,0.0861708642048223,7.875512799760268,0.9999999999999996,2.7266650910134036,0.9999999999999996,2.7266650910134036,0.9999999999999996,0.02298922016943187,0.9999999999999996,0.2428558505785741
28640.0,34.665904173711205,259.1563897559727,68.15471859449005,554.2983828222083,8.13119358701065,3.9636455110640756,44.75390864165794,-1.2012897808404816E-29,299.82375049550944,164.20363791925973,164.20363791925973,0.7090385623588885,9.751220949353183,58.874029477647824,9.913834931428578,1.9799426090574421,8.020058940225525,0.0861666178543744,11.291097681851815,0.9999999999999996,2.7266650910134036,0.9999999999999996,2.7266650910134036,0.9999999999999996,0.022959027615320104,0.9999999999999996,0.24288420854384718
28720.0,34.66495487883489,259.16220588022213,68.15387980555238,554.3234121664849,8.130647120033728,3.277309601180286,50.4375116230162,7.1956331280991E-29,299.80351142185924,164.20363791925973,164.20363791925973,0.7084399864606666,9.752141076664346,54.86263848073674,9.913838788783067,1.9800494594643383,8.019952089818627,0.08616276049988518,15.389913606224967,0.9999999999999996,2.7266650910134036,0.9999999999999996,2.7266650910134036,0.9999999999999996,0.022939645424693657,0.9999999999999996,0.24290712715013169
28800.0,34.664092046735156,259.1674895901907,68.15311740536575,554.3461507848558,8.130150438929984,2.763921595395986,55.71266221338279,-1.7449788697732502E-31,299.78511622914544,164.20363791925973,164.20363791925973,0.7080524620586647,9.752905301304025,51.10759024258977,9.913842292806862,1.980146585281638,8.019854964001327,0.08615925647608781,20.157106593105386,0.9999999999999996,2.7266650910134036,0.9999999999999996,2.7266650910134036,0.9999999999999996,0.022927097188364207,0.9999999999999996,0.24292616251993024
28880.0,34.66330780466283,259.17228962819337,68.15242444002718,554.366808307251,8.129699008239571,2.368756293508841,60.57744575112818,-1.094031117517329E-33,299.7683969410172,164.20363791925973,164.20363791925973,0.7077986544896742,9.75355460283582,47.62456881009767,9.913845475886452,1.980234870672183,8.019766678610784,0.08615607339649885,25.573523927780155,0.9999999999999996,2.7266650910134036,0.9999999999999996,2.7266650910134036,0.9999999999999996,0.022918878770784714,0.9999999999999996,0.24294233537556292
28960.0,34.662594995763975,259.17665027670085,68.15179458770218,554.385575197667,8.129288705323198,2.05730512458091,65.04546509590763,-1.5957047689029111E-34,299.7532008704464,164.20363791925973,164.20363791925973,0.7076298595333385,9.754116278112944,44.41251993180682,9.913848367438153,1.9803151196243183,8.019686429658648,0.08615318184480239,31.61682937486384,0.9999999999999996,2.7266650910134036,0.9999999999999996,2.7266650910134036,0.9999999999999996,0.022913413104642455,0.9999999999999996,0.24295632562928104
29040.0,34.66194711389873,259.1806117675429,68.15122210112318,554.4026245101167,8.128915782706667,1.8069817030661774,69.1379300990549,1.622306614445839E-35,299.73938922511036,164.20363791925973,164.20363791925973,0.7075153454933758,9.754608898922054,41.46166083272966,9.91385099418182,1.9803880632127508,8.019613486070215,0.08615055510113503,38.261555156722494,0.9999999999999996,2.7266650910134036,0.9999999999999996,2.7266650910134036,0.9999999999999996,0.02290970508205325,0.9999999999999996,0.24296859586866484
29120.0,34.66135824662342,259.18421063959386,68.15070175728445,554.4181134237582,8.128576835148495,1.6024847416171593,72.87937171150017,-1.163643570670848E-35,299.72683588770064,164.20363791925973,164.20363791925973,0.7074357394526869,9.755045399549173,38.757856974940196,9.913853380380003,1.9804543659537939,8.019547183329173,0.08614816890295302,45.47898012305154,0.9999999999999996,2.7266650910134036,0.9999999999999996,2.7266650910134036,0.9999999999999996,0.022907127398153464,0.9999999999999996,0.24297946826196795
29200.0,34.66082301913489,259.18748008981026,68.1502288079736,554.4321847502006,8.128268767281947,1.4331299857953337,76.29533169363191,3.963098838019673E-37,299.71542621750245,164.20363791925973,164.20363791925973,0.7073787773961451,9.75543507384133,36.28502501507121,9.91385554807229,1.9805146320640934,8.019486917218874,0.08614600121066658,53.236853914050826,0.9999999999999996,2.7266650910134036,0.9999999999999996,2.7266650910134036,0.9999999999999996,0.02290528293792436,0.9999999999999996,0.24298917430109185
29280.0,34.6603365460355,259.19045027515966,68.14979893720209,554.4449682300749,8.127988765774782,1.2912521426088401,79.41107826610472,1.5862603932519715E-37,299.70505601929983,164.20363791925973,164.20363791925973,0.7073366848236406,9.755784815281473,34.02649844227965,9.913857517276835,1.98056941084804,8.019432138434924,0.08614403200612314,61.49928092716495,0.9999999999999996,2.7266650910134036,0.9999999999999996,2.7266650910134036,0.9999999999999996,0.022903919959116392,0.9999999999999996,0.24299788568947336
29360.0,34.659894386782405,259.1931485911998,68.1494082218817,554.4565817296259,8.127734273623616,1.171223172513575,82.25091831429174,9.272286928644068E-39,299.69563059133145,164.20363791925973,164.20363791925973,0.7073045164752925,9.756099912404327,31.96579157166818,9.913859306176152,1.9806192016781865,8.019382347604779,0.08614224310681069,70.22651211534017,0.9999999999999996,2.7266650910134036,0.9999999999999996,2.7266650910134036,0.9999999999999996,0.022902878331710952,0.9999999999999996,0.24300573415436785
29440.0,34.65949250526275,259.19559992464445,68.14905309613953,554.4671323257822,8.12750296683427,1.068822681280777,84.83783697239531,1.1805023282572556E-38,299.68706386162,164.20363791925973,164.20363791925973,0.7072791116960749,9.756384557613984,30.087029779772898,9.913860931285456,1.9806644585175253,8.01933709076544,0.0861406179975061,79.37503428607408,0.9999999999999996,2.7266650910134036,0.9999999999999996,2.7266650910134036,0.9999999999999996,0.02290205571209817,0.9999999999999996,0.24301282412051897
29520.0,34.65912723282862,259.1978268841194,68.1487303186831,554.4767172977106,8.127292733102799,0.9808292785725916,87.19333668328115,-2.7121738746133022E-39,299.67927759839694,164.20363791925973,164.20363791925973,0.7072584329173772,9.756642177054415,28.375174716354337,9.91386240760641,1.980705594057632,8.019295955225333,0.08613914167654965,88.89756717924885,0.9999999999999996,2.7266650910134036,0.9999999999999996,2.7266650910134036,0.9999999999999996,0.02290138612277486,0.9999999999999996,0.243019240926601
29600.0,34.65879523525626,259.1998500062812,68.14843694362848,554.4854250126144,8.127101652763134,0.9047404908789753,89.33737945771452,1.4518354853038758E-40,299.67220070447513,164.20363791925973,164.20363791925973,0.7072411565531386,9.756875641477679,26.81613975768149,9.913863748764385,1.9807429834190078,8.019258565863959,0.08613780051857822,98.74365119982778,0.9999999999999996,2.7266650910134036,0.9999999999999996,2.7266650910134036,0.9999999999999996,0.022900826705354274,0.9999999999999996,0.24302505607754077
29680.0,34.65849348155279,259.20168795020686,68.14817029295605,554.4933357613008,8.126927980803968,0.8385866601242004,91.2884112515918,1.6666863668148857E-40,299.66576855122173,164.20363791925973,164.20363791925973,0.7072264106245313,9.757087408235181,25.396820289651654,9.913864967137807,1.9807769676473377,8.01922458163563,0.08613658214515614,108.85984191314392,0.9999999999999996,2.7266650910134036,0.9999999999999996,2.7266650910134036,0.9999999999999996,0.022900349224720527,0.9999999999999996,0.243030330781248
29760.0,34.65821921563014,259.20335767377196,68.14792793149628,554.5005225164315,8.12677013054212,0.7807965673453857,93.06341903779123,-1.9775662801433948E-41,299.65992237388,164.20363791925973,164.20363791925973,0.707213610490628,9.757279616117952,24.10508637311733,9.913866073975528,1.9808078568898047,8.019193692393165,0.08613547530743566,119.19035371043658,0.9999999999999996,2.7266650910134036,0.9999999999999996,2.7266650910134036,0.9999999999999996,0.022899934749904396,0.9999999999999996,0.24303511831090457
29840.0,34.65796993475261,259.20487456796917,68.1477076478988,554.5070515098721,8.126626661197264,0.7301013917934649,94.67798065747166,-1.5148110091714457E-41,299.6546088113869,164.20363791925973,164.20363791925973,0.7072023576615167,9.757454146543294,22.929770779756705,9.913867079486206,1.9808359328106133,8.019165616472355,0.08613446979676061,129.67785258551416,0.9999999999999996,2.7266650910134036,0.9999999999999996,2.7266650910134036,0.9999999999999996,0.02289957037760078,0.9999999999999996,0.24303946552900638
29920.0,34.65774336143062,259.2062526314504,68.14750742980672,554.512982983354,8.126496261699868,0.6854657483375918,96.14638601111535,3.620904433172205E-44,299.649779306675,164.20363791925973,164.20363791925973,0.7071923708056959,9.757612674349197,21.860597271008217,9.913867992954271,1.9808614517473526,8.019140097535614,0.086133556328693,140.26431844959708,0.9999999999999996,2.7266650910134036,0.9999999999999996,2.7266650910134036,0.9999999999999996,0.022899246998153242,0.9999999999999996,0.24304341415255504
30000.0,34.657537430318776,259.2075045524693,68.14732545228827,554.5183715406472,8.126377743136722,0.6460385372512,97.48167695508036,1.4491106663135033E-44,299.64538982688845,164.20363791925973,164.20363791925973,0.7071834467355623,9.757756694613162,20.888163770006113,9.913868822794512,1.9808846461786611,8.019116903104306,0.086132726488452,150.89142726663138,0.9999999999999996,2.7266650910134036,0.9999999999999996,2.7266650910134036,0.9999999999999996,0.02289895803224431,0.9999999999999996,0.2430470014210632
30080.0,34.65735025920193,259.20864188840886,68.1471600522058,554.5232669198602,8.126270022040906,0.6111109412190768,98.6958013363904,4.012946168003966E-46,299.6414002445044,164.20363791925973,164.20363791925973,0.7071754328586339,9.757887554987443,20.003839445389403,9.913869576671251,1.9809057279855826,8.019095821297386,0.08613197261171737,161.50226526709986,0.9999999999999996,2.7266650910134036,0.9999999999999996,2.7266650910134036,0.9999999999999996,0.022898698538852173,0.9999999999999996,0.24305026090196327
30160.0,34.65718013964542,259.20967512432895,68.14700971995977,554.527714245107,8.126172115001918,0.5800906536350928,99.79965089676804,-9.296872858518451E-47,299.6377741377106,164.20363791925973,164.20363791925973,0.707168211254343,9.758006469344494,19.19974328435048,9.913870261537301,1.9809248894994949,8.019076659783472,0.08613128774566745,172.04147364102718,0.9999999999999996,2.7266650910134036,0.9999999999999996,2.7266650910134036,0.9999999999999996,0.022898464699649138,0.9999999999999996,0.24305322283048966
30240.0,34.657025516509215,259.2106137998026,68.14687308139119,554.5317545721399,8.126083126867591,0.5524773801385713,100.80317529894116,-1.7366164952590364E-48,299.6344783534515,164.20363791925973,164.20363791925973,0.7071616873654364,9.758114536856347,18.468666170498466,9.9138708837182,1.9809423058049105,8.019059243478056,0.08613066556476696,182.4566560058222,0.9999999999999996,2.7266650910134036,0.9999999999999996,2.7266650910134036,0.9999999999999996,0.022898253452823484,0.9999999999999996,0.24305591458490913
30320.0,34.656884979758914,259.21146655990526,68.14674889054939,554.5354251075983,8.126002246025129,0.5278473854930571,101.71542226219368,-6.2259857864547026E-49,299.6314828326545,164.20363791925973,164.20363791925973,0.7071557839420605,9.758212750321032,17.80404518651506,9.913871448946102,1.9809581356583643,8.0190434136246,0.08613010033686568,192.69854328667802,0.9999999999999996,2.7266650910134036,0.9999999999999996,2.7266650910134036,0.9999999999999996,0.022898062296985832,0.9999999999999996,0.24305836089391622
30400.0,34.65675724622001,259.21224126812535,68.14663601357239,554.538759694796,8.125928733894497,0.505838349736604,102.54464578289814,6.509690312907694E-48,299.62876022110476,164.20363791925973,164.20363791925973,0.7071504355292724,9.758302011058234,17.199887552861465,9.913871962434705,1.9809725235404145,8.01902902574255,0.08612958684826309,202.72216575966283,0.9999999999999996,2.7266650910134036,0.9999999999999996,2.7266650910134036,0.9999999999999996,0.022897889112672005,0.9999999999999996,0.24306058420765528
30480.0,34.65664114921978,259.21294507051795,68.14653341953613,554.541789089721,8.125861918963656,0.48613977647057754,103.29836662139358,-1.950663347259761E-48,299.6262856485326,164.20363791925973,164.20363791925973,0.7071455858636571,9.758383137123493,16.65072839893214,9.913872428921849,1.9809856008201587,8.019015948462805,0.08612912036111965,212.48696696112762,0.9999999999999996,2.7266650910134036,0.9999999999999996,2.7266650910134036,0.9999999999999996,0.022897732078044134,0.9999999999999996,0.24306260490232062
30560.0,34.656535628806786,259.2135844562932,68.14644017181455,554.5445412216598,8.125801191155285,0.46848321977597207,103.98342870946715,1.0825005596886782E-48,299.62403651997755,164.20363791925973,164.20363791925973,0.7071411858980209,9.758456870843364,16.15159159954251,9.913872852709744,1.9809974868543825,8.01900406242858,0.08612869657322489,221.95763758452622,0.9999999999999996,2.7266650910134036,0.9999999999999996,2.7266650910134036,0.9999999999999996,0.022897589604929255,0.9999999999999996,0.24306444146784267
30640.0,34.656439721420725,259.21416532168814,68.14635541895248,554.5470414680391,8.125745995879464,0.4526364170965204,104.60606309608261,-2.891406719128019E-49,299.62199229552533,164.20363791925973,164.20363791925973,0.7071371923016855,9.758523886504717,15.697944035470003,9.913873237707346,1.9810082901498873,8.018993259133074,0.08612831157562126,231.1039482131999,0.9999999999999996,2.7266650910134036,0.9999999999999996,2.7266650910134036,0.9999999999999996,0.02289746029025807,0.9999999999999996,0.24306611069941406
30720.0,34.656352551325966,259.21469302293474,68.14627838709744,554.5493128823218,8.125695829100737,0.4383971893874364,105.17193974322429,3.3964226837963226E-50,299.6201343076062,164.20363791925973,164.20363791925973,0.7071335665318443,9.75858479658919,15.285658899394875,9.913873587465515,1.9810181093269086,8.018983439956052,0.08612796181745261,239.9010356115169,0.9999999999999996,2.7266650910134036,0.9999999999999996,2.7266650910134036,0.9999999999999996,0.02289734288599499,0.9999999999999996,0.2430676278527773
30800.0,34.65627332256453,259.21517242598674,68.14620837288993,554.5513764079685,8.125650232705123,0.4255889842894256,105.68621742949536,9.236598270271752E-51,299.61844558940874,164.20363791925973,164.20363791925973,0.7071302740714172,9.758640157578563,14.910979975654854,9.91387390521,1.9810270340243386,8.018974515258623,0.08612764407296948,248.32930675109415,0.9999999999999996,2.7266650910134036,0.9999999999999996,2.7266650910134036,0.9999999999999996,0.022897236274459477,0.9999999999999996,0.24306900678882623
30880.0,34.65620131171867,259.215607951217,68.14614473706881,554.5532510707733,8.12560879033326,0.4140568309916952,106.15358857853568,-3.2652419820567165E-50,299.6169107205552,164.20363791925973,164.20363791925973,0.7071272838792173,9.758690475115083,14.570489568598209,9.913874193871093,1.9810351457140762,8.018966403568886,0.08612735541187606,256.374440977801,0.9999999999999996,2.7266650910134036,0.9999999999999996,2.7266650910134036,0.9999999999999996,0.0228971394505222,0.9999999999999996,0.2430702601021392
30960.0,34.65613586119821,259.21600361485406,68.14608689854045,554.5549541571645,8.125571123515808,0.40366543583619247,106.57832266792202,-6.784739549326716E-51,299.6155156839713,164.20363791925973,164.20363791925973,0.7071245679489072,9.758736208756632,14.261076925101717,9.913874456111127,1.9810425184563556,8.01895903082661,0.08612709317184317,264.02637730710126,0.9999999999999996,2.7266650910134036,0.9999999999999996,2.7266650910134036,0.9999999999999996,0.022897051507323754,0.9999999999999996,0.2430713992394215
31040.0,34.65607637334537,259.21636306534987,68.14603432916968,554.5565013707143,8.125536888279674,0.3942940973616172,106.96430092361472,3.5198585957009305E-50,299.6142477401927,164.20363791925973,164.20363791925973,0.7071221009648428,9.758777776133677,13.979913930341711,9.913874694348586,1.9810492195632032,8.018952329719763,0.08612685493438425,271.2805026485472,0.9999999999999996,2.7266650910134036,0.9999999999999996,2.7266650910134036,0.9999999999999996,0.02289697162513079,0.9999999999999996,0.24307243460304695
31120.0,34.65602230496305,259.2166896171226,68.14598654894544,554.5579069773336,8.125505771998098,0.3858365252647293,107.31505304773228,3.305620742853125E-51,299.6130953107061,164.20363791925973,164.20363791925973,0.7071198600077299,9.758815556796437,13.72442802350158,9.913874910780494,1.9810553102142079,8.018946239068761,0.0861266385024756,278.1360654595921,0.9999999999999996,2.7266650910134036,0.9999999999999996,2.7266650910134036,0.9999999999999996,0.022896899061804938,0.9999999999999996,0.24307337564688347
31200.0,34.65597316233132,259.2169862812701,68.14594312157733,554.5591839374543,8.125477490521858,0.3781995684945237,107.633789551074,-1.2491654327611254E-50,299.61204787169714,164.20363791925973,164.20363791925973,0.7071178243049979,9.75884989571097,13.492278648420323,9.913875107402783,1.9810608460174939,8.018940703265473,0.08612644188018695,284.59522040050274,0.9999999999999996,2.7266650910134036,0.9999999999999996,2.7266650910134036,0.9999999999999996,0.02289683314471986,0.9999999999999996,0.2430742309633738
31280.0,34.65592849668248,259.21725579344405,68.14590365049693,554.5603440259824,8.125451785574448,0.37129939656330757,107.92342843407482,9.544015087677184E-51,299.61109585758015,164.20363791925973,164.20363791925973,0.7071159750155059,9.758881106428703,13.281338547284633,9.913875286028775,1.981065877519071,8.018935671763897,0.08612626325419548,290.6641632951687,0.9999999999999996,2.7266650910134036,0.9999999999999996,2.7266650910134036,0.9999999999999996,0.022896773263789867,0.9999999999999996,0.24307500836248247
31360.0,34.65588790045864,259.2175006369032,68.14586777555165,554.5613979315112,8.125428422597933,0.3650616675412798,108.1866205807858,-4.4029726607481313E-51,299.61023058121555,164.20363791925973,164.20363791925973,0.7071142950561139,9.758909473705659,13.089674961806413,9.91387544830447,1.9810704506240828,8.018931098658886,0.08612610097849834,296.35163097082074,0.9999999999999996,2.7266650910134036,0.9999999999999996,2.7266650910134036,0.9999999999999996,0.022896718865854235,0.9999999999999996,0.24307571493693586
31440.0,34.65585100332521,259.2177230670404,68.14583516948174,554.5623553618778,8.125407188458208,0.3594203475608076,108.42577542516574,3.603276723863991E-51,299.60944414892145,164.20363791925973,164.20363791925973,0.7071127689236401,9.758935256290242,12.915530992505738,9.91387559572482,1.9810746070456442,8.018926942237325,0.08612595355814887,301.6684396445363,0.9999999999999996,2.7266650910134036,0.9999999999999996,2.7266650910134036,0.9999999999999996,0.022896669448912093,0.9999999999999996,0.2430763571316603
31520.0,34.6558174677089,259.21792513879245,68.14580553397755,554.563225162133,8.125387888876707,0.3543161089541223,108.64308936498502,1.7997735572667386E-52,299.6087293653537,164.20363791925973,164.20363791925973,0.7071113825004103,9.758958690041919,12.757305047830469,9.913875729651885,1.9810783848072664,8.0189231644757,0.08612581963108384,306.62757526232707,0.9999999999999996,2.7266650910134036,0.9999999999999996,2.7266650910134036,0.9999999999999996,0.022896624555826008,0.9999999999999996,0.2430769408214627
31600.0,34.655786987162585,259.2181087167293,68.14577859823473,554.5640153579596,8.125370347489223,0.3496960840076256,108.84055655011996,7.314558691737939E-53,299.60807969864857,164.20363791925973,164.20363791925973,0.707110122981812,9.758979989074085,12.61354293738012,9.913875851321537,1.9810818184268977,8.01891973085607,0.08612569796143255,311.2432810306979,0.9999999999999996,2.7266650910134036,0.9999999999999996,2.7266650910134036,0.9999999999999996,0.022896583771976134,0.9999999999999996,0.24307747133949706
31680.0,34.65575928377116,259.2182754910071,68.14575411666203,554.5647332243303,8.125354404352656,0.3455129322886129,109.01998541427321,5.246935489639682E-54,299.6074892251179,164.20363791925973,164.20363791925973,0.7071089787642629,9.758999347566679,12.482925911859807,9.91387596185403,1.981084939208992,8.018916610073974,0.08612558742893836,315.5308390112788,0.9999999999999996,2.7266650910134036,0.9999999999999996,2.7266650910134036,0.9999999999999996,0.02289654672163261,0.9999999999999996,0.24307795352241313
31760.0,34.65573410470986,259.2184269984819,68.14573186583995,554.565385376386,8.125339913964167,0.3417242441302578,109.18302120853237,-1.9140583624025888E-54,299.60695255588627,164.20363791925973,164.20363791925973,0.7071079392985831,9.7590169421706,12.364254194155423,9.913876062268008,1.981087775632111,8.018913773650853,0.08612548701496221,319.5062190756187,0.9999999999999996,2.7266650910134036,0.9999999999999996,2.7266650910134036,0.9999999999999996,0.022896513063207648,0.9999999999999996,0.24307839177024584
31840.0,34.65571121927953,259.21856464088614,68.14571164190103,554.5659778476612,8.125326743554822,0.3382917170731735,109.3311650907959,3.253503547832488E-56,299.6064647736943,164.20363791925973,164.20363791925973,0.7071069949643519,9.759032934078876,12.256433114048328,9.913876153492536,1.9810903536827806,8.018911195600184,0.08612539579043313,323.1860538493387,0.9999999999999996,2.7266650910134036,0.9999999999999996,2.7266650910134036,0.9999999999999996,0.02289648248518715,0.9999999999999996,0.24307879009800454
31920.0,34.6556904181867,259.218689689281,68.14569325989356,554.5665161092545,8.125314772675146,0.3351810693108657,109.46577890811795,1.8860750948240878E-54,299.60602141754856,164.20363791925973,164.20363791925973,0.7071061370388528,9.759047469529525,12.15846959475708,9.913876236370074,1.9810926969365654,8.018908852346398,0.08612531291289535,326.58699709139375,0.9999999999999996,2.7266650910134036,0.9999999999999996,2.7266650910134036,0.9999999999999996,0.02289645470512515,0.9999999999999996,0.2430791521481975
32000.0,34.65567151045057,259.21880330299945,68.1456765510486,554.5670051513455,8.125303891414859,0.3323610799932251,109.58810499511081,4.8041873254787853E-54,299.60561841678657,164.20363791925973,164.20363791925973,0.7071053575666322,9.759060681966375,12.069457805039272,9.913876311669021,1.9810948269062327,8.018906722376732,0.08612523761394704,329.72604673611204,0.9999999999999996,2.7266650910134036,0.9999999999999996,2.7266650910134036,0.9999999999999996,0.022896429465420018,0.9999999999999996,0.24307948124465462
32080.0,34.655654325257096,259.2189065183599,68.14566136441795,554.5674494346504,8.125294001470245,0.3298047955584359,109.69925499564556,2.0121764260454643E-54,299.6052521306133,164.20363791925973,164.20363791925973,0.7071046494368315,9.759072690743075,11.988587069325357,9.913876380076234,1.9810967628334424,8.018904786449522,0.08612516920673495,332.6187383355033,0.9999999999999996,2.7266650910134036,0.9999999999999996,2.7266650910134036,0.9999999999999996,0.022896406535818568,0.9999999999999996,0.24307978036024638
32160.0,34.655638706578976,259.219000281573,68.14564756212101,554.5678530319854,8.12528501304723,0.3274864521130256,109.80024285186067,-9.529377072845467E-55,299.60491923339004,164.20363791925973,164.20363791925973,0.7071040061571201,9.759083604882724,11.915118361073153,9.91387644221886,1.9810985222934794,8.018903026989484,0.0861251070641093,335.28178690569234,0.9999999999999996,2.7266650910134036,0.9999999999999996,2.7266650910134036,0.9999999999999996,0.022896385706095836,0.9999999999999996,0.24308005221052895
32240.0,34.655624510892864,259.21908546268037,68.14563501732604,554.5682196883719,8.125276843548104,0.32538425554988687,109.8920028881916,1.6239746256267686E-54,299.6046166660158,164.20363791925973,164.20363791925973,0.7071034217577183,9.759093524671263,11.848370238165057,9.913876498673533,1.9811001214542672,8.018901427828697,0.08612505060943576,337.72993319076966,0.9999999999999996,2.7266650910134036,0.9999999999999996,2.7266650910134036,0.9999999999999996,0.022896366782947344,0.9999999999999996,0.24308029929343283
32320.0,34.655611608359536,259.2191628483838,68.14562361529428,554.5685527900614,8.125269418250678,0.3234771163424928,109.97537865376763,-1.5220835950857794E-54,299.6043416610584,164.20363791925973,164.20363791925973,0.7071028908409343,9.759102540833839,11.787727922720332,9.913876549961676,1.9811015749414134,8.01889997434155,0.08612499932129207,339.97885197334114,0.9999999999999996,2.7266650910134036,0.9999999999999996,2.7266650910134036,0.9999999999999996,0.022896349591593087,0.9999999999999996,0.2430805238687473
32400.0,34.65559988128979,259.2192331514164,68.14561325202386,554.5688554049443,8.125262669424762,0.3217470146909937,110.05113557807253,1.3131231886415877E-54,299.60409171004994,164.20363791925973,164.20363791925973,0.7071024085166617,9.759110735606676,11.732633349145132,9.91387659655567,1.9811028960124353,8.01889865327053,0.0861249527272995,342.0424450053276,0.9999999999999996,2.7266650910134036,0.9999999999999996,2.7266650910134036,0.9999999999999996,0.022896333973688957,0.9999999999999996,0.243080727984819
32480.0,34.655589222621366,259.21929701985295,68.14560383290352,554.569130322601,8.125256535456538,0.32017733233577184,110.11996950550275,-4.5340227127947475E-55,299.60386453104803,164.20363791925973,164.20363791925973,0.7071019703384489,9.75911818380025,11.682579311131322,9.91387663888504,1.9811040967278142,8.01889745255515,0.08612491039793084,343.9343088473837,0.9999999999999996,2.7266650910134036,0.9999999999999996,2.7266650910134036,0.9999999999999996,0.02289631978525659,0.9999999999999996,0.24308091350503347
32560.0,34.65557953504289,259.2193550424801,68.14559527193937,554.5693800773895,8.1252509603435,0.3187527922611325,110.18251251716285,-9.205206780252582E-56,299.60365804992864,164.20363791925973,164.20363791925973,0.7071015722666892,9.759124953412412,11.637105186141557,9.913876677340024,1.9811051880491906,8.018896361233777,0.08612487194294725,345.66759944458084,0.9999999999999996,2.7266650910134036,0.9999999999999996,2.7266650910134036,0.9999999999999996,0.022896306895491478,0.9999999999999996,0.24308108212308657
32640.0,34.65557073010449,259.2194077542117,68.14558749096793,554.5696069718107,8.12524589318314,0.31746005108964337,110.23933947464234,7.120909887730585E-57,299.6034703814576,164.20363791925973,164.20363791925973,0.7071012106313819,9.759131106248862,11.595791956586941,9.913876712275144,1.9811061799405778,8.018895369342392,0.08612483700782812,347.2542107148887,0.9999999999999996,2.7266650910134036,0.9999999999999996,2.7266650910134036,0.9999999999999996,0.02289629518555714,0.9999999999999996,0.24308123537843984
32720.0,34.655562727841435,259.2194556384177,68.14558041932393,554.5698130864811,8.125241287956104,0.3162868094448974,110.29096966830389,-3.4610356420697586E-55,299.60329982125063,164.20363791925973,164.20363791925973,0.7071008821162115,9.759136698186627,11.558261226001788,9.913876744010764,1.9811070814098724,8.018894467873096,0.08612480527220882,348.70556208737014,0.9999999999999996,2.7266650910134036,0.9999999999999996,2.7266650910134036,0.9999999999999996,0.022896284548069603,0.9999999999999996,0.2430813746628828
32800.0,34.65555545444726,259.2194991410608,68.14557399178527,554.5700003410163,8.125237102187208,0.3152218244809861,110.33788236148729,-1.1021625716165446E-55,299.6031447961893,164.20363791925973,164.20363791925973,0.7071005836614981,9.759141780799494,11.524163773783137,9.913876772842455,1.981107900771278,8.01889364851169,0.08612477644051779,350.03249709362296,0.9999999999999996,2.7266650910134036,0.9999999999999996,2.7266650910134036,0.9999999999999996,0.022896274883954886,0.9999999999999996,0.24308150126101963
32880.0,34.65554884256088,259.219538668999,68.14556814882343,554.5701704866918,8.125233297110453,0.31425488471473817,110.3805148820878,-1.0361560214545754E-54,299.60300387052433,164.20363791925973,164.20363791925973,0.7071003124758929,9.759146401157881,11.493180959090612,9.913876799039867,1.9811086456130724,8.018892903669897,0.08612475024310463,351.24518424680855,0.9999999999999996,2.7266650910134036,0.9999999999999996,2.7266650910134036,0.9999999999999996,0.022896266102827696,0.9999999999999996,0.24308161634528405
32960.0,34.655542832954055,259.21957457968824,68.14556283810028,554.570325062166,8.125229838640475,0.31337706721780134,110.41925159175803,2.9664153495283785E-55,299.60287578186797,164.20363791925973,164.20363791925973,0.707100066106951,9.759150600648963,11.465032776282989,9.913876822839915,1.9811093226072203,8.018892226675748,0.08612472644305709,352.3526867236112,0.9999999999999996,2.7266650910134036,0.9999999999999996,2.7266650910134036,0.9999999999999996,0.022896258125276625,0.9999999999999996,0.2430817209465512
33040.0,34.65553737093715,259.21960720310256,68.14555801128574,554.5704654877811,8.125226695303724,0.3125801279749969,110.4544473168579,2.721383023139372E-54,299.60275936455713,164.20363791925973,164.20363791925973,0.7070998422908178,9.759154417488867,11.439460759238626,9.913876844461292,1.981109937914547,8.018891611368423,0.08612470482168066,353.36362561631904,0.9999999999999996,2.7266650910134036,0.9999999999999996,2.7266650910134036,0.9999999999999996,0.022896250877996925,0.9999999999999996,0.24308181601671153
33120.0,34.65553240671317,259.21963683956693,68.14555362437213,554.5705930562476,8.125223838442231,0.31185655280047336,110.4864250274755,3.094702162655135E-54,299.60265355720367,164.20363791925973,164.20363791925973,0.7070996389670704,9.759157886475153,11.416229678136059,9.91387686410304,1.9811104971447855,8.018891052138184,0.0861246851799327,354.28604605324745,0.9999999999999996,2.7266650910134036,0.9999999999999996,2.7266650910134036,0.9999999999999996,0.022896244294271045,0.9999999999999996,0.24308190242250552
33200.0,34.65552789507899,259.2196637615691,68.14554963741226,554.5707089404592,8.125221242041851,0.31119955277213296,110.51547782493209,-3.907434147146364E-55,299.6025573963395,164.20363791925973,164.20363791925973,0.7070994542662666,9.759161039195181,11.395126077323129,9.913876881945754,1.9811110053901384,8.01889054389283,0.08612466733721963,355.1273671201382,0.9999999999999996,2.7266650910134036,0.9999999999999996,2.7266650910134036,0.9999999999999996,0.02289623831356551,0.9999999999999996,0.24308198095071373
33280.0,34.65552379453893,259.2196882191445,68.14554601373838,554.5708142166942,8.125218882222304,0.31060296031864604,110.54187475539736,-4.2514364463924853E-54,299.60246999753537,164.20363791925973,164.20363791925973,0.7070992864729614,9.75916390464508,11.375954022493685,9.913876898155149,1.9811114673250216,8.018890081957947,0.08612465112782472,355.89446617634616,0.9999999999999996,2.7266650910134036,0.9999999999999996,2.7266650910134036,0.9999999999999996,0.022896232880333336,0.9999999999999996,0.24308205232357405
33360.0,34.65552006756094,259.2197104383198,68.14554272018721,554.5709098579059,8.125216737384516,0.3100612641531175,110.56585913428523,-1.8674924551878004E-54,299.6023905608541,164.20363791925973,164.20363791925973,0.7070991340364046,9.759166509051022,11.358536325523573,9.913876912881031,1.9811118871772797,8.018889662105687,0.08612463640194153,356.5935894516785,0.9999999999999996,2.7266650910134036,0.9999999999999996,2.7266650910134036,0.9999999999999996,0.022896227944360453,0.9999999999999996,0.24308211719433012
33440.0,34.655516680032385,259.21973062445426,68.14553972661122,554.5709967480306,8.12521478789675,0.3095693652460483,110.58765195293346,3.7310370185665136E-54,299.60231835920405,164.20363791925973,164.20363791925973,0.7070989955477218,9.759168876250968,11.342712100533275,9.913876926259503,1.9811122687898495,8.018889280493116,0.08612462302346867,357.23060602278093,0.9999999999999996,2.7266650910134036,0.9999999999999996,2.7266650910134036,0.9999999999999996,0.02289622346002679,0.9999999999999996,0.2430821761567399
33520.0,34.65551360113743,259.21974896296734,68.14553700577477,554.5710756851618,8.125213016024476,0.3091226315580807,110.60745274231608,6.987456497585693E-54,299.602252735755,164.20363791925973,164.20363791925973,0.7070988697348615,9.759171027779395,11.32833611381292,9.913876938413452,1.9811126156343406,8.018888933648627,0.08612461086952188,357.8109185497607,0.9999999999999996,2.7266650910134036,0.9999999999999996,2.7266650910134036,0.9999999999999996,0.022896219386142676,0.9999999999999996,0.24308222974718585
33600.0,34.655510802770635,259.2197656229059,68.14553453283577,554.5711473969039,8.125211405592825,0.30871678935800245,110.6254433808266,-7.816137646023186E-55,299.6021930914369,164.20363791925973,164.20363791925973,0.7070987554381198,9.7591729832771,11.315276009443155,9.913876949454904,1.9811129308770958,8.018888618405871,0.0861245998280694,358.3395759293809,0.9999999999999996,2.7266650910134036,0.9999999999999996,2.7266650910134036,0.9999999999999996,0.022896215685156318,0.9999999999999996,0.24308227845488256
33680.0,34.655508259364574,259.21978075793953,68.14553228520707,554.571212544781,8.12520994188861,0.308348173511711,110.64178946673773,-9.426289803341829E-54,299.60213888135024,164.20363791925973,164.20363791925973,0.7070986516031357,9.759174760608909,11.30341123362297,9.913876959485718,1.981113217397962,8.018888331885005,0.08612458979725666,358.8209659446404,0.9999999999999996,2.7266650910134036,0.9999999999999996,2.7266650910134036,0.9999999999999996,0.022896212322926966,0.9999999999999996,0.2430823227248085
33760.0,34.65550594765476,259.21979450783147,68.14553024233659,554.5712717304589,8.125208611523918,0.30801349669066497,110.65664167881677,-7.735840080859765E-54,299.60208960967645,164.20363791925973,164.20363791925973,0.7070985572709529,9.759176376030526,11.29263209473646,9.913876968598528,1.9811134778174073,8.01888807146556,0.08612458068444646,359.2590677607488,0.9999999999999996,2.7266650910134036,0.9999999999999996,2.7266650910134036,0.9999999999999996,0.022896209268403127,0.9999999999999996,0.2430823629618622
33840.0,34.655503846576,259.2198069990895,68.14552838560992,554.5713254984909,8.125207402375954,0.307709688689624,110.67013631763044,6.797990780343936E-54,299.6020448274338,164.20363791925973,164.20363791925973,0.7070984715736369,9.7591778442621,11.282839407549291,9.91387697687718,1.9811137145084527,8.018887834774514,0.08612457240579414,359.65762660550973,0.9999999999999996,2.7266650910134036,0.9999999999999996,2.7266650910134036,0.9999999999999996,0.02289620649348065,0.9999999999999996,0.24308239953269428
33920.0,34.65550193692631,259.21981834703666,68.14552669804446,554.5713743451497,8.12520630339283,0.30743367586202097,110.68239734160218,1.4362790165957903E-53,299.60200412526024,164.20363791925973,164.20363791925973,0.707098393720184,9.759179178724832,11.273943053761224,9.913876984398089,1.9811139296349518,8.018887619648014,0.08612456488488576,360.0204077554518,0.9999999999999996,2.7266650910134036,0.9999999999999996,2.7266650910134036,0.9999999999999996,0.02289620397254643,0.9999999999999996,0.2430824327716011
34000.0,34.655500201236634,259.2198286565146,68.14552516419621,554.5714187216606,8.12520530452077,0.30718273199859103,110.69353753840869,3.057802516411686E-54,299.60196713078636,164.20363791925973,164.20363791925973,0.7070983229914009,9.75918039162713,11.26586102784444,9.91387699123073,1.9811141251650701,8.018887424117896,0.08612455805224323,360.3507814980838,0.9999999999999996,2.7266650910134036,0.9999999999999996,2.7266650910134036,0.9999999999999996,0.022896201682312625,0.9999999999999996,0.2430824629826707
34080.0,34.65549862367689,259.21983802242653,68.14552377008464,554.5714590366117,8.12520439665065,0.3069546924078231,110.70365935234013,-1.5785019399757828E-53,299.6019335066729,164.20363791925973,164.20363791925973,0.7070982587360756,9.759181494028946,11.258518771912652,9.913876997438017,1.981114302881607,8.01888724640136,0.08612455184495746,360.6514645010154,0.9999999999999996,2.7266650910134036,0.9999999999999996,2.7266650910134036,0.9999999999999996,0.02289619960169266,0.9999999999999996,0.24308249044138525
34160.0,34.65549718986518,259.2198465309179,68.1455225030178,554.5714956609771,8.125203571507525,0.30674778763534655,110.71285600216267,-1.6810715882130755E-53,299.6019029465005,164.20363791925973,164.20363791925973,0.7070982003629614,9.759182495976509,11.251848397593845,9.913877003077062,1.9811144644038114,8.018887084879156,0.08612454620591327,360.9247090439495,0.9999999999999996,2.7266650910134036,0.9999999999999996,2.7266650910134036,0.9999999999999996,0.02289619771154167,0.9999999999999996,0.24308251539797704
34240.0,164.2360468817815,46.62509300231145,142.21077182775153,14.083524561490988,222.61003427478485,0.35582206446760906,108.7229612481095,649.1398190731327,0.00582533615795389,164.20363791925973,164.20363791925973,4.657419097987577,7.860423598417181,12.67202901184029,7.451123551884255,0.08936894266255473,9.910632606620423,2.548877997398743,305.55429835635357,0.9999999999999996,2.7266650910134036,0.9999999999999996,2.7266650910134036,0.9999999999999996,0.15080958831219704,0.9999999999999996,0.19578807355888855
34320.0,164.28790672646716,46.618928331526064,142.23312584966237,14.079041334497385,222.74945011450305,0.7424413476690969,94.62358581417907,648.9324800149186,2.439463168823238E-12,164.20363791925973,164.20363791925973,10.698196137428319,5.105724663223233,22.93079611853948,7.45051786338222,0.08931348351572095,9.910688065767259,2.549483685900783,127.44924041643276,0.9999999999999996,2.7266650910134036,0.9999999999999996,2.7266650910134036,0.9999999999999996,0.3464130071235872,0.9999999999999996,0.1271738072914894
34400.0,164.33289459573004,46.61366617196033,142.2521724919612,14.074967930527222,222.87219636184102,1.6325896687554842,72.677279366827,648.743898829856,-1.9462809804921084E-14,164.20363791925973,164.20363791925973,14.498170613643913,3.3735769839013745,38.87551928048512,7.449967339380455,0.08926473080798747,9.910736818474994,2.5500342099025497,44.51656209623607,0.9999999999999996,2.7266650910134036,0.9999999999999996,2.7266650910134036,0.9999999999999996,0.46945810448288405,0.9999999999999996,0.0840293312963005
34480.0,164.3737571638395,46.60888389408045,142.26947037641236,14.071266400202227,222.98371617518305,3.6066974271559014,47.8185019458339,648.5725338073224,-3.1687904405202347E-15,164.20363791925973,164.20363791925973,16.88905057568308,2.2843810411818173,56.70218594435102,7.4494668678769775,0.08922048317217578,9.910781066110808,2.550534681406026,13.258251603196355,0.9999999999999996,2.7266650910134036,0.9999999999999996,2.7266650910134036,0.9999999999999996,0.546876008088511,0.9999999999999996,0.05689954971606082
34560.0,164.41087342661717,46.604537776496656,142.28518055147617,14.067902792879922,223.08503584241188,8.826375078059273,24.8319671881127,648.4168131768688,-2.3039457397966166E-20,164.20363791925973,164.20363791925973,18.3937985088579,1.5994574210403192,72.3068330582506,7.449011915157885,0.08918032065717436,9.91082122862581,2.5509896341251177,2.8133822739802157,0.9999999999999996,2.7266650910134036,0.9999999999999996,2.7266650910134036,0.9999999999999996,0.5956005079759654,0.9999999999999996,0.03983941619482324
34640.0,164.44458743885576,46.600588073705424,142.29944914998114,14.064846257430014,223.17708792435633,22.609933299129487,10.581209452740717,648.275308662489,6.106880076722291E-28,164.20363791925973,164.20363791925973,19.341248025159036,1.1687321494891754,79.22667201672213,7.448598355184813,0.08914386309525452,9.910857686187736,2.5514031940981923,0.46798941477408557,0.9999999999999996,2.7266650910134036,0.9999999999999996,2.7266650910134036,0.9999999999999996,0.6262794029806481,0.9999999999999996,0.02911087592033868
34720.0,164.4752115463843,46.59699865709169,142.31240878076252,14.06206876024389,223.26071976885592,44.2880967950294,5.273937659304758,648.1467224275083,1.29313043127023E-32,164.20363791925973,164.20363791925973,19.93816564819219,0.8978453582961166,77.4811753636962,7.448222433587528,0.08911076623370713,9.910890783049283,2.5517791156954743,0.11908250841559462,0.9999999999999996,2.7266650910134036,0.9999999999999996,2.7266650910134036,0.9999999999999996,0.6456078978169454,0.9999999999999996,0.022363605581000024
34800.0,164.5030293439103,46.593736684790066,142.32417979993608,14.059544826320789,223.33670133224763,67.72660152671557,3.241387742785714,648.0298750879543,-4.1907117088133605E-35,164.20363791925973,164.20363791925973,20.314575270868232,0.7274637759727802,72.85943657734647,7.447880734396725,0.08908071823118886,9.910920831051802,2.55212081488628,0.047859890644403734,0.9999999999999996,2.7266650910134036,0.9999999999999996,2.7266650910134036,0.9999999999999996,0.6577962319647251,0.9999999999999996,0.01811972720023203
34880.0,164.52829832361905,46.59077230502528,142.33487144775813,14.057251306877227,223.40573220261052,90.47960476571235,2.252297863489563,647.9236949538522,6.672329174744087E-41,164.20363791925973,164.20363791925973,20.552237382039078,0.6202819489004388,67.64791177321872,7.447570150049985,0.08905343654419233,9.910948112738803,2.5524313992330248,0.024892879111504267,0.9999999999999996,2.7266650910134036,0.9999999999999996,2.7266650910134036,0.9999999999999996,0.6654918514460317,0.9999999999999996,0.015450033489674077
34960.0,164.55125229692646,46.58807838377194,142.3445828865794,14.055167166283212,223.4684480415064,111.85915024794144,1.68268104624721,647.8272081652625,2.108560597704521E-44,164.20363791925973,164.20363791925973,20.70257049916074,0.5528423937354672,62.48670596798027,7.447287853752607,0.08902866510454216,9.910972884178454,2.5527136955304015,0.015042855613666497,0.9999999999999996,2.7266650910134036,0.9999999999999996,2.7266650910134036,0.9999999999999996,0.6703597138878299,0.9999999999999996,0.013770243536613916
35040.0,164.57210357453974,46.58563025883326,142.35340413413482,14.05327328985948,223.5254263968679,131.67421841867446,1.3172632912146651,647.7395297941041,7.01635634086564E-47,164.20363791925973,164.20363791925973,20.797912011496724,0.5103958618020488,57.58434072420034,7.447031274446942,0.0890061717956096,9.910995377487392,2.5529702748360665,0.010003957547910128,0.9999999999999996,2.7266650910134036,0.9999999999999996,2.7266650910134036,0.9999999999999996,0.6734469203259761,0.9999999999999996,0.012712981849320971
35120.0,164.59104495445,46.583405514851776,142.36141691358785,14.051552308218067,223.57719201703534,149.90775550771406,1.0651577796664067,647.6598557118637,2.8483031619255314E-48,164.20363791925973,164.20363791925973,20.858601931567524,0.4836681638572519,53.012116476370785,7.44679807384315,0.08898574616687771,9.911015803116126,2.5532034754398576,0.007105421437729385,0.9999999999999996,2.7266650910134036,0.9999999999999996,2.7266650910134036,0.9999999999999996,0.675412090663456,0.9999999999999996,0.012047246163991063
35200.0,164.6082515398938,46.58138377694237,142.3686954300289,14.049988436293784,223.62422172139318,166.6150479478918,0.8819867758137597,647.58745513743,-2.5442731795159566E-51,164.20363791925973,164.20363791925973,20.89743742078955,0.46682705679777553,48.78815638528509,7.4465861252932255,0.08896719735742663,9.911034351925577,2.5534154239897795,0.005293560135634313,0.9999999999999996,2.7266650910134036,0.9999999999999996,2.7266650910134036,0.9999999999999996,0.6766696034657732,0.9999999999999996,0.011627766492636221
35280.0,164.62388233152188,46.57954652965323,142.37530705008467,14.04856733221104,223.66694867179757,181.88305796638576,0.7436876568430667,647.5216641032271,3.2560556340966614E-53,164.20363791925973,164.20363791925973,20.922469587592037,0.45620576401739665,44.90735596941154,7.446393495228331,0.08895035228415653,9.911051196998848,2.5536080540546777,0.004088823143607523,0.9999999999999996,2.7266650910134036,0.9999999999999996,2.7266650910134036,0.9999999999999996,0.6774801576999147,0.9999999999999996,0.011363210463799041
35360.0,164.63808175043835,46.57787694315719,142.381312951212,14.04727596193472,223.7057664692146,195.8114332852594,0.6361377024096357,647.4618791891219,-1.428610142135211E-53,164.20363791925973,164.20363791925973,20.938766859859992,0.4494981842792524,41.35399271182725,7.446218425281464,0.08893505392149427,9.911066495361512,2.553783124001544,0.003248726040848218,0.9999999999999996,2.7266650910134036,0.9999999999999996,2.7266650910134036,0.9999999999999996,0.6780078716267984,0.9999999999999996,0.011196137519353867
35440.0,164.65098095763759,46.576359722506695,142.38676868393645,14.046102481926294,223.74103270603845,208.5028359229879,0.5505290961480743,647.407552089899,-2.963265925351049E-56,164.20363791925973,164.20363791925973,20.94952076212668,0.4452542402053478,38.10765861155481,7.446059316765219,0.08892115981505606,9.911080389467948,2.553942232517791,0.0026403914062416703,0.9999999999999996,2.7266650910134036,0.9999999999999996,2.7266650910134036,0.9999999999999996,0.6783560884265899,0.9999999999999996,0.011090429013429484
35520.0,164.6626990845189,46.57498096668753,142.39172469573506,14.045036129511825,223.7730722850837,220.05787710349165,0.48109630469909503,647.3581845397645,3.930886200641424E-56,164.20363791925973,164.20363791925973,20.956743415613175,0.44256157467507634,35.14625502135637,7.445914716126606,0.08890854070272186,9.911093008580282,2.554086833156404,0.002186226237531315,0.9999999999999996,2.7266650910134036,0.9999999999999996,2.7266650910134036,0.9999999999999996,0.6785899616031075,0.9999999999999996,0.011023359880282965
35600.0,164.67334432895666,46.573728042884284,142.3962267974396,14.044067125125906,223.8021803791741,230.57248992389285,0.42391268791214687,647.3133237866558,-2.285415465854126E-56,164.20363791925973,164.20363791925973,20.961703349488527,0.4408466847493705,32.44756303481736,7.445783301954905,0.08889707929026702,9.911104469992738,2.554218247328107,0.0018385224015756243,0.9999999999999996,2.7266650910134036,0.9999999999999996,2.7266650910134036,0.9999999999999996,0.6787505667730653,0.9999999999999996,0.010980645261825621
35680.0,164.68301497057456,46.572589469781846,142.4003165949499,14.043186581635869,223.8286251764593,240.13665965367323,0.37621296915931135,647.272558394336,-1.920428306424298E-56,164.20363791925973,164.20363791925973,20.965202520024498,0.43974853012662635,29.990072136653225,7.445663872902696,0.08888666912174416,9.911114880161259,2.5543376763803156,0.001566661956995189,0.9999999999999996,2.7266650910134036,0.9999999999999996,2.7266650910134036,0.9999999999999996,0.678863871686551,0.9999999999999996,0.010953292336710978
35760.0,164.69180027819323,46.57155481311905,142.40403187493936,14.042386423216849,223.85265033654255,248.83393016096804,0.3359970188481047,647.235514486659,4.9947385525393395E-57,164.20363791925973,164.20363791925973,20.967748641681116,0.4390399197642798,27.75339928233429,7.445555336862778,0.08887721357293919,9.911124335710065,2.554446212420233,0.0013502861873810848,0.9999999999999996,2.7266650910134036,0.9999999999999996,2.7266650910134036,0.9999999999999996,0.6789463163948215,0.9999999999999996,0.01093564221187857
35840.0,164.69978133632142,46.570614590417954,142.40740695594658,14.041659311387269,223.87447722976694,256.7413444987219,0.3017822775859727,647.2018523233227,2.018822248698445E-57,164.20363791925973,164.20363791925973,20.969663950123763,0.4385779093601892,25.71848539477919,7.445456701083704,0.08886862493693139,9.911132924346072,2.5545448481993063,0.0011754331121666109,0.9999999999999996,2.7266650910134036,0.9999999999999996,2.7266650910134036,0.9999999999999996,0.679008335051861,0.9999999999999996,0.01092413441896531
35920.0,164.7070317951771,46.569760184421,142.41047300687904,14.040998577826697,223.8943069710464,263.9296321266767,0.272447131752413,647.1712631896199,-5.276467617012579E-58,164.20363791925973,164.20363791925973,20.971153790861997,0.43827253217713025,23.867660685105673,7.445367063179881,0.08886082359664521,9.91114072568636,2.5546344861031294,0.001032271858059682,0.9999999999999996,2.7266650910134036,0.9999999999999996,2.7266650910134036,0.9999999999999996,0.679056576849229,0.9999999999999996,0.010916528059125876
36000.0,164.71361855684327,46.56898376378741,142.41325833824382,14.040398162853663,223.912322282284,270.4635315181645,0.2471278275537275,647.1434665482303,-4.5751807802522006E-58,164.20363791925973,164.20363791925973,20.972350075165938,0.43806699827626444,22.184635360821144,7.445285602886196,0.08885373726983621,9.911147812013166,2.554715946396814,9.137195915713697E-4,0.9999999999999996,2.7266650910134036,0.9999999999999996,2.7266650910134036,0.9999999999999996,0.6790953131406355,0.9999999999999996,0.01091140860392124
36080.0,34.722970123101625,258.80668825412425,68.20529004029999,552.7944961568535,8.163829537027294,268.36098815678235,0.2557163830286645,2.446650130830253E-7,301.03228663644376,164.20363791925973,164.20363791925973,13.50276854163202,3.8139951479608083,22.677754998110288,9.913602526960736,1.973582320910267,8.026419228372717,0.08639902232229686,9.528821040086103E-4,0.9999999999999996,2.7266650910134036,0.9999999999999996,2.7266650910134036,0.9999999999999996,0.43722648144726656,0.9999999999999996,0.09499930292975071
36160.0,34.71645190524725,258.8445344722554,68.19936712511974,552.9571552254565,8.160313457140951,254.36529542357215,0.3129217413708443,1.1057811354730846E-13,300.9022408070608,164.20363791925973,164.20363791925973,8.753343929060714,6.0079736603928104,26.25702448444131,9.913627724075335,1.974265467439932,8.025736081843048,0.08637382520770097,0.0012302061130224672,0.9999999999999996,2.7266650910134036,0.9999999999999996,2.7266650910134036,0.9999999999999996,0.28343770799306256,0.9999999999999996,0.14964709906953574
36240.0,34.710901547134185,258.87891250671674,68.19446596349633,553.1049290693732,8.15711388210982,234.06023594865817,0.40762003791666906,1.520175330148461E-14,300.78374057492465,164.20363791925973,164.20363791925973,5.7670065402924955,7.388656160305415,31.467745355151784,9.913650602617972,1.9748876546808922,8.025113894602088,0.08635094666506389,0.0017415176749889364,0.9999999999999996,2.7266650910134036,0.9999999999999996,2.7266650910134036,0.9999999999999996,0.18673859144672122,0.9999999999999996,0.18403725164461998
36320.0,34.70585612957804,258.91014058464003,68.19001037482813,553.2391798585039,8.15420583278318,210.85706891073679,0.5377912585768894,-1.0125288066157744E-14,300.67603736364475,164.20363791925973,164.20363791925973,3.889242618357269,8.257859406872768,37.41732322043074,9.913671376998206,1.9754534927118208,8.024548056571161,0.08633017228483197,0.0025505014432528,0.9999999999999996,2.7266650910134036,0.9999999999999996,2.7266650910134036,0.9999999999999996,0.12593564499577606,0.9999999999999996,0.2056874371652606
36400.0,34.701269775043826,258.93850762225117,68.18595992890371,553.3611449626624,8.151562744393757,186.80824691501994,0.7063633339577089,-2.159510232408905E-15,300.5781473129117,164.20363791925973,164.20363791925973,2.708514511575154,8.805365562022628,43.56538421113729,9.913690241589624,1.9759680572485012,8.024033492034482,0.08631130769341021,0.0037812213626684126,0.9999999999999996,2.7266650910134036,0.9999999999999996,2.7266650910134036,0.9999999999999996,0.087703071128977,0.9999999999999996,0.21932476523496036
36480.0,34.69710076288844,258.96427598461156,68.18227784910277,553.4719485579395,8.149160473319036,163.12160967144092,0.9202982594303288,-3.3518710952553424E-16,300.4891762332438,164.20363791925973,164.20363791925973,1.9660594811681658,9.150512623309533,49.58981221648565,9.9137073726615,1.9764359716009376,8.023565577682044,0.08629417662153234,0.0056417924104843675,0.9999999999999996,2.7266650910134036,0.9999999999999996,2.7266650910134036,0.9999999999999996,0.06366200136044825,0.9999999999999996,0.22792171645238357
36560.0,34.69331115609122,258.9876839390477,68.17893068691211,553.5726119957316,8.146977075906612,140.48395481236733,1.191110304089078,-4.3769773835546796E-18,300.40831141339333,164.20363791925973,164.20363791925973,1.4991772528481526,9.368343641431315,55.30163861076292,9.913722930093957,1.976861446246386,8.023140103036596,0.0862786191890763,0.008478621673770108,0.9999999999999996,2.7266650910134036,0.9999999999999996,2.7266650910134036,0.9999999999999996,0.048544118438199335,0.9999999999999996,0.23334746925888922
36640.0,34.689866461571306,259.0089478571331,68.17588802400806,553.6640631231147,8.144992609693627,119.26513468021615,1.5365761799808817,-5.036523635177865E-20,300.33481425876954,164.20363791925973,164.20363791925973,1.2055761107326386,9.506046239548773,60.59033369113646,9.91373705891076,1.9772483146612503,8.022753234621733,0.08626449037227694,0.012883699700678498,0.9999999999999996,2.7266650910134036,0.9999999999999996,2.7266650910134036,0.9999999999999996,0.03903716481455753,0.9999999999999996,0.23677737682963385
36720.0,34.68673531366845,259.02826426409786,68.17312219480188,553.7471449739415,8.14318894797321,99.6480002652823,1.9839818202089359,-3.640071208022421E-21,300.2680134237021,164.20363791925973,164.20363791925973,1.020926992269564,9.593302173195537,65.38737923370267,9.913749890698153,1.9776000670679912,8.022401482214994,0.08625165858488423,0.019909901000794712,0.9999999999999996,2.7266650910134036,0.9999999999999996,2.7266650910134036,0.9999999999999996,0.033058132876105026,0.9999999999999996,0.23895075475785674
36800.0,34.6838891956018,259.0458116387273,68.17060804215573,553.8226234090064,8.141549616784056,81.71314201916141,2.575983525448891,-2.1242195378875917E-22,300.2072987741526,164.20363791925973,164.20363791925973,0.9047906930162982,9.648776192325405,69.639747272219,9.913761544847594,1.9779198802375548,8.022081669045425,0.08624000443544551,0.03152471514122946,0.9999999999999996,2.7266650910134036,0.9999999999999996,2.7266650910134036,0.9999999999999996,0.02929758070976574,0.9999999999999996,0.24033250616120258
36880.0,34.68130217982547,259.06175208576457,68.16832268953617,553.8911942261143,8.140059643158319,65.49849694892814,3.38100145654064,1.1232794153483185E-21,300.1521157673431,164.20363791925973,164.20363791925973,0.8317343771890935,9.684212206762128,73.28661436316384,9.913772129705256,1.9782106454493869,8.021790903833594,0.08622941957778574,0.051619527379032,0.9999999999999996,2.7266650910134036,0.9999999999999996,2.7266650910134036,0.9999999999999996,0.026931980216937604,0.9999999999999996,0.24121514930559598
36960.0,34.678950694144056,259.0762328382927,68.16624533563196,553.9534895538294,8.138705418630305,51.04767269191135,4.511217400276609,-6.034960120469888E-25,300.1019603966075,164.20363791925973,164.20363791925973,0.7857686400405349,9.706998395516617,76.23341743884977,9.913781743601632,1.9784749937669315,8.02152655551605,0.0862198056814093,0.08837263605538326,0.9999999999999996,2.7266650910134036,0.9999999999999996,2.7266650910134036,0.9999999999999996,0.025443586376916624,0.9999999999999996,0.24178270955780543
37040.0,34.676813308050164,259.08938762658164,68.16435706661807,554.010083683263,8.13747457470847,38.45616381100604,6.150121295980713,5.591762277281896E-29,300.0563745793267,164.20363791925973,164.20363791925973,0.7568391780176924,9.721784965064202,78.31941346826066,9.913790475786694,1.9787153192203388,8.02128623006264,0.08621107349634775,0.15992550183127122,0.9999999999999996,2.7266650910134036,0.9999999999999996,2.7266650910134036,0.9999999999999996,0.024506835750449842,0.9999999999999996,0.2421510146408609
37120.0,34.67487053896444,259.1013379165584,68.16264068581916,554.0614983492227,8.136355870075356,27.906776729330552,8.576626111173473,2.5051592917414117E-30,300.01494197922625,164.20363791925973,164.20363791925973,0.7386243341267058,9.731499782330088,79.29059831387436,9.91379840727371,1.9789337999005447,8.02106774938244,0.08620314200932899,0.30733130502166794,0.9999999999999996,2.7266650910134036,0.9999999999999996,2.7266650910134036,0.9999999999999996,0.023917029883600203,0.9999999999999996,0.242392992103481
37200.0,34.673104674751535,259.1121940416127,68.16108055760418,554.1082075609216,8.13533908737545,19.629796076291118,12.118494453430719,-1.0196170784647169E-32,299.97728418377284,164.20363791925973,164.20363791925973,0.727148364491359,9.73798788487588,78.84451098503466,9.91380561160837,1.9791324173467544,8.020869131936228,0.0861959376746718,0.6173520298597215,0.9999999999999996,2.7266650910134036,0.9999999999999996,2.7266650910134036,0.9999999999999996,0.023545432176849325,0.9999999999999996,0.24255459829207737
37280.0,34.67149961388341,259.1220562199574,68.1596624667452,554.1506419472591,8.13441494034873,13.686838925497707,16.932298748666106,-7.012932276880451E-35,299.94305726474494,164.20363791925973,164.20363791925973,0.7199116472850804,9.742412628216915,76.84924991083251,9.913812155558686,1.9793129740504396,8.02068857523254,0.08618939372435436,1.237122672432589,0.9999999999999996,2.7266650910134036,0.9999999999999996,2.7266650910134036,0.9999999999999996,0.023311103609965095,0.9999999999999996,0.24266481016092734
37360.0,34.67004071956391,259.1310154813422,68.15837349001096,554.1891927178698,8.133574989148476,9.740243523826612,22.77066562180781,1.1805851243942681E-37,299.9119486419121,164.20363791925973,164.20363791925973,0.7153425229394054,9.745508526631294,73.57566355532597,9.913818099742112,1.9794771094743921,8.02052443980859,0.08618344954092638,2.337792229332474,0.9999999999999996,2.7266650910134036,0.9999999999999996,2.7266650910134036,0.9999999999999996,0.023163153050433913,0.9999999999999996,0.24274192305171444
37440.0,34.668714685954725,259.1391545152453,68.15720187836558,554.2242152910268,8.1328115627525,7.197088116473905,29.125233398026186,3.930589290445202E-39,299.8836742094347,164.20363791925973,164.20363791925973,0.7124524166069075,9.747740356987245,69.5541118520449,9.913823499198338,1.9796263147793804,8.020375234503598,0.08617805008470227,4.04680794880911,0.9999999999999996,2.7266650910134036,0.9999999999999996,2.7266650910134036,0.9999999999999996,0.02306956994420866,0.9999999999999996,0.24279751366466693
37520.0,34.66750941761697,259.146548434133,68.15613695077445,554.2560325600223,8.132117689083834,5.531240359830327,35.54828734566625,-2.976977568842179E-41,299.8579757477915,164.20363791925973,164.20363791925973,0.7106195964200279,9.74940294274945,65.25271971489651,9.91382840390392,1.9797619461219513,8.020239603161025,0.08617314537912128,6.426820212665051,0.9999999999999996,2.7266650910134036,0.9999999999999996,2.7266650910134036,0.9999999999999996,0.023010222298652558,0.9999999999999996,0.24283892548674402
37600.0,34.66641391953653,259.15326546860945,68.15516899730297,554.2849378696953,8.131487031309122,4.3978542936741825,41.7672287821509,1.5170999346707144E-41,299.83461856450816,164.20363791925973,164.20363791925973,0.709452982082886,9.750684021627071,60.9628981417925,9.913832859240259,1.979885236809026,8.020116312473949,0.08616869004278649,9.497183397419134,0.9999999999999996,2.7266650910134036,0.9999999999999996,2.7266650910134036,0.9999999999999996,0.02297244673579211,0.9999999999999996,0.24287083470415272
37680.0,34.665418197187655,259.1593675982095,68.15428919103715,554.3111977186836,8.130913829985554,3.5942958440359885,47.64569390042853,-2.4554965328502146E-43,299.8133893514937,164.20363791925973,164.20363791925973,0.7087065650222923,9.751703770798539,56.83827379734419,9.913836906417627,1.9799973083622455,8.02000424092073,0.08616464286542333,13.25591881355203,0.9999999999999996,2.7266650910134036,0.9999999999999996,2.7266650910134036,0.9999999999999996,0.02294827737348027,0.9999999999999996,0.24289623469987756
37760.0,34.66451316546156,259.16491112544645,68.15348950779739,554.3350542196862,8.130392850368606,3.0030237364047787,53.12674873210014,-3.632371044128018E-45,299.79409423351547,164.20363791925973,164.20363791925973,0.708225522176684,9.752539713118935,52.95157431860263,9.913840582860557,1.9800991806172714,8.019902368665699,0.0861609664224948,17.691085184595813,0.9999999999999996,2.7266650910134036,0.9999999999999996,2.7266650910134036,0.9999999999999996,0.022932700962601107,0.9999999999999996,0.2429170564195301
37840.0,34.663690566163666,259.1699471952081,68.15276265339051,554.3567273263513,8.129919334700055,2.554070837561305,58.19574076522982,-1.1030138283790941E-44,299.77655700112433,164.20363791925973,164.20363791925973,0.7079124124526305,9.75324235805282,49.33187191990463,9.91384392255615,1.980191780885614,8.019809768397359,0.08615762672690003,22.78548421969246,0.9999999999999996,2.7266650910134036,0.9999999999999996,2.7266650910134036,0.9999999999999996,0.02292256231121767,0.9999999999999996,0.2429345579569827
37920.0,34.662942892786994,259.1745222677669,68.15210199726415,554.3764168620393,8.129488958723568,2.20419102127284,62.859837706543665,-2.11334668111988E-46,299.7606175001541,164.20363791925973,164.20363791925973,0.707705875068252,9.753845073505873,45.98514571242559,9.913846956370927,1.9802759523197027,8.019725596963271,0.08615459291212776,28.518325816536716,0.9999999999999996,2.7266650910134036,0.9999999999999996,2.7266650910134036,0.9999999999999996,0.02291587452614747,0.9999999999999996,0.24294957044275783
38000.0,34.662263322020536,259.17867854895087,68.15150151208994,554.3943043654615,8.129097792109615,1.9255917564491216,67.13715095381727,2.995823326360582E-48,299.7461301660078,164.20363791925973,164.20363791925973,0.7075672275016548,9.754370310908472,42.90525922638139,9.913849712338665,1.980352461538234,8.019649087744739,0.08615183694438729,34.865724122968416,0.9999999999999996,2.7266650910134036,0.9999999999999996,2.7266650910134036,0.9999999999999996,0.02291138504774772,0.9999999999999996,0.24296265309891857
38080.0,34.661645651737665,259.1824543792104,68.15095571905364,554.4105547604372,8.128742262637454,1.699758788354834,71.05093537022024,-3.1074411224920736E-49,299.7329626970923,164.20363791925973,164.20363791925973,0.7074720711300648,9.754833517103012,40.07985766146198,9.913852215920587,1.9804220055372481,8.019579543745726,0.08614933336246955,41.80059891850253,0.9999999999999996,2.7266650910134036,0.9999999999999996,2.7266650910134036,0.9999999999999996,0.02290830383626066,0.9999999999999996,0.2429741906766781
38160.0,34.66108424448857,259.18588458779084,68.15045963799432,554.4253178763181,8.128419123566898,1.5139510060717598,74.6264392028906,-1.5311038711987464E-49,299.72099484639085,164.20363791925973,164.20363791925973,0.7074049929354752,9.755245615077422,37.493609884939254,9.913854490241928,1.9804852179941352,8.019516331288841,0.08614705904113046,49.2925061006587,0.9999999999999996,2.7266650910134036,0.9999999999999996,2.7266650910134036,0.9999999999999996,0.022906131810360057,0.9999999999999996,0.2429844552467127
38240.0,34.660573976042635,259.18900081493626,68.15000874199215,554.4387298315215,8.128125423935712,1.3591473774729599,77.8891826736915,-1.3796932425742074E-48,299.71011732138913,164.20363791925973,164.20363791925973,0.7073562314224017,9.755614575710835,35.13001575645659,9.913856556307064,1.9805426750134125,8.019458874269564,0.08614499297599394,57.30738547169886,0.9999999999999996,2.7266650910134036,0.9999999999999996,2.7266650910134036,0.9999999999999996,0.02290455288788016,0.9999999999999996,0.24299364534833132
38320.0,34.66011018879602,259.1918318033696,68.14959891624586,554.4509142854022,8.12785848167202,1.2287978626926666,80.86401436464838,4.36520216518028E-50,299.70023078825966,164.20363791925973,164.20363791925973,0.707319590889372,9.75594641070942,32.972428918221304,9.913858433193969,1.9805949003333487,8.019406648949627,0.08614311608908787,65.80741781846116,0.9999999999999996,2.7266650910134036,0.9999999999999996,2.7266650910134036,0.9999999999999996,0.022903366448870602,0.9999999999999996,0.24300191072160274
38400.0,34.659688649154624,259.1944036646625,68.14922642045386,554.4619835825256,8.12761585900754,1.118040417845755,83.57461081278622,-3.2969833843567116E-50,299.6912449612613,164.20363791925973,164.20363791925973,0.7072911177825467,9.756245811527531,31.004630479080124,9.91386013823181,1.9806423700920426,8.019359179190932,0.08614141105124805,74.75097454331582,0.9999999999999996,2.7266650910134036,0.9999999999999996,2.7266650910134036,0.9999999999999996,0.022902444475256467,0.9999999999999996,0.24300936822165548
38480.0,34.65930550911562,259.19674011916794,68.14888785489832,554.4720397835506,8.127395340317666,1.023196005937855,86.04322826124739,-1.117002998192213E-49,299.6830777820175,164.20363791925973,164.20363791925973,0.7072682783796216,9.756516554344387,29.211143867444566,9.91386168716083,1.9806855171265922,8.019316032156384,0.08613986212222678,84.0926154538501,0.9999999999999996,2.7266650910134036,0.9999999999999996,2.7266650910134036,0.9999999999999996,0.02290170492382681,0.9999999999999996,0.24301611190587025
38560.0,34.65895727104759,259.19886271579514,68.14858012935001,554.4811756096713,8.127194911811078,0.9414305268383377,88.29060113070975,2.455683565175361E-50,299.67565466729616,164.20363791925973,164.20363791925973,0.7072494327509362,9.75676176630507,27.577397747749977,9.913863094278744,1.9807247349169033,8.019276814366071,0.086138455004315,93.7834482882357,0.9999999999999996,2.7266650910134036,0.9999999999999996,2.7266650910134036,0.9999999999999996,0.022901094692828968,0.9999999999999996,0.24302221966543242
38640.0,34.658640755859714,259.2007910304866,68.14830043496318,554.4894752956544,8.127012743176953,0.8705281118829749,90.33592984319276,3.9263543959797757E-51,299.6689078292916,164.20363791925973,164.20363791925973,0.7072335090860682,9.756984097116309,26.08979389320595,9.913864372572851,1.9807603811518661,8.019241168131108,0.08613717671020615,103.7714102624369,0.9999999999999996,2.7266650910134036,0.9999999999999996,2.7266650910134036,0.9999999999999996,0.022900579076498843,0.9999999999999996,0.24302775749945368
38720.0,34.65835307410287,259.20254284628254,68.14804621875672,554.4970153638565,8.126847170925538,0.8087316681885224,92.19691654427464,-8.080549484770806E-55,299.66277565862197,164.20363791925973,164.20363791925973,0.707219795601887,9.757185834468013,24.735722153236086,9.913865533839889,1.9807927809686678,8.019208768314302,0.08613601544316611,114.00186263360561,0.9999999999999996,2.7266650910134036,0.9999999999999996,2.7266650910134036,0.9999999999999996,0.022900135026938304,0.9999999999999996,0.24303278238990147
38800.0,34.65809159950003,259.20413431812705,68.14781516023945,554.5038653327346,8.126696683131428,0.754631395297727,93.88983264762808,-1.1958807141861599E-51,299.6572021592778,164.20363791925973,164.20363791925973,0.7072078106164378,9.757368981790707,23.503539422086245,9.913866588795655,1.9808222299212004,8.01917931936177,0.08613496048740091,124.41813742798954,0.9999999999999996,2.7266650910134036,0.9999999999999996,2.7266650910134036,0.9999999999999996,0.0228997469470418,0.9999999999999996,0.24303734423838697
38880.0,34.65785394385081,259.2055801289344,68.14760514924579,554.5100883879142,8.126559904972652,0.7070832508494816,95.42960713075159,9.15021867924952E-52,299.65213641304234,164.20363791925973,164.20363791925973,0.7071972201289267,9.757535313196371,22.38252549200888,9.913867547178759,1.9808489967962335,8.019152552486737,0.08613400210429435,134.96233578733984,0.9999999999999996,2.7266650910134036,0.9999999999999996,2.7266650910134036,0.9999999999999996,0.02289940402169453,0.9999999999999996,0.24304148723463637
38960.0,34.65763793745271,259.2068936114137,68.14741426864664,554.5157419059452,8.126435587445563,0.6651483217455949,96.82989852657437,1.6833644222353208E-53,299.6475321615368,164.20363791925973,164.20363791925973,0.7071877864014384,9.757686410403918,21.362845533448215,9.913868417831676,1.9808733258093658,8.019128223473606,0.08613313145137831,145.57640057251734,0.9999999999999996,2.7266650910134036,0.9999999999999996,2.7266650910134036,0.9999999999999996,0.02289909855282243,0.9999999999999996,0.2430452507762338
39040.0,34.657441609485765,259.2080868700493,68.14724077702172,554.5208779789148,8.126322596065824,0.6280514777068856,98.10318649815494,3.46601900348502E-54,299.64334738774517,164.20363791925973,164.20363791925973,0.707179333967262,9.75782369165714,20.4354930624096,9.913869208781772,1.9808954388079372,8.019106110475033,0.08613234050128231,156.20246107268952,0.9999999999999996,2.7266650910134036,0.9999999999999996,2.7266650910134036,0.9999999999999996,0.02289882485872457,0.9999999999999996,0.24304867018891144
39120.0,34.657263166784325,259.2091709126908,68.14708308990991,554.5255439804127,8.12621989863828,0.5951452429781943,99.2608793257963,6.729519004657856E-56,299.63954386305585,164.20363791925973,164.20363791925973,0.70717172920037,9.757948435505726,19.59221986609188,9.913869927328737,1.9809155376555123,8.01908601162746,0.08613162195431567,166.78429424904797,0.9999999999999996,2.7266650910134036,0.9999999999999996,2.7266650910134036,0.9999999999999996,0.022898578612522525,0.9999999999999996,0.24305177731888955
39200.0,34.65710098088653,259.2101557310928,68.14693976837017,554.5297829119015,8.12612655779636,0.5658859495549065,100.31337787485826,2.0897396275671816E-56,299.6360868709513,164.20363791925973,164.20363791925973,0.707164867134868,9.758061795633218,18.82549485626627,9.913870580098108,1.9809338056859398,8.01906774359703,0.0861309691849437,177.2678363082862,0.9999999999999996,2.7266650910134036,0.9999999999999996,2.7266650910134036,0.9999999999999996,0.022898356415367502,0.9999999999999996,0.24305460090221195
39280.0,34.656953569574405,259.2110504152197,68.14680950267335,554.5336338944467,8.12604172037079,0.5398132848883469,101.27017998614559,1.212975308943309E-56,299.63294481326375,164.20363791925973,164.20363791925973,0.7071586624041408,9.758164817528899,18.128432214422357,9.913871173117151,1.9809504097785786,8.019051139504393,0.08613037616590016,187.60223733117638,0.9999999999999996,2.7266650910134036,0.9999999999999996,2.7266650910134036,0.9999999999999996,0.02289815550304528,0.9999999999999996,0.24305716698001137
39360.0,34.656819587367295,259.21186321238827,68.14669110390587,554.5371324230667,8.12596461191249,0.516535691096869,102.13993038151348,-1.0245618497454045E-56,299.63008900732416,164.20363791925973,164.20363791925973,0.7071530440387351,9.75825844731444,17.494758246812456,9.913871711854165,1.9809655014257492,8.019036047857222,0.08612983742888705,197.74031522317122,0.9999999999999996,2.7266650910134036,0.9999999999999996,2.7266650910134036,0.9999999999999996,0.02289797357752902,0.9999999999999996,0.2430594991183636
39440.0,34.65669781136724,259.21260161484247,68.14658349146437,554.5403107435076,8.12589452854177,0.4957180238362238,102.93050401164346,-3.1057459397969177E-56,299.6274933840871,164.20363791925973,164.20363791925973,0.7071479516183234,9.758343543103264,16.918752985760396,9.913872201276606,1.9809792183243635,8.01902233095861,0.08612934800644582,207.6392204081928,0.9999999999999996,2.7266650910134036,0.9999999999999996,2.7266650910134036,0.9999999999999996,0.022897808682377944,0.9999999999999996,0.243061618691228
39520.0,34.65658712951187,259.2132724324828,68.14648568267793,554.5431981651362,8.125830830183464,0.47707166349209024,103.64907562422133,7.690038124365904E-57,299.6251342375864,164.20363791925973,164.20363791925973,0.707143332658936,9.758420884160694,16.395201329029096,9.91387264589937,1.9809916856967988,8.019009863586174,0.08612890338368245,217.26101874407348,0.9999999999999996,2.7266650910134036,0.9999999999999996,2.7266650910134036,0.9999999999999996,0.02289765911813453,0.9999999999999996,0.24306354510860892
39600.0,34.65648653054969,259.213881854906,68.14639678395142,554.5458213278681,8.125772934794668,0.4603470544281111,104.30218009373978,-4.6524482007860654E-57,299.62299001115133,164.20363791925973,164.20363791925973,0.7071391409576138,9.758491178457726,15.919350380284593,9.913873049825959,1.9810030174182993,8.018998531864671,0.08612849945709286,226.57292816463078,0.9999999999999996,2.7266650910134036,0.9999999999999996,2.7266650910134036,0.9999999999999996,0.022897523388723577,0.9999999999999996,0.24306529600470578
39680.0,34.65639509610492,259.21443550048707,68.14631598375497,554.5482044133265,8.125720313795092,0.44532758495886915,104.89575994228571,-2.3353115830620584E-58,299.62104112816473,164.20363791925973,164.20363791925973,0.7071353357725723,9.758555068426972,15.486875917599855,9.913873416781069,1.9810133169092001,8.01898823237377,0.08612813250198359,235.54741158011575,0.9999999999999996,2.7266650910134036,0.9999999999999996,2.7266650910134036,0.9999999999999996,0.022897400174905477,0.9999999999999996,0.24306688738128257
39760.0,34.656311991555306,259.2149384727531,68.14624254456453,554.5503693874153,8.125672486815011,0.431824458903878,105.43522183791326,-5.286828858967302E-57,299.6192697975468,164.20363791925973,164.20363791925973,0.7071318807310204,9.758613137647846,15.093841973462432,9.913873750147983,1.9810226781612754,8.018978871121696,0.08612779913507039,244.16222764580044,0.9999999999999996,2.7266650910134036,0.9999999999999996,2.7266650910134036,0.9999999999999996,0.022897288298910835,0.9999999999999996,0.24306833377418313
39840.0,34.65623645805705,259.2153954096542,68.14617579581588,554.5523362123332,8.125629017103693,0.41967273314220516,105.92548650070871,2.525769480870438E-56,299.6176598436999,164.20363791925973,164.20363791925973,0.7071287431012983,9.758665916588084,14.736664985563804,9.913874053001264,1.9810311866349577,8.018970362648014,0.08612749628179042,252.40021124940728,0.9999999999999996,2.7266650910134036,0.9999999999999996,2.7266650910134036,0.9999999999999996,0.02289718670087194,0.9999999999999996,0.24306964839634113
39920.0,34.65616780572,259.2158105257086,68.14611512787337,554.5541230279068,8.125589507600074,0.40872657588627154,106.3710300421505,1.1989863784213048E-57,299.6161965609832,164.20363791925973,164.20363791925973,0.7071258933536222,9.758713887434006,14.412084486918305,9.913874328134717,1.981038920027208,8.018962629255762,0.08612722114833671,260.24984994307863,0.9999999999999996,2.7266650910134036,0.9999999999999996,2.7266650910134036,0.9999999999999996,0.022897094424599442,0.9999999999999996,0.24307084325809286
40000.0,34.65610540780979,259.2161876477697,68.14605998690914,554.5557463055345,8.125553597595239,0.3988591527678918,106.77592297666766,-2.137828812450073E-58,299.61486659010023,164.20363791925973,164.20363791925973,0.7071233048889185,9.758757488147705,14.117134312563683,9.91387457808511,1.9810459489240717,8.018955600358899,0.08612697119794475,267.70332894630553,0.9999999999999996,2.7266650910134036,0.9999999999999996,2.7266650910134036,0.9999999999999996,0.02289701060880187,0.9999999999999996,0.24307192926823387
40080.0,34.656048695733446,259.21653024600454,68.14600987047092,554.5572209814533,8.125520959845009,0.38995746585336827,107.14385892601831,-3.1667237328545328E-59,299.6136578111634,164.20363791925973,164.20363791925973,0.7071209536892481,9.758797116028765,13.849122734670235,9.913874805152728,1.9810523373647548,8.018949211918214,0.08612674413032753,274.75780901270525,0.9999999999999996,2.7266650910134036,0.9999999999999996,2.7266650910134036,0.9999999999999996,0.022896934475766198,0.9999999999999996,0.24307291632273484
40160.0,34.655997151046726,259.21684148307196,68.14596432042053,554.5585606684139,8.125491295969677,0.38192171670613734,107.4782078142379,4.365150706756719E-60,299.6125591733158,164.20363791925973,164.20363791925973,0.7071188179086041,9.758833133325709,13.605593351831336,9.913875011433982,1.9810581437415684,8.018943405541402,0.0861265378490755,281.41423520290425,0.9999999999999996,2.7266650910134036,0.9999999999999996,2.7266650910134036,0.9999999999999996,0.022896865318107657,0.9999999999999996,0.24307381344451143
40240.0,34.65595030069665,259.21712424341854,68.14592291872984,554.5597777817414,8.12546433371524,0.3746628989924112,107.78204551802186,-2.675333855357608E-60,299.6115605932974,164.20363791925973,164.20363791925973,0.7071168776625055,9.758865870561685,13.384303823546645,9.913875198840834,1.9810634213353713,8.018938127947598,0.08612635044222407,287.6773916175912,0.9999999999999996,2.7266650910134036,0.9999999999999996,2.7266650910134036,0.9999999999999996,0.0228968024919567,0.9999999999999996,0.2430746288662613
40320.0,34.65590771670147,259.2173811353607,68.1458852871982,554.5608835482948,8.125439826768925,0.3681025404483188,108.05815585515653,1.2921312410093598E-58,299.61065294861424,164.20363791925973,164.20363791925973,0.7071151149985105,9.758895626763438,13.183224446474444,9.913875369102188,1.9810682183515032,8.018933330931468,0.08612618018086986,293.55449631928786,0.9999999999999996,2.7266650910134036,0.9999999999999996,2.7266650910134036,0.9999999999999996,0.02289674541600415,0.9999999999999996,0.24307537003616705
40400.0,34.655869012916384,259.21761451104186,68.14585108459508,554.5618880923189,8.125417552896792,0.3621705839096717,108.30905028991265,-2.7824780943210555E-59,299.6098280085607,164.20363791925973,164.20363791925973,0.7071135137446551,9.758922671725793,13.000524150881434,9.913875523777135,1.981072578283379,8.018928970999593,0.08612602550592227,299.0553487826217,0.9999999999999996,2.7266650910134036,0.9999999999999996,2.7266650910134036,0.9999999999999996,0.022896693566593646,0.9999999999999996,0.24307604367430027
40480.0,34.6558338356209,259.21782652419614,68.1458199983422,554.5628006841027,8.125397308526708,0.3568043661945679,108.53703018895656,-6.5774769402895855E-59,299.6090782335937,164.20363791925973,164.20363791925973,0.7071120590988091,9.758947252590184,12.834524829584725,9.913875664293235,1.981076540973007,8.018925008309964,0.08612588498982379,304.1919899875064,0.9999999999999996,2.7266650910134036,0.9999999999999996,2.7266650910134036,0.9999999999999996,0.022896646464424703,0.9999999999999996,0.24307665593647995
40560.0,34.655801862992874,259.21801913340835,68.14579174404821,554.5636297540095,8.125378908446274,0.35194887418801774,108.74419063705786,1.789827414263503E-58,299.60839676414685,164.20363791925973,164.20363791925973,0.7071107376074335,9.758969594210972,12.683698447029688,9.913875791948659,1.9810801426704696,8.018921406612503,0.08612575733439853,308.97723678742227,0.9999999999999996,2.7266650910134036,0.9999999999999996,2.7266650910134036,0.9999999999999996,0.022896603673864927,0.9999999999999996,0.2430772124233969
40640.0,34.655772803092134,259.21819411457733,68.14576606372894,554.56438294601,8.125362184639584,0.3475519896029642,108.9324292973493,-2.946631133876673E-58,299.60777737754466,164.20363791925973,164.20363791925973,0.7071095370770273,9.758989900567638,12.546661740182524,9.913875907920536,1.9810834162587845,8.018918133024188,0.08612564136252196,313.42772464571794,0.9999999999999996,2.7266650910134036,0.9999999999999996,2.7266650910134036,0.9999999999999996,0.022896564800082578,0.9999999999999996,0.24307771821578875
40720.0,34.655746390715635,259.21835308015613,68.14574272302596,554.5650672006957,8.125346984480421,0.34357132152741426,109.10347436043106,1.5532705770610533E-59,299.6072144210894,164.20363791925973,164.20363791925973,0.7071084464383282,9.759008356958256,12.42215380157176,9.913876013277575,1.9810863916119064,8.018915157671064,0.08612553600548088,317.55698896924804,0.9999999999999996,2.7266650910134036,0.9999999999999996,2.7266650910134036,0.9999999999999996,0.02289652948464934,0.9999999999999996,0.24307817792907502
40800.0,34.65572238346969,259.21849750326163,68.14572150773769,554.5656888588161,8.125333168469139,0.339964870077926,109.25890158318349,4.9658292341565516E-61,299.6067027282413,164.20363791925973,164.20363791925973,0.7071074555802269,9.75902513274655,12.309025968739483,9.913876108996194,1.9810890960327483,8.018912453250222,0.08612544028686447,321.38291688238087,0.9999999999999996,2.7266650910134036,0.9999999999999996,2.7266650910134036,0.9999999999999996,0.02289649740016238,0.9999999999999996,0.2430785957817812
40880.0,34.65570056510226,259.2186286975145,68.14570222676336,554.5662535746605,8.125320612151322,0.3366973250002267,109.40011844522483,-1.1994002217221887E-62,299.60623768967884,164.20363791925973,164.20363791925973,0.707106555487527,9.759040379032012,12.206251793937323,9.913876195947047,1.9810915538807898,8.018909995402183,0.08612535333601,324.9212581215226,0.9999999999999996,2.7266650910134036,0.9999999999999996,2.7266650910134036,0.9999999999999996,0.022896468254705066,0.9999999999999996,0.24307897553750582
40960.0,34.655680734413295,259.2187478845358,68.14568470230326,554.5667666065234,8.125309199735462,0.3337358739865591,109.5284340418943,5.950789559671268E-63,299.6058150169222,164.20363791925973,164.20363791925973,0.7071057377770625,9.759054236398207,12.112876691194908,9.913876274939826,1.9810937878199821,8.01890776146299,0.0861252743432329,328.1889739138606,0.9999999999999996,2.7266650910134036,0.9999999999999996,2.7266650910134036,0.9999999999999996,0.022896441776826246,0.9999999999999996,0.2430793206979158
41040.0,34.65566271038074,259.21885616292377,68.14566877438881,554.5672326831722,8.125298827042801,0.33105125815165964,109.64502603410165,-6.043885911433749E-64,299.605430851584,164.20363791925973,164.20363791925973,0.7071049949103406,9.759066831330996,12.028041955205644,9.913876346702667,1.981095818241488,8.018905731041484,0.08612520258039115,331.20256556726804,0.9999999999999996,2.7266650910134036,0.9999999999999996,2.7266650910134036,0.9999999999999996,0.022896417722425694,0.9999999999999996,0.24307963441353136
41120.0,34.65564632889932,259.218954528132,68.14565429800055,554.5676560894098,8.12528939963046,0.328617189426333,109.75096187841906,7.072446028975662E-63,299.6050816958567,164.20363791925973,164.20363791925973,0.707104320056939,9.759078278496945,11.950969277501942,9.913876411895348,1.9810976636310038,8.018903885651968,0.0861251373877098,333.97815272539856,0.9999999999999996,2.7266650910134036,0.9999999999999996,2.7266650910134036,0.9999999999999996,0.02289639587033089,0.9999999999999996,0.24307991954047656
41200.0,34.65563143836512,259.21904389942574,68.14564113916633,554.5680407821038,8.125280830250265,0.32640956612280586,109.84722761090218,1.2475146409066778E-62,299.6047643183976,164.20363791925973,164.20363791925973,0.7071037069093725,9.759088683828145,11.880939742698345,9.913876471127146,1.9810993410661022,8.01890220821687,0.08612507815591296,336.5318881909671,0.9999999999999996,2.7266650910134036,0.9999999999999996,2.7266650910134036,0.9999999999999996,0.02289637601630227,0.9999999999999996,0.24308017871731671
41280.0,34.65561790356107,259.21912509623127,68.14562917839491,554.568390288381,8.125273041084887,0.3244071191760335,109.93470253012903,2.5662222018195575E-63,299.60447583714694,164.20363791925973,164.20363791925973,0.7071031498453914,9.759098141807383,11.817312299261141,9.91387652494116,1.9811008657785576,8.018900683504413,0.08612502434190056,338.87882241719547,0.9999999999999996,2.7266650910134036,0.9999999999999996,2.7266650910134036,0.9999999999999996,0.022896357978288533,0.9999999999999996,0.24308041429743676
41360.0,34.65560560182979,259.21919886150835,68.14561830729399,554.5687078062307,8.125265961545125,0.3225905882390798,110.01418400841303,-3.525466516833644E-64,299.60421363774765,164.20363791925973,164.20363791925973,0.7071026437674792,9.75910673814205,11.759505692150865,9.913876573829805,1.9811022515853514,8.01889929769762,0.08612497545325315,341.0334585672376,0.9999999999999996,2.7266650910134036,0.9999999999999996,2.7266650910134036,0.9999999999999996,0.022896341591229524,0.9999999999999996,0.24308062841564335
41440.0,34.655594421237495,259.2192658729672,68.14560842694765,554.5689962527857,8.125259527213334,0.32094254951294066,110.0863996206596,-4.699412518019487E-65,299.60397533441324,164.20363791925973,164.20363791925973,0.707102184025842,9.759114551046707,11.706989568814368,9.91387661824226,1.981103511095558,8.018898038187414,0.08612493104079975,343.0096750578123,0.9999999999999996,2.7266650910134036,0.9999999999999996,2.7266650910134036,0.9999999999999996,0.02289632670456256,0.9999999999999996,0.24308082302011125
41520.0,34.65558425964264,259.21932674876183,68.14559944709323,554.5692582888305,8.125253679307354,0.31944721062743536,110.15201318261012,4.895771085821579E-65,299.6037587500749,164.20363791925973,164.20363791925973,0.7071017663793303,9.759121651893874,11.659280082130195,9.913876658588215,1.981104655815242,8.01889689346773,0.0861248906948434,344.8207075161414,0.9999999999999996,2.7266650910134036,0.9999999999999996,2.7266650910134036,0.9999999999999996,0.02289631318095707,0.9999999999999996,0.24308099988859297
41600.0,34.65557502396943,259.2193820519322,68.1455912854796,554.5694963379166,8.125248364262413,0.31809023123785524,110.21162944098194,6.014356240753233E-65,299.6035619008957,164.20363791925973,164.20363791925973,0.7071013869649649,9.7591281057216,11.615936480386669,9.913876695240841,1.9811056962292461,8.018895853053726,0.08612485404221622,346.47913899176,0.9999999999999996,2.7266650910134036,0.9999999999999996,2.7266650910134036,0.9999999999999996,0.022896300895327834,0.9999999999999996,0.24308116064106153
41680.0,34.65556662970082,259.21943229350126,68.14558386741884,554.5697125996954,8.125243533439313,0.316858662536387,110.2657974100719,-5.999380722244687E-65,299.60338298546355,164.20363791925973,164.20363791925973,0.7071010422766796,9.759133971587701,11.576558664047628,9.913876728538831,1.9811066418583239,8.018894907424647,0.08612482074422687,347.9967898854883,0.9999999999999996,2.7266650910134036,0.9999999999999996,2.7266650910134036,0.9999999999999996,0.022896289734146643,0.9999999999999996,0.2430813067485339
41760.0,34.655559000137465,259.2194779370015,68.14557712513157,554.5699090694034,8.125239142697954,0.3157408073365381,110.31501519623032,-4.913118693140529E-66,299.60322036899635,164.20363791925973,164.20363791925973,0.7071007291342587,9.75913930308748,11.540783666969922,9.913876758789398,1.9811075013425983,8.018894047940371,0.08612479049366,349.38472517000014,0.9999999999999996,2.7266650910134036,0.9999999999999996,2.7266650910134036,0.9999999999999996,0.02289627959443652,0.9999999999999996,0.2430814395459662
41840.0,34.65555206565066,259.2195194030337,68.1455709970867,554.5700875574811,8.125235151967408,0.31472608429234183,110.35973486286296,1.5083028734483602E-65,299.60307256741794,164.20363791925973,164.20363791925973,0.707100444652049,9.759144148875686,11.508282107760145,9.913876786271304,1.9811082825257076,8.018893266757262,0.08612476301175465,350.65328350843754,0.9999999999999996,2.7266650910134036,0.9999999999999996,2.7266650910134036,0.9999999999999996,0.02289627038275855,0.9999999999999996,0.24308156024525499
41920.0,34.655545762991814,259.21955707348,68.14556542739126,554.5702497077084,8.125231524848479,0.31380491747984657,110.40036694168471,2.572358830205917E-65,299.60293823263976,164.20363791925973,164.20363791925973,0.7071001862100481,9.759148553148968,11.478754895230944,9.913876811237646,1.9811089925325938,8.018892556750377,0.08612473804541197,351.8120997857687,0.9999999999999996,2.7266650910134036,0.9999999999999996,2.7266650910134036,0.9999999999999996,0.022896262014275717,0.9999999999999996,0.24308166994725394
42000.0,34.65554003479043,259.2195912945614,68.14556036534673,554.5703970103677,8.12522822832482,0.31296866799254225,110.43728372093408,9.312131216616593E-65,299.6028161418609,164.20363791925973,164.20363791925973,0.7070999514329228,9.759152555996646,11.451930824690786,9.91387683391789,1.9811096378260555,8.018891911456913,0.0861247153651688,352.87009536547504,0.9999999999999996,2.7266650910134036,0.9999999999999996,2.7266650910134036,0.9999999999999996,0.022896254412073536,0.9999999999999996,0.24308176965051112
42080.0,34.65553482863307,259.2196223824581,68.14555576463518,554.5705308264332,8.12522523223287,0.3122094497425889,110.47082522608744,1.3146727926434385E-64,299.602705177937,164.20363791925973,164.20363791925973,0.707099738151442,9.759156194044195,11.427562220064788,9.913876854521588,1.9811102243104768,8.018891324972493,0.08612469476147191,353.8356232239884,0.9999999999999996,2.7266650910134036,0.9999999999999996,2.7266650910134036,0.9999999999999996,0.022896247505911214,0.9999999999999996,0.24308186026729686
42160.0,34.65553009678483,259.21965062500135,68.14555158307311,554.5706523948492,8.125222509101462,0.31152007292714506,110.50130102125806,1.2954429251806276E-64,299.6026043234411,164.20363791925973,164.20363791925973,0.7070995443908809,9.759159500647966,11.40542362344496,9.913876873239502,1.9811107573632092,8.018890791919763,0.08612467604355671,354.71647134308705,0.9999999999999996,2.7266650910134036,0.9999999999999996,2.7266650910134036,0.9999999999999996,0.022896241231846144,0.9999999999999996,0.24308194262845392
42240.0,34.655525795980665,259.2196762829371,68.14554778242696,554.5707628379848,8.125220034031981,0.3108941234161761,110.5289916798202,9.970081215177276E-65,299.6025126562202,164.20363791925973,164.20363791925973,0.7070993683623292,9.759162506040866,11.38531069177928,9.913876890244447,1.9811112418581094,8.018890307424861,0.08612465903861151,355.51971991397653,0.9999999999999996,2.7266650910134036,0.9999999999999996,2.7266650910134036,0.9999999999999996,0.022896235531952525,0.9999999999999996,0.24308201748702596
42320.0,34.6555218868236,259.21969959359836,68.14554432788148,554.570863177419,8.125217784351724,0.31032568284071077,110.55415252958161,3.4080213036159196E-65,299.60242933656446,164.20363791925973,164.20363791925973,0.7070992084375256,9.759165237752955,11.367037512373798,9.91387690569372,1.981111682233265,8.018889867049706,0.08612464358934023,356.2520237370386,0.9999999999999996,2.7266650910134036,0.9999999999999996,2.7266650910134036,0.9999999999999996,0.02289623035350642,0.9999999999999996,0.24308208552873395
42400.0,34.655518333729525,259.21972077123195,68.14554118799096,554.5709543353529,8.125215739582233,0.3098093820352637,110.57701406844677,-3.09702167729612E-66,299.6023536060324,164.20363791925973,164.20363791925973,0.7070990631466104,9.759167720649993,11.3504362843391,9.913876919729313,1.9811120824972306,8.018889466785742,0.08612462955374708,356.9195139992903,0.9999999999999996,2.7266650910134036,0.9999999999999996,2.7266650910134036,0.9999999999999996,0.02289622564891303,0.9999999999999996,0.24308214737293635
42480.0,34.655515104317125,259.2197400107047,68.14553833413952,554.571037150612,8.125213881088653,0.30934070805748315,110.59778635026088,-2.524946177689927E-65,299.60228477444844,164.20363791925973,164.20363791925973,0.707098931152621,9.759169977359669,11.335354007608892,9.913876932480374,1.9811124462979188,8.018889102985053,0.08612461680268713,357.5274235478541,0.9999999999999996,2.7266650910134036,0.9999999999999996,2.7266650910134036,0.9999999999999996,0.02289622137488083,0.9999999999999996,0.24308220358324545
42560.0,34.655512169160296,259.21975748903265,68.14553574032357,554.5711123851078,8.125212191936122,0.30891492136608273,110.61665955410197,-1.0509413421662923E-65,299.6022222146232,164.20363791925973,164.20363791925973,0.7070988112411745,9.759172028444688,11.321652350101608,9.913876944064226,1.9811127769500745,8.018888772332897,0.08612460521883487,358.08130945871204,0.9999999999999996,2.7266650910134036,0.9999999999999996,2.7266650910134036,0.9999999999999996,0.022896217492087482,0.9999999999999996,0.24308225467183875
42640.0,34.655509501405774,259.2197733676784,68.14553338281262,554.5711807338619,8.125210656670962,0.30852820139426756,110.63380768320712,-7.258020315761549E-67,299.6021653542056,164.20363791925973,164.20363791925973,0.7070987023045087,9.759173892669862,11.309204622324842,9.91387695458788,1.981113077478809,8.018888471804162,0.08612459469518169,358.58572144537413,0.9999999999999996,2.7266650910134036,0.9999999999999996,2.7266650910134036,0.9999999999999996,0.022896213964663088,0.9999999999999996,0.24308230110611181
42720.0,34.65550707600932,259.2197877971519,68.14553123947485,554.571242844743,8.125209260880522,0.3081769289140926,110.6493929006121,7.775545465449998E-68,299.6021136594021,164.20363791925973,164.20363791925973,0.7070986033100174,9.759175587535909,11.297892787599958,9.913876964151084,1.9811133507054202,8.01888819857755,0.08612458513197777,359.04502420249867,0.9999999999999996,2.7266650910134036,0.9999999999999996,2.7266650910134036,0.9999999999999996,0.022896210759171344,0.9999999999999996,0.24308234332197381
42800.0,34.65550487141664,259.2198009069298,68.14552929126268,554.5712992750688,8.125207992160439,0.3078578527040594,110.66355458488971,-6.497008989493102E-68,299.6020666708047,164.20363791925973,164.20363791925973,0.7070985133694198,9.759177128104808,11.287615444590735,9.913876972839653,1.9811135990580175,8.018887950224952,0.08612457644340972,359.46315357194885,0.9999999999999996,2.7266650910134036,0.9999999999999996,2.7266650910134036,0.9999999999999996,0.02289620784684926,0.9999999999999996,0.2430823816945899
42880.0,34.655502868889215,259.2198128095243,68.14552752161677,554.5713505091426,8.125206839726879,0.3075682220858331,110.67641394335217,-2.457264414127557E-68,299.60202398902067,164.20363791925973,164.20363791925973,0.7070984317108089,9.759178527470917,11.27828440203853,9.913876980728151,1.9811138246475228,8.018887724635446,0.08612456855490923,359.84346234724364,0.9999999999999996,2.7266650910134036,0.9999999999999996,2.7266650910134036,0.9999999999999996,0.022896205202702094,0.9999999999999996,0.24308241655011534
42960.0,34.65550104886007,259.2198236223793,68.14552591324568,554.5713970524932,8.125205792319216,0.3073051608651385,110.68809750323204,4.711665214773966E-70,299.60198519699895,164.20363791925973,164.20363791925973,0.7070983575284495,9.759179799307548,11.26980760848514,9.913876987894422,1.981114029678195,8.018887519604775,0.08612456138863966,360.18951712889634,0.9999999999999996,2.7266650910134036,0.9999999999999996,2.7266650910134036,0.9999999999999996,0.022896202800639743,0.9999999999999996,0.2430824482291261
43040.0,34.65549939455631,259.21983344611175,68.1455244513271,554.571439338221,8.125204840284827,0.30706620687167596,110.69871368207949,7.637699929919712E-72,299.601949937243,164.20363791925973,164.20363791925973,0.7070982901320468,9.759180955335488,11.262106199048509,9.913876994405145,1.981114216039529,8.018887333243441,0.0861245548779165,360.50438376092904,0.9999999999999996,2.7266650910134036,0.9999999999999996,2.7266650910134036,0.9999999999999996,0.022896200618310103,0.9999999999999996,0.24308247702356459
43120.0,34.65549789097064,259.2198423707043,68.14552312259904,554.571477753651,8.125203974987155,0.3068491587799516,110.70835945183852,-1.4823792922232988E-70,299.60191788988726,164.20363791925973,164.20363791925973,0.7070982289042659,9.759182006041785,11.255109643665826,9.913877000319959,1.9811143854221265,8.018887163860844,0.08612454896310295,360.79081947632113,0.9999999999999996,2.7266650910134036,0.9999999999999996,2.7266650910134036,0.9999999999999996,0.02289619863572356,0.9999999999999996,0.2430825031946429
43200.0,34.655496524364956,259.21985047849455,68.145521914921,554.5715126532004,8.125203188520038,0.3066520044855302,110.71712355812049,-3.17759130759075E-71,299.60188876211714,164.20363791925973,164.20363791925973,0.7070981732802218,9.759182961026601,11.248753402421423,9.913877005693431,1.9811145393736158,8.018887009909355,0.08612454358962932,361.05136095187277,0.9999999999999996,2.7266650910134036,0.9999999999999996,2.7266650910134036,0.9999999999999996,0.02289619683458885,0.9999999999999996,0.24308252698148275
43280.0,164.2637369039297,46.621754214123726,142.22289193852978,14.081229021390198,222.68351838247096,0.5000050087324146,103.03263014443513,649.0337605633193,1.1327137690848366E-7,164.20363791925973,164.20363791925973,8.026322829687114,6.3240297345510585,16.806876304442284,7.450813432871084,0.08933969246327261,9.910661856819717,2.549188116411954,206.06319605805115,0.9999999999999996,2.7266650910134036,0.9999999999999996,2.7266650910134036,0.9999999999999996,0.259896396725157,0.9999999999999996,0.15751944960144465
43360.0,164.31094148078623,46.61623436698227,142.2428784588722,14.076955896165707,222.81229462324575,1.1047925443428197,84.2889590060227,648.835933137474,3.274494050475481E-14,164.20363791925973,164.20363791925973,12.817337939400407,4.1396483103277175,30.450997554242843,7.450236044366796,0.08928851610156395,9.910713033181423,2.5497655049162447,76.29392453599654,0.9999999999999996,2.7266650910134036,0.9999999999999996,2.7266650910134036,0.9999999999999996,0.4150318915329091,0.9999999999999996,0.10311069851929831
43440.0,164.35381700444916,46.611217877071304,142.26102960003,14.073072878474264,222.92929315025083,2.4118184852688964,60.344220614059985,648.6561660246372,-8.04967481664567E-15,164.20363791925973,164.20363791925973,15.831425978393943,2.766100058150942,47.77062006420387,7.449711140323236,0.08924207107474767,9.910759478208238,2.550290408959803,25.020216480898284,0.9999999999999996,2.7266650910134036,0.9999999999999996,2.7266650910134036,0.9999999999999996,0.5126295881829143,0.9999999999999996,0.06889824637002465
43520.0,164.39276130843945,46.606658887241906,142.27751446509325,14.069544352860708,223.03559067075383,5.540133591427793,35.70437544987157,648.4928103815652,-2.3144358429221336E-18,164.20363791925973,164.20363791925973,17.728095146820827,1.9023822886829005,65.13896696680737,7.44923396856804,0.08919991591147745,9.91080163337151,2.5507675807150005,6.444677706890802,0.9999999999999996,2.7266650910134036,0.9999999999999996,2.7266650910134036,0.9999999999999996,0.5740446960864501,0.9999999999999996,0.04738469356139737
43600.0,164.4281354908838,46.602515711405395,142.29248646064048,14.06633795566062,223.13216548554118,14.360212949985677,16.26026631347048,648.3443679083161,-8.10724272954437E-25,164.20363791925973,164.20363791925973,18.922033698053298,1.3592348252719453,77.18936676482785,7.448800203966227,0.08916165106574431,9.910839898217247,2.5512013453168176,1.1323137317045635,0.9999999999999996,2.7266650910134036,0.9999999999999996,2.7266650910134036,0.9999999999999996,0.6127050308326255,0.9999999999999996,0.03385593214184214
43680.0,164.4602673681629,46.59875045524477,142.3060847923353,14.063424278053462,223.2199065357415,32.92623026191453,7.237179565266982,648.2094771017242,3.7902489899388284E-27,164.20363791925973,164.20363791925973,19.67399510605212,1.0176570375512441,79.0001056124014,7.448405910610001,0.08912691478458684,9.9108746344984,2.5515956386730436,0.2197998224424179,0.9999999999999996,2.7266650910134036,0.9999999999999996,2.7266650910134036,0.9999999999999996,0.6370539219203877,0.9999999999999996,0.025347884682184907
43760.0,164.48945456219397,46.59532867246677,142.31843579302978,14.060776596261913,223.2996215510368,56.0095262920905,4.052651746142588,648.0869007647545,2.2947353286394116E-29,164.20363791925973,164.20363791925973,20.14794310918569,0.8028250152878521,75.32089485222414,7.448047507260602,0.08909537943207482,9.910906169850906,2.5519540420224445,0.07235647245091754,0.9999999999999996,2.7266650910134036,0.9999999999999996,2.7266650910134036,0.9999999999999996,0.652400598208301,0.9999999999999996,0.0199968311096803
43840.0,164.51596729802299,46.592219051998164,142.32965412436076,14.058370626375307,223.3720444577947,79.25036952378058,2.6713328205792,647.9755146558578,6.2190122282519414E-31,164.20363791925973,164.20363791925973,20.44698230574743,0.667691734590331,70.27077814427744,7.447721735774426,0.08906674818819424,9.910934801094786,2.5522798135086195,0.03370751249024292,0.9999999999999996,2.7266650910134036,0.9999999999999996,2.7266650910134036,0.9999999999999996,0.6620836387880445,0.9999999999999996,0.016630920307266567
43920.0,164.54005093931505,46.589393133399085,142.33984386421955,14.056184301567605,223.4378421133485,101.3590468174229,1.9330315661647377,647.8742971750966,1.2433344797316649E-31,164.20363791925973,164.20363791925973,20.635950715815852,0.5826751508634065,65.04306924696238,7.447425632272759,0.0890407520816354,9.910960797201344,2.5525759170102873,0.019071130075312265,0.9999999999999996,2.7266650910134036,0.9999999999999996,2.7266650910134036,0.9999999999999996,0.6682025315754132,0.9999999999999996,0.014513320289908179
44000.0,164.56192828825107,46.58682504780704,142.34909949188602,14.054197569532269,223.4976204313298,121.9657333573139,1.4817216367152768,647.782319986231,1.2366685333213223E-35,164.20363791925973,164.20363791925973,20.755624658355355,0.529174709934775,59.9969035856081,7.4471565008108005,0.08901714731867616,9.910984401964306,2.552845048472249,0.012148671564777851,0.9999999999999996,2.7266650910134036,0.9999999999999996,2.7266650910134036,0.9999999999999996,0.6720776344223695,0.9999999999999996,0.013180726933733693
44080.0,164.5818016637016,46.58449128313156,142.35750677717124,14.052392209062162,223.55192992976507,140.98628788949208,1.1804834468010992,647.6987395251417,7.206715066341692E-38,164.20363791925973,164.20363791925973,20.831650899614605,0.49549450460562594,55.25506155107287,7.446911889442669,0.08899571288565512,9.911005836397328,2.55308965984038,0.008373037296551748,0.9999999999999996,2.7266650910134036,0.9999999999999996,2.7266650910134036,0.9999999999999996,0.6745394026042764,0.9999999999999996,0.012341817626124654
44160.0,164.59985479767735,46.582370469106515,142.36514359088696,14.050751662307915,223.6012708061224,158.44720294993476,0.9667719717302634,647.6227892340991,-4.0864880373834884E-40,164.20363791925973,164.20363791925973,20.88016127156459,0.4742806583883833,50.856573511961216,7.446689568247634,0.08897624837569403,9.911025300907287,2.5533119810354163,0.006101540158053396,0.9999999999999996,2.7266650910134036,0.9999999999999996,2.7266650910134036,0.9999999999999996,0.6761101930074439,0.9999999999999996,0.011813421410367935
44240.0,164.61625454749506,46.5804431827361,142.37208063587084,14.049260883074428,223.64609752815343,174.422886930939,0.8082736438056817,647.5537725385326,-2.0088952872927634E-41,164.20363791925973,164.20363791925973,20.91130632544285,0.46090852518684405,46.805684811192165,7.4464875093945535,0.08895857203737234,9.911042977245613,2.5535140398884972,0.004633988452018395,0.9999999999999996,2.7266650910134036,0.9999999999999996,2.7266650910134036,0.9999999999999996,0.6771186856198806,0.9999999999999996,0.011480347223446328
44320.0,164.63115248053683,46.57869176767633,142.37838212289813,14.047906196113061,223.6868230925238,189.0082932874849,0.6867100205160902,647.491056332855,-7.875021683579161E-47,164.20363791925973,164.20363791925973,20.931475831354877,0.45246925226525064,43.09095136594116,7.446303868585026,0.08894251897988366,9.9110590303031,2.5536976806980243,0.0036332269265644994,0.9999999999999996,2.7266650910134036,0.9999999999999996,2.7266650910134036,0.9999999999999996,0.6777717844325617,0.9999999999999996,0.011270141123626313
44400.0,164.6446861721198,46.57710018636356,142.38410632424208,14.046675181922314,223.72382251233478,202.30538974882958,0.5910046217336045,647.4340656472199,1.4692796212590656E-47,164.20363791925973,164.20363791925973,20.94468880213403,0.447135387296595,39.69380949092816,7.446136969862692,0.08892793970300755,9.91107360957998,2.553864579420356,0.0029213488699799885,0.9999999999999996,2.7266650910134036,0.9999999999999996,2.7266650910134036,0.9999999999999996,0.6781996271157434,0.9999999999999996,0.01113728477895723
44480.0,164.65698065548912,46.57565385369008,142.38930619074193,14.045556547422235,223.7574367314981,214.41628422960173,0.5140696572583392,647.3822776602981,1.5050897909126787E-48,164.20363791925973,164.20363791925973,20.953480293420796,0.44375618249899235,36.59273652852698,7.445985288430606,0.08891469847618301,9.911086850806804,2.554016260852442,0.0023975308550159466,0.9999999999999996,2.7266650910134036,0.9999999999999996,2.7266650910134036,0.9999999999999996,0.6784843000544919,0.9999999999999996,0.011053115269617197
44560.0,164.66814945812078,46.5743395185041,142.39402979322378,14.044540033742049,223.78797541699834,225.43947093546475,0.4511677178281893,647.3352174302323,6.243677512148453E-49,164.20363791925973,164.20363791925973,20.959447382461303,0.4416084410106093,33.765435937198106,7.445847438438232,0.08890267217390165,9.911098877109083,2.554154110844815,0.0020012809467484178,0.9999999999999996,2.7266650910134036,0.9999999999999996,2.7266650910134036,0.9999999999999996,0.6786775174185916,0.9999999999999996,0.010999619149052182
44640.0,164.67829572841268,46.573145134068625,142.39832080157615,14.043616315568595,223.8157200057807,235.4680385877567,0.3990166431255129,647.2924532349,-3.7767597602451586E-51,164.20363791925973,164.20363791925973,20.963598440498114,0.44023715192497087,31.189962398081605,7.4457221595714165,0.08889174902251759,9.911109800260471,2.5542793897116316,0.001694568169500436,0.9999999999999996,2.7266650910134036,0.9999999999999996,2.7266650910134036,0.9999999999999996,0.6788119307793866,0.9999999999999996,0.010965462968407726
44720.0,164.68751305690841,46.57205976389979,142.40221883418988,14.042776927938611,223.84092592228532,244.58870831457057,0.3552721539925985,647.2535931827078,1.3881051008787232E-52,164.20363791925973,164.20363791925973,20.96657098936654,0.43935609290041594,28.8453524022543,7.445608307322674,0.08888182768301442,9.911119721599972,2.5543932419603737,0.0014525288450179623,0.9999999999999996,2.7266650910134036,0.9999999999999996,2.7266650910134036,0.9999999999999996,0.6789081834166637,0.9999999999999996,0.010943517478199792
44800.0,164.69588658824253,46.57107345320475,142.40575992994638,14.042014166496989,223.86382559624693,252.8818248796019,0.31821660591214823,647.2182805949708,-3.1721164928188933E-53,164.20363791925973,164.20363791925973,20.968769814354587,0.4387848457597107,26.711854158111226,7.4455048396254835,0.08887281602705736,9.911128733255927,2.554496709657565,0.0012583609204166906,0.9999999999999996,2.7266650910134036,0.9999999999999996,2.7266650910134036,0.9999999999999996,0.6789793824829794,0.9999999999999996,0.010929288807721114
44880.0,164.70349355501546,46.57017716775629,142.40897677542964,14.041321039965593,223.88462990371477,260.42119640681693,0.28656391226161926,647.1861918054226,-8.048063408624883E-55,164.20363791925973,164.20363791925973,20.970451941649948,0.43841003574727166,24.771111999925786,7.445410810541789,0.08886463054001414,9.91113691874297,2.5545907387412585,0.0011003862827431432,0.9999999999999996,2.7266650910134036,0.9999999999999996,2.7266650910134036,0.9999999999999996,0.6790338506164166,0.9999999999999996,0.010919953009291524
44960.0,164.71040419022782,46.56936268819111,142.41189909198386,14.040691188181526,223.90353064662983,267.2745477428875,0.25933150421149564,647.1570323657351,-7.189156343455391E-56,164.20363791925973,164.20363791925973,20.971782003702963,0.43816010631650015,23.006141159295517,7.4453253592559365,0.08885719532048901,9.911144353962497,2.554676190027113,9.702813320667074E-4,0.9999999999999996,2.7266650910134036,0.9999999999999996,2.7266650910134036,0.9999999999999996,0.679076918699066,0.9999999999999996,0.010913727746598776
45040.0,34.85682660881589,258.783304470204,68.37633292974031,552.696067111213,8.164378664746128,271.36303678587257,0.24402720795921856,0.012583047198303525,300.9966198265081,164.20363791925973,164.20363791925973,16.84336766822067,2.271441381362929,21.924853029596967,9.913587252191451,1.97351841178267,8.026483137500325,0.08641429709158481,8.992647298230813E-4,0.9999999999999996,2.7266650910134036,0.9999999999999996,2.7266650910134036,0.9999999999999996,0.5453967724169161,0.9999999999999996,0.056577247611507876
45120.0,34.71943330471008,258.82606602633115,68.20200018571015,552.8777767928077,8.162031575281713,262.437689535453,0.27923958275543587,4.937421486743133E-12,300.9658728925678,164.20363791925973,164.20363791925973,10.853830300316961,5.037473250716209,24.188836063263064,9.913615429594321,1.9739315256915586,8.026070023591426,0.08638611968872068,0.0010640224094706986,0.9999999999999996,2.7266650910134036,0.9999999999999996,2.7266650910134036,0.9999999999999996,0.3514525201110894,0.9999999999999996,0.12547379552938612
45200.0,34.71361056412573,258.86213640997,68.19685816423228,553.032814631213,8.158675466687692,244.74863682675985,0.3558511357092663,-4.466738739032614E-14,300.84157579806026,164.20363791925973,164.20363791925973,7.087749272054598,6.777861360178635,28.724506607380135,9.91363943927936,1.9745839409360442,8.02541760834694,0.08636211000368008,0.0014539453225275692,0.9999999999999996,2.7266650910134036,0.9999999999999996,2.7266650910134036,0.9999999999999996,0.22950490975581073,0.9999999999999996,0.16882352483215032
45280.0,34.70831868836836,258.8949015892185,68.19218508734755,553.1736647672342,8.155625135678553,222.66802913140555,0.4681846409922878,3.0494492080656196E-15,300.72860300519835,164.20363791925973,164.20363791925973,4.719696978783935,7.873291891786441,34.390325034909935,9.91366124024035,1.975177289187332,8.02482426009565,0.08634030904269029,0.0021026127676191573,0.9999999999999996,2.7266650910134036,0.9999999999999996,2.7266650910134036,0.9999999999999996,0.15282617762191003,0.9999999999999996,0.19610859806208017
45360.0,34.7035082688125,258.92466475127173,68.18793688841595,553.3016253678923,8.152852730744549,198.84763628806593,0.6169370400275591,5.513674710781731E-16,300.6259235538579,164.20363791925973,164.20363791925973,3.230701844006444,8.563084094643813,40.49059742720553,9.913681036602622,1.9757168852343576,8.024284664048626,0.08632051268041686,0.0031025615971306633,0.9999999999999996,2.7266650910134036,0.9999999999999996,2.7266650910134036,0.9999999999999996,0.10461176132175669,0.9999999999999996,0.21328999863959888
45440.0,34.69913555557585,258.9517012159175,68.18407500711233,553.4178758513008,8.150332926582617,174.86739274476128,0.8070602249347721,2.2727081714679965E-16,300.53259948912716,164.20363791925973,164.20363791925973,2.2944183033867684,8.997738377612505,46.60722145983178,9.913699013462738,1.9762075734440276,8.023793975838954,0.08630253582029893,0.0046152699612372425,0.9999999999999996,2.7266650910134036,0.9999999999999996,2.7266650910134036,0.9999999999999996,0.07429442626265692,0.9999999999999996,0.2241164030516584
45520.0,34.69516076579537,258.97626100564133,68.18056437146893,553.5234877387032,8.148042706048964,151.64292583744398,1.0476576567259477,7.196843554069345E-16,300.44777834149204,164.20363791925973,164.20363791925973,1.7056648073446725,9.271886261788998,52.4930528586131,9.913715338690622,1.97665376594742,8.023347783335561,0.08628621059241363,0.006908714342856987,0.9999999999999996,2.7266650910134036,0.9999999999999996,2.7266650910134036,0.9999999999999996,0.05523028999159635,0.9999999999999996,0.23094490096161444
45600.0,34.69154772471428,258.99857117864826,68.17737308338988,553.6194345226694,8.145961149690677,129.68253113105732,1.353078981986454,9.116826541816871E-17,300.37068533224146,164.20363791925973,164.20363791925973,1.3354305011649903,9.4450361299335,58.00380608378513,9.913730164556775,1.9770594804497912,8.022942068833189,0.08627138472626476,0.010433779863681337,0.9999999999999996,2.7266650910134036,0.9999999999999996,2.7266650910134036,0.9999999999999996,0.04324191571835658,0.9999999999999996,0.23525773203191633
45680.0,34.688263538847416,259.01883795033314,68.17447213233682,553.7066006555059,8.144069244002173,109.2497026298868,1.7453240981021851,-1.777498266937237E-19,300.3006162719665,164.20363791925973,164.20363791925973,1.1025950233492656,9.554612870512432,63.05371687364118,9.913743629204914,1.9774283749628419,8.022573174320138,0.08625792007812103,0.015975550103005286,0.9999999999999996,2.7266650910134036,0.9999999999999996,2.7266650910134036,0.9999999999999996,0.0357025850686765,0.9999999999999996,0.23798707844387448
45760.0,34.68527830310994,259.03724859023714,68.17183513866786,553.7857895960547,8.14234970975314,90.467502493361,2.2584009794132123,-1.8846834880966078E-20,300.2369312024303,164.20363791925973,164.20363791925973,0.9561578952654481,9.624151737549514,67.5849910626192,9.913755857964176,1.977763779092642,8.022237770190337,0.08624569131885838,0.024963671121339362,0.9999999999999996,2.7266650910134036,0.9999999999999996,2.7266650910134036,0.9999999999999996,0.030960876724352642,0.9999999999999996,0.23971915822865852
45840.0,34.68256482474749,259.0539732006702,68.16943811135499,553.857731368159,8.140786840667001,73.38874189650957,2.946157337653183,-4.3875981663511086E-21,300.179048421805,164.20363791925973,164.20363791925973,0.8640478664131857,9.668458314153106,71.54364107922113,9.913766964573165,1.9780687236970877,8.021932825585889,0.08623458470986937,0.0401445407227141,0.9999999999999996,2.7266650910134036,0.9999999999999996,2.7266650910134036,0.9999999999999996,0.027978307357417964,0.9999999999999996,0.24082275006065007
45920.0,34.68009838191092,259.06916627070547,68.16725923608865,553.9230891697467,8.139366362369236,58.048392432711076,3.896036165237675,7.523412767052363E-20,300.1264392605442,164.20363791925973,164.20363791925973,0.8061000140760517,9.696846785969258,74.85560287223353,9.913777052246573,1.9783459669132348,8.021655582369744,0.0862244970364641,0.06711703807739221,0.9999999999999996,2.7266650910134036,0.9999999999999996,2.7266650910134036,0.9999999999999996,0.026101926561385408,0.9999999999999996,0.24152985243733166
46000.0,34.67785649876922,259.0829681190943,68.16527867773856,553.9824655143221,8.138075301241352,44.51030392333153,5.251970568762978,2.018139880819687E-20,300.0786232246186,164.20363791925973,164.20363791925973,0.7696363796003114,9.715177765945107,77.39759771182864,9.913786214665311,1.9785980185117693,8.02140353077121,0.0862153346177234,0.1179944890470628,0.9999999999999996,2.7266650910134036,0.9999999999999996,2.7266650910134036,0.9999999999999996,0.0249212156165557,0.9999999999999996,0.24198644198508085
46080.0,34.67581874173439,259.0955061969295,68.16347840122985,554.0364077899321,8.13690186574014,32.91139361288814,7.243997954472802,-3.1995562452784036E-22,300.03516359917677,164.20363791925973,164.20363791925973,0.7466827466175778,9.727141713661169,78.96369659352949,9.913794536859168,1.9788271620525435,8.021174387230436,0.08620701242386505,0.22010608361585893,0.9999999999999996,2.7266650910134036,0.9999999999999996,2.7266650910134036,0.9999999999999996,0.024177965359800616,0.9999999999999996,0.24228444097281462
46160.0,34.67396653495982,259.10689626710837,68.16184200933989,554.0854132834538,8.135835339028661,23.472675093689357,10.19055753604938,-1.311096714438006E-23,299.9956634728487,164.20363791925973,164.20363791925973,0.7322265137020674,9.735062314843635,79.26073189490491,9.913802096015402,1.9790354749951211,8.02096607428786,0.08619945326762975,0.4341455541549722,0.9999999999999996,2.7266650910134036,0.9999999999999996,2.7266650910134036,0.9999999999999996,0.02370986521921516,0.9999999999999996,0.24248172795455633
46240.0,34.6722829847045,259.1172435212466,68.16035458813869,554.1299339555352,8.134865976931039,16.377711698522166,14.37182220380237,-7.279254535253968E-28,299.95976195790973,164.20363791925973,164.20363791925973,0.7231142144414547,9.740404927097625,78.03362023111612,9.913808962233341,1.9792248479363626,8.020776701346618,0.08619258704969257,0.8775232137649123,0.9999999999999996,2.7266650910134036,0.9999999999999996,2.7266650910134036,0.9999999999999996,0.02341480435585753,0.9999999999999996,0.24261480217732362
46320.0,34.67075275122398,259.1266433983089,68.15900259433357,554.170379932344,8.133984933410046,11.49941307095587,19.753439573887853,5.695190996612741E-29,299.9271314303483,164.20363791925973,164.20363791925973,0.717365442387478,9.744092998451627,75.34081791763091,9.913815199081569,1.979396998588314,8.020604550694665,0.08618635020146108,1.7177780684980541,0.9999999999999996,2.7266650910134036,0.9999999999999996,2.7266650910134036,0.9999999999999996,0.023228656206309314,0.9999999999999996,0.2427066649600995
46400.0,34.669361873096285,259.13518269445177,68.15777370048981,554.2071242572327,8.13318415879219,8.33023717803301,25.915411599635398,3.196766820059711E-31,299.8974737604941,164.20363791925973,164.20363791925973,0.7137328615068558,9.746711053323029,71.62509133363888,9.913820864345425,1.9795534911860282,8.020448058096953,0.0861806849376006,3.1110052506037666,0.9999999999999996,2.7266650910134036,0.9999999999999996,2.7266650910134036,0.9999999999999996,0.023111031398321966,0.9999999999999996,0.24277187568485567
46480.0,34.66809766329356,259.14294022447217,68.15665670356101,554.2405057171945,8.132456339417296,6.280135763467275,32.349206045413865,-4.786352223167464E-33,299.87051807786133,164.20363791925973,164.20363791925973,0.7114323221544743,9.748629198532596,67.41618436792304,9.913826010474931,1.9796957478868369,8.020305801396143,0.08617553880809153,5.1510361023714255,0.9999999999999996,2.7266650910134036,0.9999999999999996,2.7266650910134036,0.9999999999999996,0.02303653876939395,0.9999999999999996,0.24281965300253902
46560.0,34.666948590126715,259.1499875744377,68.15564141999343,554.2708320651874,8.131794828667624,4.913231481907475,38.694262815287004,-3.32838059436616E-35,299.8460182167214,164.20363791925973,164.20363791925973,0.7099709274460687,9.75008247690727,63.094264687374576,9.913830685091602,1.9798250619240816,8.020176487358901,0.08617086419142239,7.875522038351966,0.9999999999999996,2.7266650910134036,0.9999999999999996,2.7266650910134036,0.9999999999999996,0.02298921806887303,0.9999999999999996,0.24285585137909715
46640.0,34.66590417071867,259.15638977440256,68.15471859184589,554.2983829015188,8.131193585287953,3.963641867321728,44.75392489366392,1.3256637852580958E-36,299.82375043170714,164.20363791925973,164.20363791925973,0.7090385149217415,9.751220973258064,58.87401842873836,9.913834931440874,1.979942609394264,8.020058939888719,0.08616661784215165,11.291112161933183,0.9999999999999996,2.7266650910134036,0.9999999999999996,2.7266650910134036,0.9999999999999996,0.02295902607928127,0.9999999999999996,0.24288420913927194
46720.0,34.66495487614452,259.16220589678096,68.15387980317524,554.3234122377437,8.130647118485031,3.27730381146082,50.437523801998665,-3.732481490650848E-39,299.8035113645009,164.20363791925973,164.20363791925973,0.7084399595120489,9.752141090917013,54.8626310029542,9.913838788794122,1.9800494597671519,8.019952089515833,0.0861627604889041,15.389944510367725,0.9999999999999996,2.7266650910134036,0.9999999999999996,2.7266650910134036,0.9999999999999996,0.02293964455208377,0.9999999999999996,0.24290712750513827
46800.0,34.66409204456534,259.1674896035349,68.1531174034485,554.3461508422828,8.130150437680943,2.76392004206376,55.712675141268356,-1.8864695999107293E-39,299.7851161828856,164.20363791925973,164.20363791925973,0.708052439895456,9.752905312996647,51.10758110561957,9.913842292815785,1.9801465855258908,8.019854963757092,0.08615925646723908,20.157122598839326,0.9999999999999996,2.7266650910134036,0.9999999999999996,2.7266650910134036,0.9999999999999996,0.02292709647070829,0.9999999999999996,0.24292616281117102
46880.0,34.66330780258337,259.17228964098246,68.15242443818973,554.3668083622907,8.129699007042586,2.3687548981372375,60.57745824376262,-1.0088697422716616E-40,299.76839689668543,164.20363791925973,164.20363791925973,0.7077986348507915,9.75355461330226,47.62455995279151,9.913845475895005,1.980234870906287,8.0197666783767,0.08615607338801873,25.57354426639922,0.9999999999999996,2.7266650910134036,0.9999999999999996,2.7266650910134036,0.9999999999999996,0.02291887813486775,0.9999999999999996,0.24294233563626186
46960.0,34.66259499347689,259.17665029078194,68.15179458568124,554.3855752582696,8.129288704006765,2.057305118300568,65.04548039512716,4.978204464951773E-41,299.7532008216906,164.20363791925973,164.20363791925973,0.7076298411320355,9.754116288147905,44.41250863551556,9.913848367447558,1.9803151198818316,8.019686429401151,0.08615318183546651,31.616836907914674,0.9999999999999996,2.7266650910134036,0.9999999999999996,2.7266650910134036,0.9999999999999996,0.022913412508798952,0.9999999999999996,0.2429563258792327
47040.0,34.661947111518245,259.1806117821961,68.15122209901975,554.4026245731801,8.128915781336394,1.8069809502552725,69.13794532191527,-3.3346089283366625E-42,299.73938917436055,164.20363791925973,164.20363791925973,0.7075153346231413,9.754608905548475,41.46164978895106,9.913850994191607,1.9803880634807651,8.01961348580222,0.08615055509141975,38.26157952143775,0.9999999999999996,2.7266650910134036,0.9999999999999996,2.7266650910134036,0.9999999999999996,0.022909704730069556,0.9999999999999996,0.2429685960337163
47120.0,34.66135824442083,259.184210653141,68.15070175533815,554.4181134820625,8.128576833880736,1.6024843869957794,72.87938615480583,8.433115244522192E-45,299.72683584074736,164.20363791925973,164.20363791925973,0.7074357337720871,9.755045403662939,38.75784640467046,9.913853380389057,1.9804543662017935,8.019547183081187,0.0861481688939714,45.478999200382084,0.9999999999999996,2.7266650910134036,0.9999999999999996,2.7266650910134036,0.9999999999999996,0.022907127214212765,0.9999999999999996,0.24297946836443393
47200.0,34.66082301716216,259.1874801019373,68.15022880623046,554.4321848023941,8.128268766146462,1.4331293880422782,76.29534435048798,4.908457454526783E-45,299.71542617544844,164.20363791925973,164.20363791925973,0.7073787733285485,9.755435077055644,36.28501582866609,9.9138555480804,1.9805146322862321,8.019486916996751,0.08614600120262694,53.2368849505703,0.9999999999999996,2.7266650910134036,0.9999999999999996,2.7266650910134036,0.9999999999999996,0.022905282806213522,0.9999999999999996,0.24298917438115425
47280.0,34.66033654420772,259.1904502863925,68.14979893558699,554.4449682784203,8.127988764722762,1.2912516184612959,79.41109002325368,1.4766445002146314E-45,299.7050559803371,164.20363791925973,164.20363791925973,0.7073366816005109,9.755784818008081,34.02648990130717,9.91385751728435,1.980569411053863,8.01943213822912,0.08614403199867657,61.49931499631569,0.9999999999999996,2.7266650910134036,0.9999999999999996,2.7266650910134036,0.9999999999999996,0.022903919854749818,0.9999999999999996,0.24299788575738795
47360.0,34.659894385094894,259.1931486015679,68.14940822039054,554.45658177425,8.127734272652342,1.171222679214654,82.25092915975856,2.052460528529249E-46,299.6956305553593,164.20363791925973,164.20363791925973,0.7073045138842521,9.756099914744308,31.965783696104264,9.913859306183088,1.9806192018682192,8.019382347414766,0.0861422430999376,70.22655095349647,0.9999999999999996,2.7266650910134036,0.9999999999999996,2.7266650910134036,0.9999999999999996,0.022902878247811752,0.9999999999999996,0.24300573421265226
47440.0,34.65949250362417,259.1955999347149,68.14905309469155,554.4671323691281,8.12750296589118,1.0688231257600984,84.83784842704564,-3.827156796094922E-46,299.6870638266914,164.20363791925973,164.20363791925973,0.707279108718513,9.756384560098521,30.087021208180726,9.913860931292195,1.9806644587021007,8.019337090580883,0.08614061799083186,79.37501199434922,0.9999999999999996,2.7266650910134036,0.9999999999999996,2.7266650910134036,0.9999999999999996,0.022902055615683207,0.9999999999999996,0.24301282418240402
47520.0,34.659127231367854,259.19782689309096,68.14873031739229,554.4767173363255,8.127292732262044,0.980828945578142,87.19334616796009,-1.9173656011656205E-47,299.67927756725845,164.20363791925973,164.20363791925973,0.7072584315487305,9.756642178677028,28.37516780381967,9.913862407612424,1.980705594222148,8.019295955060835,0.0861391416706027,88.89760703031114,0.9999999999999996,2.7266650910134036,0.9999999999999996,2.7266650910134036,0.9999999999999996,0.022901386078457386,0.9999999999999996,0.24301924096701713
47600.0,34.65879523353168,259.19985001688576,68.14843694210455,554.4854250582573,8.127101651770523,0.9047400947849251,89.33739066410895,3.097450672909792E-47,299.6722006677125,164.20363791925973,164.20363791925973,0.7072411552019797,9.756875643270595,26.816131588385822,9.913863748771478,1.9807429836132375,8.019258565669746,0.08613780051154896,98.74370681598481,0.9999999999999996,2.7266650910134036,0.9999999999999996,2.7266650910134036,0.9999999999999996,0.022900826661603067,0.9999999999999996,0.24302505612219885
47680.0,34.65849347931244,259.20168796399594,68.14817029097631,554.4933358206531,8.126927979514612,0.8385863994137746,91.28842607729008,-1.7163926390448434E-47,299.6657685034686,164.20363791925973,164.20363791925973,0.7072264094467887,9.757087410297554,25.39680940989696,9.913864967147013,1.980776967899694,8.019224581383291,0.08613658213601713,108.85989343627148,0.9999999999999996,2.7266650910134036,0.9999999999999996,2.7266650910134036,0.9999999999999996,0.022900349186584627,0.9999999999999996,0.24303033083261774
47760.0,34.65821921382865,259.2033576848478,68.14792792990434,554.5005225641037,8.126770129505296,0.7807962240462977,93.06343081860838,-5.051078534796767E-48,299.6599223354801,164.20363791925973,164.20363791925973,0.7072136100561223,9.75727961754107,24.105077766134293,9.913866073982934,1.980807857092708,8.019193692190278,0.08613547530009416,119.1904212040479,0.9999999999999996,2.7266650910134036,0.9999999999999996,2.7266650910134036,0.9999999999999996,0.02289993473583488,0.9999999999999996,0.24303511834635166
47840.0,34.65796993314307,259.20487457785777,68.14770764647648,554.5070515524347,8.126626660270936,0.730100970018065,94.67799106392083,5.78726933903334E-48,299.65460877707903,164.20363791925973,164.20363791925973,0.7072023575559963,9.757454147684845,22.929763209351457,9.913867079492821,1.9808359329919012,8.019165616291087,0.0861344697902066,129.67794175314987,0.9999999999999996,2.7266650910134036,0.9999999999999996,2.7266650910134036,0.9999999999999996,0.022899570374183977,0.9999999999999996,0.24303946555744022
47920.0,34.65774336137515,259.2062526317874,68.14750742975762,554.5129829848053,8.126496261668015,0.6854658030165257,96.14638643737578,1.8797206807502258E-47,299.6497793054952,164.20363791925973,164.20363791925973,0.7071923710688149,9.757612674266634,21.860596942708344,9.913867992954557,1.9808614517536078,8.019140097529379,0.08613355632847035,140.26430788270528,0.9999999999999996,2.7266650910134036,0.9999999999999996,2.7266650910134036,0.9999999999999996,0.02289924700667317,0.9999999999999996,0.24304341415049857
48000.0,34.65753742994499,259.20750455475627,68.14732545195795,554.51837155049,8.126377742921612,0.6460383769567105,97.4816793055651,-2.368679253875656E-48,299.64538981892167,164.20363791925973,164.20363791925973,0.7071834473884951,9.75775669456702,20.888162079121976,9.913868822796092,1.9808846462207472,8.019116903062239,0.08613272648693601,150.89146834398835,0.9999999999999996,2.7266650910134036,0.9999999999999996,2.7266650910134036,0.9999999999999996,0.022898958053386605,0.9999999999999996,0.2430470014199139
48080.0,34.65735025863062,259.2086418919066,68.14716005170094,554.5232669349156,8.126270021712097,0.6111108624514782,98.69580509713519,1.7552642005770608E-48,299.6414002323267,164.20363791925973,164.20363791925973,0.7071754338358291,9.75788755492593,20.003836692837478,9.913869576673626,1.9809057280499374,8.019095821233048,0.08613197260939946,161.50229223747692,0.9999999999999996,2.7266650910134036,0.9999999999999996,2.7266650910134036,0.9999999999999996,0.022898698570494244,0.9999999999999996,0.2430502609004311
48160.0,34.65718013844248,259.2096751317128,68.14700971889674,554.5277142768888,8.126172114309597,0.5800905526885337,99.79965888850843,2.316012865548775E-49,299.63777411206974,164.20363791925973,164.20363791925973,0.7071682120903732,9.758006469776378,19.199737413570883,9.913870261542252,1.980924889634993,8.019076659647993,0.08613128774077368,172.04151735615932,0.9999999999999996,2.7266650910134036,0.9999999999999996,2.7266650910134036,0.9999999999999996,0.02289846472672022,0.9999999999999996,0.24305322284124703
48240.0,34.657025516105584,259.21061380225063,68.14687308103447,554.531754582678,8.126083126635347,0.5524774075334514,100.8031780207625,-1.082793349268194E-48,299.63447834485015,164.20363791925973,164.20363791925973,0.7071616881302941,9.758114536779464,18.46866416090557,9.91387088371988,1.980942305850385,8.019059243432602,0.08613066556314512,182.45665188518873,0.9999999999999996,2.7266650910134036,0.9999999999999996,2.7266650910134036,0.9999999999999996,0.02289825347758996,0.9999999999999996,0.24305591458299414
48320.0,34.65688497984015,259.21146655936104,68.14674889062118,554.5354251052564,8.126002246071899,0.5278474090861356,101.7154217067717,1.820912659710036E-49,299.6314828343867,164.20363791925973,164.20363791925973,0.7071557846073379,9.758212749961169,17.804045599747262,9.913871448945798,1.980958135649227,8.019043413633762,0.08613010033722712,192.69853362143436,0.9999999999999996,2.7266650910134036,0.9999999999999996,2.7266650910134036,0.9999999999999996,0.022898062318527854,0.9999999999999996,0.24305836088495272
48400.0,34.65675724646739,259.21224126655,68.14663601379094,554.5387596880195,8.125928734036961,0.5058388021323487,102.54464453000482,-1.1691562188926754E-49,299.62876022638085,164.20363791925973,164.20363791925973,0.7071504361008185,9.758302010628666,17.199888370466592,9.913871962433717,1.9809725235126145,8.019029025770374,0.08612958684930931,202.72198197870716,0.9999999999999996,2.7266650910134036,0.9999999999999996,2.7266650910134036,0.9999999999999996,0.022897889131178958,0.9999999999999996,0.24306058419695556
48480.0,34.656641149632385,259.2129450679258,68.14653341990075,554.5417890785645,8.125861919201123,0.4861399413486583,103.29836396682603,-1.0265326645667262E-50,299.62628565732695,164.20363791925973,164.20363791925973,0.7071455862873943,9.758383136649726,16.650730327118904,9.913872428920188,1.980985600773696,8.01901594850929,0.0861291203628386,212.48688943404613,0.9999999999999996,2.7266650910134036,0.9999999999999996,2.7266650910134036,0.9999999999999996,0.022897732091764957,0.9999999999999996,0.24306260489051998
48560.0,34.6565356294471,259.2135844523047,68.14644017238038,554.5445412044918,8.125801191523806,0.46848342001708343,103.98342455937691,-1.8739124025444917E-51,299.6240365336263,164.20363791925973,164.20363791925973,0.7071411861892624,9.758456870275632,16.15159462175703,9.913872852707158,1.980997486782257,8.019004062500729,0.0861286965758689,221.95753385591556,0.9999999999999996,2.7266650910134036,0.9999999999999996,2.7266650910134036,0.9999999999999996,0.0228975896143598,0.9999999999999996,0.24306444145370157
48640.0,34.65643972251162,259.21416531493674,68.14635541991647,554.5470414389781,8.125745996507277,0.4526366517295815,104.60605595285183,1.992147052979677E-50,299.6219923187769,164.20363791925973,164.20363791925973,0.7071371925202388,9.75852388566431,15.697949256857926,9.91387323770293,1.9810082900270034,8.018993259255984,0.08612831158009635,231.10381263456892,0.9999999999999996,2.7266650910134036,0.9999999999999996,2.7266650910134036,0.9999999999999996,0.022897460297334936,0.9999999999999996,0.24306611067848108
48720.0,34.65635255180586,259.21469301994796,68.14627838752153,554.5493128694657,8.125695829376909,0.4383973383019516,105.17193663331346,6.2399319669014276E-52,299.62013431783447,164.20363791925973,164.20363791925973,0.7071335666518126,9.758584796208355,15.285661163933637,9.913873587463595,1.9810181092728603,8.018983440010127,0.08612796181943284,239.90094702827548,0.9999999999999996,2.7266650910134036,0.9999999999999996,2.7266650910134036,0.9999999999999996,0.02289734288987962,0.9999999999999996,0.24306762784329145
48800.0,34.656273322703726,259.21517242510083,68.14620837301294,554.5513764041553,8.125650232785228,0.42558905340497005,105.68621653785007,2.4633361672680724E-52,299.6184455923757,164.20363791925973,164.20363791925973,0.7071302741350849,9.758640157454716,14.910980622146576,9.913873905209472,1.9810270340086615,8.018974515274326,0.08612764407355707,248.3292643273984,0.9999999999999996,2.7266650910134036,0.9999999999999996,2.7266650910134036,0.9999999999999996,0.02289723627652107,0.9999999999999996,0.24306900678574145
48880.0,34.65620131172703,259.2156079511444,68.14614473707624,554.5532510704577,8.125608790338013,0.4140569945625807,106.1535886687941,5.664639634224696E-51,299.6169107207319,164.20363791925973,164.20363791925973,0.7071272839126882,9.758690475093879,14.570489463802806,9.913874193871104,1.981035145713096,8.018966403569891,0.08612735541192357,256.37433991650636,0.9999999999999996,2.7266650910134036,0.9999999999999996,2.7266650910134036,0.9999999999999996,0.022897139451606,0.9999999999999996,0.24307026010161104
48960.0,34.6561358609257,259.21600361651696,68.14608689829969,554.5549541643202,8.12557112335891,0.40366523662346193,106.57832429323003,1.2962887315546937E-51,299.6155156781602,164.20363791925973,164.20363791925973,0.7071245679527384,9.758736208939585,14.261075780206342,9.913874456112286,1.9810425184870277,8.018959030795958,0.08612709317074048,264.026511633069,0.9999999999999996,2.7266650910134036,0.9999999999999996,2.7266650910134036,0.9999999999999996,0.02289705150744781,0.9999999999999996,0.2430713992439785
49040.0,34.65607637295828,259.21636306771813,68.14603432882765,554.5565013809106,8.12553688805697,0.39429408875540384,106.96430351197068,-1.347885890265276E-51,299.6142477319432,164.20363791925973,164.20363791925973,0.707122100955955,9.758777776400223,13.979912023982319,9.913874694350211,1.9810492196068643,8.018952329676122,0.08612685493281706,271.2805151342881,0.9999999999999996,2.7266650910134036,0.9999999999999996,2.7266650910134036,0.9999999999999996,0.022896971624842992,0.9999999999999996,0.24307243460968614
49120.0,34.65602230463529,259.21668961912656,68.14598654865584,554.5579069859592,8.125505771809484,0.3858365933540494,107.31505531333015,-9.124662126942054E-53,299.6130953037204,164.20363791925973,164.20363791925973,0.7071198599989239,9.758815557022892,13.724426335417757,9.91387491078188,1.9810553102511317,8.018946239031854,0.08612663850114803,278.1360222483,0.9999999999999996,2.7266650910134036,0.9999999999999996,2.7266650910134036,0.9999999999999996,0.022896899061519798,0.9999999999999996,0.24307337565252402
49200.0,34.65597316216803,259.2169862822664,68.14594312143298,554.5591839417405,8.12547749042787,0.37819959864905645,107.63379067405081,-3.0391111484532014E-52,299.612047868216,164.20363791925973,164.20363791925973,0.7071178243014429,9.758849895823474,13.492277813250091,9.9138751074035,1.9810608460359043,8.018940703247083,0.08612644187952749,284.5952006784853,0.9999999999999996,2.7266650910134036,0.9999999999999996,2.7266650910134036,0.9999999999999996,0.022896833144604747,0.9999999999999996,0.24307423096617603
49280.0,34.655928496482574,259.2172557946647,68.14590365032029,554.560344031236,8.125451785459395,0.371299331695331,107.92342970806611,-3.278632668946157E-52,299.6110958533191,164.20363791925973,164.20363791925973,0.7071159750090987,9.758881106567404,13.281337625567746,9.91387528602964,1.9810658775415957,8.01893567174139,0.08612626325338706,290.66421750692103,0.9999999999999996,2.7266650910134036,0.9999999999999996,2.7266650910134036,0.9999999999999996,0.022896773263582398,0.9999999999999996,0.24307500836593723
49360.0,34.65588789992998,259.2175006401359,68.14586777508451,554.5613979454257,8.125428422293698,0.3650615576185553,108.18662401529936,1.373911355173996E-53,299.610230569948,164.20363791925973,164.20363791925973,0.7071142950349891,9.758909474074414,13.08967245877404,9.913875448306673,1.9810704506836345,8.018931098599351,0.08612610097635623,296.35172961251965,0.9999999999999996,2.7266650910134036,0.9999999999999996,2.7266650910134036,0.9999999999999996,0.022896718865170203,0.9999999999999996,0.24307571494612082
49440.0,34.655851001847815,259.2177230760793,68.1458351681762,554.5623554007843,8.125407187607951,0.35942005693863377,108.4257850437115,-1.1784281544850536E-52,299.6094441174312,164.20363791925973,164.20363791925973,0.7071127688618927,9.758935257322094,12.91552397715286,9.913875595730872,1.9810746072120653,8.018926942070921,0.08612595355215834,301.66871033083106,0.9999999999999996,2.7266650910134036,0.9999999999999996,2.7266650910134036,0.9999999999999996,0.022896669446912685,0.9999999999999996,0.24307635715736176
49520.0,34.65581746515862,259.21792515439535,68.1458055317239,554.5632252292934,8.125387887409016,0.3543156750510219,108.64310603607377,-2.1915889828842668E-54,299.60872931099607,164.20363791925973,164.20363791925973,0.707111382393045,9.758958691823507,12.757292870283845,9.913875729662285,1.9810783850945497,8.018923164188436,0.08612581962074306,306.6279978170004,0.9999999999999996,2.7266650910134036,0.9999999999999996,2.7266650910134036,0.9999999999999996,0.022896624552349466,0.9999999999999996,0.24307694086583867
49600.0,34.65578698364486,259.21810873824745,68.1457785951261,554.5640154505818,8.125370345464775,0.3496955087067363,108.84057956558321,3.176930701749761E-54,299.6080796236707,164.20363791925973,164.20363791925973,0.7071101228335535,9.758979991531708,12.613526120028476,9.913875851335858,1.981081818823164,8.018919730459823,0.08612569794717136,311.24385888770377,0.9999999999999996,2.7266650910134036,0.9999999999999996,2.7266650910134036,0.9999999999999996,0.02289658376717545,0.9999999999999996,0.24307747140071173
49680.0,34.65575927909902,259.21827551957466,68.14575411253324,554.564733347297,8.125354401663856,0.3455122106962688,109.02001601556664,-3.156795888610762E-54,299.6074891255349,164.20363791925973,164.20363791925973,0.70710897856757,9.758999350830921,12.482903542665063,9.913875961873025,1.9810849397353072,8.018916609547679,0.08612558741000506,315.53158655629517,0.9999999999999996,2.7266650910134036,0.9999999999999996,2.7266650910134036,0.9999999999999996,0.0228965467152636,0.9999999999999996,0.24307795360371912
49760.0,34.655734098507885,259.2184270363848,68.14573186035926,554.5653855395356,8.125339910394965,0.3417232867189717,109.18306181496008,2.7256549310158493E-54,299.60695242369644,164.20363791925973,164.20363791925973,0.707107939037877,9.759016946503746,12.364224515292069,9.913876062293188,1.9810877763307626,8.018913772952223,0.08612548698984186,319.5072330694006,0.9999999999999996,2.7266650910134036,0.9999999999999996,2.7266650910134036,0.9999999999999996,0.022896513054765855,0.9999999999999996,0.2430783918781762
49840.0,34.655711212030425,259.218564685166,68.14571163549496,554.5659780382609,8.125326739383022,0.3382906353023308,109.33121257230597,1.2404670924564968E-53,299.60646461918645,164.20363791925973,164.20363791925973,0.7071069946600497,9.75903293914372,12.256398405035787,9.913876153521944,1.9810903544994107,8.018911194783575,0.08612539576108692,323.1872276765703,0.9999999999999996,2.7266650910134036,0.9999999999999996,2.7266650910134036,0.9999999999999996,0.022896482475333692,0.9999999999999996,0.2430787902241601
49920.0,34.65569041091955,259.2186897336409,68.1456932534716,554.5665163001952,8.125314768492895,0.3351798477750838,109.46582634592103,5.597782231062202E-53,299.6060212626537,164.20363791925973,164.20363791925973,0.7071061367343541,9.759047474607202,12.158434961421298,9.913876236399537,1.9810926977551548,8.018908851527831,0.08612531288349391,326.588328840629,0.9999999999999996,2.7266650910134036,0.9999999999999996,2.7266650910134036,0.9999999999999996,0.022896454695265325,0.9999999999999996,0.2430791522746727
50000.0,34.655671505260734,259.2188033346328,68.1456765464623,554.5670052875115,8.125303888428151,0.33236032312744573,109.58813895155343,5.0793414225701925E-53,299.60561830617087,164.20363791925973,164.20363791925973,0.7071053573499512,9.759060685592846,12.069432992722007,9.913876311690048,1.9810948274908946,8.018906721792092,0.08612523759298246,329.72689977055757,0.9999999999999996,2.7266650910134036,0.9999999999999996,2.7266650910134036,0.9999999999999996,0.022896429458403776,0.9999999999999996,0.2430794813349831
50080.0,34.655654321878586,259.218906538907,68.14566136143236,554.5674495230916,8.125293999525965,0.3298042364415186,109.6992769968006,-2.994738494503881E-53,299.60525205860324,164.20363791925973,164.20363791925973,0.7071046492964135,9.759072693104192,11.988571020922507,9.913876380089915,1.9810967632139969,8.018904786068992,0.08612516919311662,332.61936893358455,0.9999999999999996,2.7266650910134036,0.9999999999999996,2.7266650910134036,0.9999999999999996,0.02289640653127176,0.9999999999999996,0.2430797804190573
50160.0,34.65563870366851,259.219000299255,68.14564755954903,554.5678531080958,8.125285011372238,0.3274859345117018,109.80026175446642,4.226998619769274E-53,299.60491917135533,164.20363791925973,164.20363791925973,0.7071040060362064,9.759083606916763,11.915104586603734,9.913876442230642,1.9810985226213278,8.01890302666166,0.08612510705238996,335.2823745489533,0.9999999999999996,2.7266650910134036,0.9999999999999996,2.7266650910134036,0.9999999999999996,0.02289638570218059,0.9999999999999996,0.24308005226119295
50240.0,34.65562450812807,259.21908547947555,68.1456350148828,554.5682197606633,8.125276841957005,0.3253837581517864,109.89202083709341,1.3727431195748973E-53,299.6046166070869,164.20363791925973,164.20363791925973,0.7071034216426915,9.759093526603378,11.848357160650401,9.913876498684727,1.9811001217656814,8.018901427517305,0.0861250505983037,337.73050462411373,0.9999999999999996,2.7266650910134036,0.9999999999999996,2.7266650910134036,0.9999999999999996,0.022896366779222715,0.9999999999999996,0.24308029934155806
50320.0,34.655611605841635,259.21916286367224,68.14562361306918,554.5685528558714,8.125269416801672,0.3234768102700705,109.9753951418116,-4.598991279111103E-53,299.6043416073924,164.20363791925973,164.20363791925973,0.7071028907361584,9.75910254259338,11.78771587101312,9.91387654997187,1.9811015752250978,8.018899974057888,0.08612499931116108,339.9792246312595,0.9999999999999996,2.7266650910134036,0.9999999999999996,2.7266650910134036,0.9999999999999996,0.02289634958820039,0.9999999999999996,0.2430805239125741
50400.0,34.655599879006395,259.219233165274,68.14561325000595,554.5688554645927,8.125262668110732,0.32174653997901953,110.05115032717707,9.284734633902062E-54,299.6040916613836,164.20363791925973,164.20363791925973,0.7071024084216878,9.759110737202299,11.732622623082174,9.913876596564918,1.9811028962696393,8.018898653013347,0.08612495271811417,342.0429955030854,0.9999999999999996,2.7266650910134036,0.9999999999999996,2.7266650910134036,0.9999999999999996,0.022896333970613653,0.9999999999999996,0.24308072802456296
50480.0,34.65558922052297,259.21929703258513,68.14560383104929,554.5691303773995,8.12525653424884,0.3201769378678706,110.11998309863976,7.100020641125165E-53,299.6038644863191,164.20363791925973,164.20363791925973,0.7071019702511737,9.759118185266765,11.682569415517253,9.913876638893543,1.9811040969640967,8.018897452318889,0.0861249103894911,343.93477504017994,0.9999999999999996,2.7266650910134036,0.9999999999999996,2.7266650910134036,0.9999999999999996,0.022896319782430574,0.9999999999999996,0.24308091354156153
50560.0,34.655579533059004,259.2193550545106,68.14559527018609,554.5693801291796,8.125250959201907,0.3187525672475789,110.18252551224647,-1.0463903675386704E-52,299.60365800764737,164.20363791925973,164.20363791925973,0.7071015721841832,9.759124954798667,11.637095686283821,9.913876677348057,1.9811051882727724,8.018896361010214,0.08612487193497576,345.6678842265336,0.9999999999999996,2.7266650910134036,0.9999999999999996,2.7266650910134036,0.9999999999999996,0.02289630689281989,0.9999999999999996,0.24308108215761554
50640.0,34.65557072816547,259.21940776596955,68.14558748925435,554.5696070224202,8.125245892067307,0.31745966452603447,110.23935200766236,-2.2649354359390065E-53,299.6034703401316,164.20363791925973,164.20363791925973,0.7071012105507425,9.759131107603787,11.595782839819217,9.913876712283,1.981106180158976,8.018895369124012,0.08612483700003463,347.25467303775145,0.9999999999999996,2.7266650910134036,0.9999999999999996,2.7266650910134036,0.9999999999999996,0.022896295182945996,0.9999999999999996,0.2430812354121884
50720.0,34.65556272542124,259.21945565309335,68.14558041718561,554.5698131496522,8.125241286563208,0.3162865637977034,110.29098554941417,8.70335188598281E-53,299.60329976966415,164.20363791925973,164.20363791925973,0.7071008820155414,9.759136699877903,11.558249609309845,9.913876744020552,1.9811070816824907,8.018894467600497,0.086124805262484,348.70588312425497,0.9999999999999996,2.7266650910134036,0.9999999999999996,2.7266650910134036,0.9999999999999996,0.022896284544809856,0.9999999999999996,0.24308137470500926
50800.0,34.65555545175873,259.21949915735524,68.14557398940934,554.5700004111601,8.125237100640087,0.3152214004989566,110.33789984624872,-1.0731189757152855E-52,299.6031447388888,164.20363791925973,164.20363791925973,0.707100583549709,9.75914178267811,11.524151025827374,9.913876772853316,1.9811079010742312,8.018893648208756,0.08612477642971912,350.0330233657913,0.9999999999999996,2.7266650910134036,0.9999999999999996,2.7266650910134036,0.9999999999999996,0.022896274880335098,0.9999999999999996,0.24308150130781234
50880.0,34.6555488407622,259.21953867986997,68.14556814723461,554.5701705334775,8.125233296075217,0.31425455311575246,110.38052650679069,1.652620905852142E-52,299.60300383218697,164.20363791925973,164.20363791925973,0.7071003124013281,9.759146402414869,11.493172503558776,9.913876799047138,1.9811086458154774,8.01889290346751,0.08612475023589786,351.2455918693823,0.9999999999999996,2.7266650910134036,0.9999999999999996,2.7266650910134036,0.9999999999999996,0.02289626610041325,0.9999999999999996,0.24308161637659317
50960.0,34.655542832091996,259.2195745848572,68.14556283733828,554.5703250844138,8.125229838144334,0.3133769371159234,110.41925716044547,1.5428311127061412E-53,299.6028757634921,164.20363791925973,164.20363791925973,0.7071000660714983,9.759150601251559,11.465028726665096,9.913876822843404,1.9811093227043566,8.018892226578629,0.08612472643963216,352.3528507766336,0.9999999999999996,2.7266650910134036,0.9999999999999996,2.7266650910134036,0.9999999999999996,0.02289625812412865,0.9999999999999996,0.2430817209615607
51040.0,34.65553737086308,259.21960720348824,68.14555801121865,554.570465489427,8.125226695260965,0.3125800860527806,110.45444771770998,-2.9534548924354273E-54,299.60275936296904,164.20363791925973,164.20363791925973,0.7070998422881996,9.759154417541055,11.439460489678808,9.913876844461608,1.981109937922966,8.018891611360019,0.0861247048214274,353.363674290688,0.9999999999999996,2.7266650910134036,0.9999999999999996,2.7266650910134036,0.9999999999999996,0.02289625087791214,0.9999999999999996,0.2430818160180114
51120.0,34.65553240726173,259.2196368361782,68.14555362485511,554.5705930416452,8.125223838757776,0.3118565957782116,110.48642136489339,9.881246495210112E-55,299.60265356888584,164.20363791925973,164.20363791925973,0.70709963899035,9.759157886092227,11.416232375023142,9.913876864100855,1.9811104970830737,8.018891052199912,0.08612468518218101,354.2859854837571,0.9999999999999996,2.7266650910134036,0.9999999999999996,2.7266650910134036,0.9999999999999996,0.022896244295024848,0.9999999999999996,0.24308190241296757
51200.0,34.655527895832634,259.2196637569398,68.1455496380786,554.5707089205357,8.125221242475556,0.31119965943708483,110.51547286378417,-3.221238220494226E-54,299.60255741240354,164.20363791925973,164.20363791925973,0.7070994542980293,9.75916103866853,11.395129710536429,9.913876881942748,1.9811110053052359,8.018890543977749,0.08612466734028754,355.12722945677604,0.9999999999999996,2.7266650910134036,0.9999999999999996,2.7266650910134036,0.9999999999999996,0.022896238314594003,0.9999999999999996,0.24308198093759584
51280.0,34.65552379516805,259.21968821527145,68.14554601429693,554.570814200046,8.125218882584528,0.31060309499113425,110.54187065493029,-1.4402928431080027E-54,299.602470010958,164.20363791925973,164.20363791925973,0.7070992864995054,9.759163904205005,11.375957013385536,9.913876898152647,1.9811114672540393,8.018890082028946,0.08612465113038895,355.89429866462075,0.9999999999999996,2.7266650910134036,0.9999999999999996,2.7266650910134036,0.9999999999999996,0.022896232881192843,0.9999999999999996,0.24308205231261262
51360.0,34.65552006800935,259.21971043555453,68.14554272058442,554.5709098460112,8.125216737642617,0.3100613500373019,110.56585619690624,1.1893038239129883E-55,299.60239057041537,164.20363791925973,164.20363791925973,0.7070991340553688,9.759166508737541,11.358538472521138,9.913876912879262,1.9811118871267352,8.01888966215625,0.08612463640377374,356.5934812049442,0.9999999999999996,2.7266650910134036,0.9999999999999996,2.7266650910134036,0.9999999999999996,0.022896227944974524,0.9999999999999996,0.24308211718652195
51440.0,34.655516680475735,259.2197306217347,68.14553972700051,554.5709967363015,8.125214788151672,0.3095693881915291,110.58764899474139,7.175423571022409E-56,299.60231836863784,164.20363791925973,164.20363791925973,0.7070989955664173,9.759168875941683,11.342714278876459,9.91387692625776,1.981112268740033,8.01888928054295,0.0861246230252747,357.23056998879144,0.9999999999999996,2.7266650910134036,0.9999999999999996,2.7266650910134036,0.9999999999999996,0.02289622346063216,0.9999999999999996,0.24308217614903618
51520.0,34.65551360163498,259.21974895992815,68.14553700621026,554.5710756720418,8.125213016310473,0.30912262039708543,110.6074493942965,-1.0499426573825649E-55,299.6022527463356,164.20363791925973,164.20363791925973,0.7070988697557714,9.759171027432519,11.328338587179404,9.913876938411494,1.98111261557848,8.018888933704504,0.0861246108715414,357.8109206379494,0.9999999999999996,2.7266650910134036,0.9999999999999996,2.7266650910134036,0.9999999999999996,0.022896219386819752,0.9999999999999996,0.24308222973854582
51600.0,34.65551080323596,259.2197656200486,68.14553453324795,554.571147384614,8.125211405860743,0.30871686303846524,110.62544032664252,-4.7365116999449295E-55,299.6021931013634,164.20363791925973,164.20363791925973,0.7070987554577143,9.759172982951668,11.315278243054598,9.913876949453075,1.981112930824604,8.01888861845838,0.08612459982996203,358.33948051246847,0.9999999999999996,2.7266650910134036,0.9999999999999996,2.7266650910134036,0.9999999999999996,0.022896215685790797,0.9999999999999996,0.24308227844677666
51680.0,34.65550825975112,259.2197807555475,68.1455322855548,554.5712125345406,8.125209942111615,0.30834834386653365,110.64178702948091,-3.4906708224039364E-57,299.6021388896273,164.20363791925973,164.20363791925973,0.7070986516194707,9.759174760337544,11.303412986658062,9.9138769594842,1.9811132173541177,8.018888331928865,0.0861245897988352,358.82075980071227,0.9999999999999996,2.7266650910134036,0.9999999999999996,2.7266650910134036,0.9999999999999996,0.0228962123234559,0.9999999999999996,0.24308232271804933
51760.0,34.65550594797614,259.21979450584774,68.14553024262497,554.5712717219592,8.125208611709182,0.30801363804552073,110.6566396558441,1.396278552384318E-56,299.6020896165488,164.20363791925973,164.20363791925973,0.7070985572845101,9.759176375805206,11.292633549594107,9.913876968597279,1.9811134777810326,8.01888807150195,0.08612458068575703,359.2588963203323,0.9999999999999996,2.7266650910134036,0.9999999999999996,2.7266650910134036,0.9999999999999996,0.022896209268842116,0.9999999999999996,0.24308236295624994
51840.0,34.65550384671372,259.2198069982604,68.14552838572635,554.5713254948715,8.125207402454626,0.30770962174168404,110.67013533315237,3.6799905107193786E-56,299.6020448303299,164.20363791925973,164.20363791925973,0.7070984715794004,9.759177844167134,11.282840152599439,9.913876976876685,1.9811137144932514,8.018887834789732,0.08612457240635127,359.65770165632875,0.9999999999999996,2.7266650910134036,0.9999999999999996,2.7266650910134036,0.9999999999999996,0.022896206493667276,0.9999999999999996,0.24308239953032887
51920.0,34.655501936947495,259.21981834692895,68.14552669805407,554.5713743446016,8.1252063034042,0.30743349821953797,110.68239703055592,-1.1610727206288978E-56,299.60200412565536,164.20363791925973,164.20363791925973,0.7070983937210465,9.759179178711873,11.273943332135586,9.913876984398067,1.9811139296330025,8.01888761964998,0.0861245648849684,360.0206147721668,0.9999999999999996,2.7266650910134036,0.9999999999999996,2.7266650910134036,0.9999999999999996,0.02289620397257436,0.9999999999999996,0.2430824327712783
52000.0,34.65550020121264,259.21982865664836,68.14552516417437,554.5714187222338,8.125205304507046,0.30718270116192864,110.6935376577115,-4.259909676182218E-58,299.6019671302798,164.20363791925973,164.20363791925973,0.7070983229904899,9.759180391643763,11.265860950457512,9.913876991230882,1.9811141251677344,8.018887424115249,0.08612455805215467,360.3508180604232,0.9999999999999996,2.7266650910134036,0.9999999999999996,2.7266650910134036,0.9999999999999996,0.022896201682283124,0.9999999999999996,0.24308246298308503
52080.0,34.65549862355878,259.2198380230864,68.14552376999178,554.5714590395633,8.125204396583882,0.30695488925390324,110.70366030325435,-2.7305537400194968E-58,299.6019335042368,164.20363791925973,164.20363791925973,0.7070982587313928,9.759181494108853,11.258518022440006,9.91387699743853,1.9811143028942846,8.018887246388699,0.08612455184450575,360.65123631793284,0.9999999999999996,2.7266650910134036,0.9999999999999996,2.7266650910134036,0.9999999999999996,0.022896199601541028,0.9999999999999996,0.2430824904433756
52160.0,34.655497189686095,259.21984653195864,68.14552250286947,554.5714956655479,8.125203571405306,0.30674796705451,110.71285734952247,6.237713123724663E-57,299.60190294274065,164.20363791925973,164.20363791925973,0.7070982003556943,9.759182496099793,11.251847361055443,9.913877003077822,1.9811144644235552,8.01888708485943,0.08612454620521301,360.9245023288075,0.9999999999999996,2.7266650910134036,0.9999999999999996,2.7266650910134036,0.9999999999999996,0.022896197711306354,0.9999999999999996,0.24308251540104786
52240.0,164.23604688036147,46.62509300247343,142.21077182715015,14.083524561616365,222.61003427091237,0.35582203283323055,108.72296259827895,649.1398190789371,0.005825336158146419,164.20363791925973,164.20363791925973,4.657419097934543,7.860423598548111,12.672028029032218,7.45112355190123,0.08936894266410488,9.910632606618897,2.5488779973818247,305.55432931618395,0.9999999999999996,2.7266650910134036,0.9999999999999996,2.7266650910134036,0.9999999999999996,0.15080958831047978,0.9999999999999996,0.1957880735621498
52320.0,164.28790672517624,46.61892833167316,142.2331258491158,14.079041334613343,222.74945011098134,0.7424413099947244,94.62358703202567,648.9324800201902,2.4394631262197145E-12,164.20363791925973,164.20363791925973,10.698196137351415,5.105724663305754,22.93079523454249,7.45051786339763,0.08931348351712123,9.910688065765887,2.5494836858854226,127.44924852403224,0.9999999999999996,2.7266650910134036,0.9999999999999996,2.7266650910134036,0.9999999999999996,0.34641300712109696,0.9999999999999996,0.1271738072935448
52400.0,164.33289459455744,46.61366617209406,142.25217249146485,14.074967930630738,222.87219635864136,1.6325896120899848,72.67728045096143,648.7438988346487,-1.9462527507209292E-14,164.20363791925973,164.20363791925973,14.498170613551121,3.3735769839556404,38.875518499717714,7.449967339394485,0.08926473080925786,9.910736818473751,2.5500342098885675,44.51656430541812,0.9999999999999996,2.7266650910134036,0.9999999999999996,2.7266650910134036,0.9999999999999996,0.4694581044798794,0.9999999999999996,0.08402933129765217
52480.0,164.37375716277444,46.60888389420201,142.26947037596153,14.071266400296311,222.98371617227608,3.6066973165189093,47.818502871759804,648.572533811678,-3.1687833676533616E-15,164.20363791925973,164.20363791925973,16.88905057558486,2.2843810412178596,56.70218529407212,7.449466867889739,0.08922048317332881,9.910781066109681,2.5505346813933154,13.25825226662297,0.9999999999999996,2.7266650910134036,0.9999999999999996,2.7266650910134036,0.9999999999999996,0.5468760080853307,0.9999999999999996,0.05689954971695857
52560.0,164.41087342564984,46.60453777660712,142.28518055106684,14.067902792965414,223.085035839771,8.82637479520814,24.83196784711185,648.4168131808266,-2.303965251576111E-20,164.20363791925973,164.20363791925973,18.39379850875974,1.5994574210647892,72.3068326496981,7.449011915169487,0.08918032065822097,9.910821228624785,2.5509896341135647,2.8133824388007165,0.9999999999999996,2.7266650910134036,0.9999999999999996,2.7266650910134036,0.9999999999999996,0.595600507972787,0.9999999999999996,0.03983941619543274
52640.0,164.44458743797705,46.60058807380582,142.29944914960925,14.064846257507694,223.1770879219569,22.609932712868268,10.581209722294108,648.2753086660856,6.10684929468947E-28,164.20363791925973,164.20363791925973,19.341248025060704,1.1687321495078153,79.2266719747166,7.448598355195358,0.08914386309620458,9.910857686186796,2.5514031940876913,0.4679894388306558,0.9999999999999996,2.7266650910134036,0.9999999999999996,2.7266650910134036,0.9999999999999996,0.6262794029774641,0.9999999999999996,0.029110875920802966
52720.0,164.47521154558564,46.59699865718297,142.3124087804245,14.062068760314528,223.2607197666747,44.28809611228465,5.273937750198799,648.1467224307784,1.3032208110260743E-32,164.20363791925973,164.20363791925973,19.93816564732722,0.8978453586621711,77.48117547850157,7.448222433597124,0.08911076623457011,9.910890783048433,2.551779115685924,0.11908251230370484,0.9999999999999996,2.7266650910134036,0.9999999999999996,2.7266650910134036,0.9999999999999996,0.6456078977889372,0.9999999999999996,0.022363605590117738
52800.0,164.50302934318483,46.593736684873015,142.32417979962912,14.059544826384958,223.33670133026595,67.72660112567664,3.2413880462596882,648.0298750909253,-3.382759819693914E-35,164.20363791925973,164.20363791925973,20.314575270350726,0.7274637761797936,72.8594364611575,7.447880734405444,0.08908071823197238,9.910920831051033,2.552120814877602,0.04785989540867137,0.9999999999999996,2.7266650910134036,0.9999999999999996,2.7266650910134036,0.9999999999999996,0.657796231947968,0.9999999999999996,0.01811972720538834
52880.0,164.52829832298298,46.590772305098,142.33487144748904,14.057251306933486,223.4057322008728,90.47960395280083,2.2522977808734437,647.9236949564563,4.896799645119951E-39,164.20363791925973,164.20363791925973,20.552237401268783,0.6202819400960076,67.64791204935017,7.447570150057633,0.08905343654488027,9.910948112738122,2.552431399225415,0.024892878422062576,0.9999999999999996,2.7266650910134036,0.9999999999999996,2.7266650910134036,0.9999999999999996,0.6654918520686994,0.9999999999999996,0.015450033270372587
52960.0,164.55125229388977,46.58807838412529,142.34458288529473,14.05516716655654,223.468448033208,111.85914860035834,1.6826808799249726,647.8272081779164,3.4355223454567524E-43,164.20363791925973,164.20363791925973,20.70257023421167,0.552842514517062,62.48670652773383,7.447287853789669,0.08902866510781861,9.91097288417519,2.552713695493377,0.01504285434834413,0.9999999999999996,2.7266650910134036,0.9999999999999996,2.7266650910134036,0.9999999999999996,0.6703597053086449,0.9999999999999996,0.013770246545051754
53040.0,164.5721035695562,46.58563025941421,142.353404132026,14.05327329030901,223.52542638325087,131.67421373698,1.3172630445556086,647.7395298149157,-1.9526578492367126E-44,164.20363791925973,164.20363791925973,20.79791192528488,0.5103959009016852,57.58434213533642,7.447031274507856,0.08900617180098251,9.910995377482024,2.5529702747751895,0.01000395603034964,0.9999999999999996,2.7266650910134036,0.9999999999999996,2.7266650910134036,0.9999999999999996,0.6734469175343928,0.9999999999999996,0.012712982823217912
53120.0,164.59104495187103,46.583405515153125,142.36141691249782,14.051552308451056,223.57719200997235,149.90774994518034,1.0651566236293224,647.65985572265,5.583069400549769E-48,164.20363791925973,164.20363791925973,20.858602254865772,0.4836680161620398,53.01211878382932,7.446798073874855,0.08898574616963985,9.911015803113365,2.553203475408195,0.007105413989729276,0.9999999999999996,2.7266650910134036,0.9999999999999996,2.7266650910134036,0.9999999999999996,0.6754121011320169,0.9999999999999996,0.012047242485186647
53200.0,164.60825153191013,46.58138377787505,142.36869542665215,14.049988437015205,223.62422169956844,166.61504099334468,0.8819868295776062,647.5874551708287,-7.269769510919953E-49,164.20363791925973,164.20363791925973,20.89743726394918,0.46682712798044,48.78815816996891,7.446586125391057,0.0889671973660297,9.911034351916975,2.553415423891991,0.005293560679271667,0.9999999999999996,2.7266650910134036,0.9999999999999996,2.7266650910134036,0.9999999999999996,0.6766695983872025,0.9999999999999996,0.011627768265659848
53280.0,164.62388232976082,46.57954652985815,142.3753070493397,14.048567332369547,223.66694866698353,181.88305700121654,0.7436876635353813,647.5216641105651,6.149259709812204E-51,164.20363791925973,164.20363791925973,20.922469453640538,0.45620582506852053,44.90735622034528,7.446393495249846,0.08895035228605422,9.911051196996949,2.5536080540332025,0.004088823202099617,0.9999999999999996,2.7266650910134036,0.9999999999999996,2.7266650910134036,0.9999999999999996,0.6774801533624973,0.9999999999999996,0.011363211984465426
53360.0,164.63808174866705,46.57787694336342,142.38131295046284,14.047275962094218,223.7057664643717,195.81143228323032,0.6361374647151533,647.4618791965062,-3.274902174645838E-52,164.20363791925973,164.20363791925973,20.938766687788902,0.44949826272893934,41.35399315315568,7.446218425303122,0.08893505392340123,9.9110664953596,2.5537831239799265,0.0032487248435781623,0.9999999999999996,2.7266650910134036,0.9999999999999996,2.7266650910134036,0.9999999999999996,0.6780078660550494,0.9999999999999996,0.011196139473385082
53440.0,164.65098095720992,46.576359722556326,142.38676868375543,14.046102481964681,223.74103270486773,208.5028347033695,0.550529021332755,647.407552091676,2.560363300042406E-52,164.20363791925973,164.20363791925973,20.94952088835103,0.44525418256965177,38.10765898538106,7.446059316770457,0.0889211598155126,9.911080389467488,2.5539422325125902,0.0026403910628648077,0.9999999999999996,2.7266650910134036,0.9999999999999996,2.7266650910134036,0.9999999999999996,0.6783560925137984,0.9999999999999996,0.011090427577834855
53520.0,164.66269908289175,46.57498096687626,142.39172469504607,14.045036129657971,223.7730722806528,220.05787626689934,0.4810965036971442,647.3581845465297,-2.20184931104896E-52,164.20363791925973,164.20363791925973,20.9567433165374,0.4425616198147548,35.14625509588281,7.44591471614633,0.08890854070450019,9.9110930085785,2.5540868331367172,0.0021862271501413635,0.9999999999999996,2.7266650910134036,0.9999999999999996,2.7266650910134036,0.9999999999999996,0.6785899583949836,0.9999999999999996,0.011023361004625766
53600.0,164.67334432742408,46.573728043063426,142.39622679679007,14.044067125264423,223.80218037496638,230.57248877099155,0.42391260083907895,647.3133237930715,2.462590853972326E-52,164.20363791925973,164.20363791925973,20.96170327014506,0.44084672088662913,32.44756340298989,7.445783301973804,0.08889707929185969,9.911104469991141,2.5542182473092447,0.001838522033129963,0.9999999999999996,2.7266650910134036,0.9999999999999996,2.7266650910134036,0.9999999999999996,0.6787505642038837,0.9999999999999996,0.010980646161935413
53680.0,164.68301496915262,46.57258946994881,142.40031659434703,14.043186581764692,223.8286251725386,240.13665858928255,0.3762130114318693,647.2725584003101,1.4437946760264111E-52,164.20363791925973,164.20363791925973,20.965202466075446,0.439748554678206,29.990072385743645,7.4456638729203855,0.08888666912315382,9.91111488015985,2.554337676362663,0.0015666621399747418,0.9999999999999996,2.7266650910134036,0.9999999999999996,2.7266650910134036,0.9999999999999996,0.6788638699396533,0.9999999999999996,0.010953292948243732
53760.0,164.69180027566358,46.57155481341355,142.40403187387102,14.042386423444919,223.85265032963173,248.83392844543127,0.3359969848192734,647.2355144972095,1.7843023006099137E-53,164.20363791925973,164.20363791925973,20.96774849884145,0.43903998483400763,27.75339975991288,7.445555336893704,0.08887721357580956,9.911124335707191,2.554446212389345,0.0013502860599371876,0.9999999999999996,2.7266650910134036,0.9999999999999996,2.7266650910134036,0.9999999999999996,0.6789463117696009,0.9999999999999996,0.010935643832640668
53840.0,164.69978132562463,46.57061459166668,142.40740695142196,14.041659312353115,223.8744772005204,256.7413360221555,0.30178238210691466,647.2018523680388,9.664089487367712E-55,164.20363791925973,164.20363791925973,20.96966359965718,0.43857806878543043,25.71848754506067,7.445456701214697,0.08886862494842707,9.911132924334574,2.554544848068352,0.001175433558080699,0.9999999999999996,2.7266650910134036,0.9999999999999996,2.7266650910134036,0.9999999999999996,0.6790083237035756,0.9999999999999996,0.010924138389942254
53920.0,164.70703176766435,46.56976018763522,142.41047299524203,14.040998580312792,223.89430689582733,263.92960783170736,0.2724473688769845,647.1712633047156,1.7086754749239617E-56,164.20363791925973,164.20363791925973,20.971153316743866,0.43827274718698983,23.86766688306306,7.445367063516983,0.08886082362627527,9.911140725656722,2.554634485766066,0.001032272851519972,0.9999999999999996,2.7266650910134036,0.9999999999999996,2.7266650910134036,0.9999999999999996,0.679056561497044,0.9999999999999996,0.010916533414609034
54000.0,164.713618513238,46.56898376888764,142.41325831980623,14.040398166797436,223.91232216299682,270.46349107386476,0.24712795851705724,647.1434667308101,-9.284504485600375E-57,164.20363791925973,164.20363791925973,20.972349613577205,0.4380672067445255,22.184645865760395,7.445285603421457,0.08885373731672103,9.911147811966277,2.5547159458615916,9.137202124244027E-4,0.9999999999999996,2.7266650910134036,0.9999999999999996,2.7266650910134036,0.9999999999999996,0.6790952981941586,0.9999999999999996,0.010911413796465728
54080.0,45.61195629735633,61.17718403235257,77.20221200407873,27.152582955028254,15.473223173971794,272.6925231886951,0.24173349754302237,625.7480241287737,285.27634013094956,164.20363791925973,164.20363791925973,17.80888508972741,2.3566442489547597,21.822296915158756,8.493065878038681,1.1483458930004673,8.851655656282533,1.5069356712443707,8.864691070966768E-4,0.9999999999999996,2.7266650910134036,0.9999999999999996,2.7266650910134036,0.9999999999999996,0.576660715339425,0.9999999999999996,0.05869948760260158
54160.0,45.60743209274774,61.179712205016834,77.19867700255448,27.155151315412745,15.469806427226182,269.15957860323687,0.26123649350445904,625.8074764065207,285.21307507378043,164.20363791925973,164.20363791925973,15.790391519690983,3.5820359618704662,23.24579514811519,8.493187038780484,1.1485705441702374,8.851431005112763,1.5068145105025683,9.70563614566892E-4,0.9999999999999996,2.7266650910134036,0.9999999999999996,2.7266650910134036,0.9999999999999996,0.5113008716355284,0.9999999999999996,0.08922164456054262
54240.0,45.603332970750486,61.18200928704489,77.19547977318375,27.157485008878812,15.466701338261899,262.4552065674845,0.29564105328109347,625.8614966302998,285.1555736676421,164.20363791925973,164.20363791925973,14.520889823130405,4.352905432767896,25.640201373787775,8.493297112336942,1.1487747814213,8.851226767861704,1.5067044369461078,0.0011264438497815665,0.9999999999999996,2.7266650910134036,0.9999999999999996,2.7266650910134036,0.9999999999999996,0.47019376398814894,0.9999999999999996,0.1084225243582623
54320.0,45.59960598940616,61.18409641722912,77.19257194193239,27.159605476403364,15.463879643967706,254.1682325866305,0.3394022998078156,625.9105811074721,285.1033211958853,164.20363791925973,164.20363791925973,13.722353683489441,4.837955616389629,28.5062356753924,8.493397114683255,1.1489604412574168,8.851041108025585,1.5066044345997964,0.0013353450836627824,0.9999999999999996,2.7266650910134036,0.9999999999999996,2.7266650910134036,0.9999999999999996,0.444336759510347,0.9999999999999996,0.12050419398352363
54400.0,45.596220047969176,61.185992786957414,77.18993064009832,27.161532199862567,15.461315442545253,245.26015056339395,0.3891165289885502,625.9551808073641,285.05583637293694,164.20363791925973,164.20363791925973,13.219968227289142,5.143263463471883,31.542558767452437,8.493487968441496,1.1491292109846483,8.850872338298354,1.5065135808415555,0.001586546074014469,0.9999999999999996,2.7266650910134036,0.9999999999999996,2.7266650910134036,0.9999999999999996,0.42806926409505586,0.9999999999999996,0.1281088267967836
54480.0,45.5931424227909,61.18771583706557,77.18752955665873,27.16328288128175,15.45898526371056,236.30122625647536,0.4425343802933925,625.9957054936651,285.0126853770123,164.20363791925973,164.20363791925973,12.90381848476767,5.335526237006807,34.57133283782326,8.493570511508263,1.149282621215936,8.850718928067067,1.506431037774787,0.0018727553271902064,0.9999999999999996,2.7266650910134036,0.9999999999999996,2.7266650910134036,0.9999999999999996,0.4178321753745515,0.9999999999999996,0.1328977236769812
54560.0,45.59034546343964,61.18928141181437,77.18534736848098,27.16487360499953,15.456867721386274,227.6187791052425,0.49808844219070625,626.0325274895539,284.97347235134316,164.20363791925973,164.20363791925973,12.704801559195595,5.456677307622602,37.491376268762906,8.4936455048601,1.1494220671759925,8.850579482107008,1.50635604442295,0.0021882572437505634,0.9999999999999996,2.7266650910134036,0.9999999999999996,2.7266650910134036,0.9999999999999996,0.41138790656789576,0.9999999999999996,0.13591536444766938
54640.0,45.587803604601156,61.19070390712638,77.18336415686528,27.16631898621257,15.454943434016474,219.39036141610651,0.55464252915523,626.065985102761,284.93783786205563,164.20363791925973,164.20363791925973,12.579451194493382,5.533094175733026,40.24870026975985,8.493713639682946,1.1495488164290724,8.85045273285393,1.5062879096001043,0.0025281080060908776,0.9999999999999996,2.7266650910134036,0.9999999999999996,2.7266650910134036,0.9999999999999996,0.40732899829749925,0.9999999999999996,0.13781876204544724
54720.0,45.585493589046784,61.19199640189274,77.18156178988659,27.167632304580682,15.453194752783787,211.70185003572354,0.6113500818871872,626.0963857321065,284.90545533414075,164.20363791925973,164.20363791925973,12.500437005547568,5.581363277960802,42.81813503421919,8.493775543753609,1.1496640230986097,8.850337526184392,1.5062260055294416,0.0028877880934154573,0.9999999999999996,2.7266650910134036,0.9999999999999996,2.7266650910134036,0.9999999999999996,0.40477047885678813,0.9999999999999996,0.13902105278961227
54800.0,45.583394279956565,61.19317077895517,77.17992378781148,27.168825626334126,15.45160565360911,204.58380840309246,0.6675684228921378,626.1240086857553,284.87602798792625,164.20363791925973,164.20363791925973,12.450579930749253,5.611911254726386,45.19183117702047,8.49383178729397,1.1497687362211677,8.850232813061833,1.5061697619890808,0.003263055996967387,0.9999999999999996,2.7266650910134036,0.9999999999999996,2.7266650910134036,0.9999999999999996,0.40315608153359406,0.9999999999999996,0.13978194429210836
54880.0,45.5814864655491,61.19423783463913,77.1784351704993,27.169909915413626,15.450161572713311,198.034256667841,0.7228041462963332,626.1491077565175,284.849286128095,164.20363791925973,164.20363791925973,12.419069297813376,5.631300343879682,47.372063952189045,8.493882888270425,1.1498639099683232,8.850137639314676,1.5061186610126256,0.0036498945104668353,0.9999999999999996,2.7266650910134036,0.9999999999999996,2.7266650910134036,0.9999999999999996,0.4021357512861895,0.9999999999999996,0.14026488930974707
54960.0,45.57975268460876,61.195207378394024,77.17708232193822,27.170895134034833,15.448849275549213,192.03264746065196,0.7766762107501861,626.171913549107,284.82498467297194,164.20363791925973,164.20363791925973,12.399107902741935,5.643657297338942,49.36682270565789,8.493929317189384,1.1499504120508746,8.850051137232125,1.5060722320936681,0.0040445008753489655,0.9999999999999996,2.7266650910134036,0.9999999999999996,2.7266650910134036,0.9999999999999996,0.4014893912078874,0.9999999999999996,0.14057267731665965
55040.0,45.57817706664129,61.196088322350384,77.17585286524947,27.17179033417378,15.44765673537501,186.5485348483035,0.8288920199627909,626.1926355984377,284.80290090919266,164.20363791925973,164.20363791925973,12.386421788591997,5.651577622406588,51.187079167249784,8.493971501459205,1.1500290314422499,8.84997251784075,1.5060300478238449,0.004443304905272103,0.9999999999999996,2.7266650910134036,0.9999999999999996,2.7266650910134036,0.9999999999999996,0.40107860840909215,0.9999999999999996,0.1407699574209109
55120.0,45.57674518753343,61.1968887644893,77.17473555110249,27.172603740879403,15.446573022975787,181.5468716109794,0.879229297203316,626.2114642973279,284.78283244602846,164.20363791925973,164.20363791925973,12.378321476077444,5.65669521724152,52.84512378625623,8.494009829348238,1.1501004855948818,8.849901063688117,1.5059917199348136,0.004842987870853199,0.9999999999999996,2.7266650910134036,0.9999999999999996,2.7266650910134036,0.9999999999999996,0.4008163161889121,0.9999999999999996,0.14089742689140966
55200.0,45.57544393846002,61.197616061753216,77.1737201551652,27.173342827246913,15.445588207137096,176.99115561329612,0.9275237922932387,626.228572632672,284.7645953748479,164.20363791925973,164.20363791925973,12.373118434624448,5.660036455511669,54.35358159602738,8.494044653554683,1.1501654267484944,8.849836122534503,1.5059568957283698,0.005240509273354675,0.9999999999999996,2.7266650910134036,0.9999999999999996,2.7266650910134036,0.9999999999999996,0.4006478390725116,0.9999999999999996,0.1409806507273802
55280.0,45.57426140638248,61.19827689815671,77.17279738528434,27.17401438310046,15.444693263632814,172.84532172701276,0.9736592785540878,626.2441177749891,284.7480225826431,164.20363791925973,164.20363791925973,12.369750025074389,5.662247775479312,55.724824983760435,8.494076294466646,1.150224447866106,8.849777101416892,1.5059252548164077,0.005633124858836845,0.9999999999999996,2.7266650910134036,0.9999999999999996,2.7266650910134036,0.9999999999999996,0.4005387682659504,0.9999999999999996,0.14103573046590398
55360.0,45.57318676121478,61.198877348465615,77.17195879358174,27.17462457963862,15.443879989492773,169.074828362348,1.017559388216209,626.2582425748711,284.73296216469873,164.20363791925973,164.20363791925973,12.367538328170356,5.66374203046068,56.97064103887589,8.49410504322954,1.1502780881837233,8.849723461099275,1.5058965060535119,0.006018396694956005,0.9999999999999996,2.7266650910134036,0.9999999999999996,2.7266650910134036,0.9999999999999996,0.4004671524004783,0.9999999999999996,0.14107294949113144
55440.0,45.57221016199013,61.19942293119791,77.17119670337217,27.17517902322208,15.443140931673446,165.647105065151,1.0591827759085066,626.2710768080805,284.7192761036149,164.20363791925973,164.20363791925973,12.366063201604375,5.664775526463209,58.10209869801871,8.49413116429843,1.1503268378311515,8.849674711451847,1.5058703849846222,0.006394212416159747,0.9999999999999996,2.7266650910134036,0.9999999999999996,2.7266650910134036,0.9999999999999996,0.400419387055457,0.9999999999999996,0.14109869189404808
55520.0,45.5713226659677,61.19991865994497,77.17050413836448,27.175682807436267,15.442469318009689,162.53184619614737,1.0985168618006225,626.2827383806779,284.70683899068104,164.20363791925973,164.20363791925973,12.36506160080073,5.66550912342874,59.12946564304406,8.494154897905416,1.150371142321185,8.849630406961813,1.5058466513776358,0.006758779202414927,0.9999999999999996,2.7266650910134036,0.9999999999999996,2.7266650910134036,0.9999999999999996,0.4003869547143529,0.9999999999999996,0.1411169643872352
55600.0,45.57051614474807,61.20036909067434,77.16987475729988,27.176140561099615,15.441858993539023,159.7011044016295,1.1355737683325786,626.2933344403347,284.6955368467088,164.20363791925973,164.20363791925973,12.364363533035457,5.666047107605812,60.06218694756271,8.494176462333295,1.1504114066961066,8.849590142586893,1.5058250869497583,0.007110619382297722,0.9999999999999996,2.7266650910134036,0.9999999999999996,2.7266650910134036,0.9999999999999996,0.4003643509267014,0.9999999999999996,0.14113036454109654
55680.0,45.569783211025545,61.20077836306278,77.16930279687254,27.176556490212903,15.4413043648554,157.12921746586878,1.1703866411907797,626.3029623473205,284.68526609156163,164.20363791925973,164.20363791925973,12.363860974669453,5.666456061547101,60.90891578162138,8.494196055902817,1.1504479991477903,8.849553550135209,1.5058054933802334,0.00744856150922414,0.9999999999999996,2.7266650910134036,0.9999999999999996,2.7266650910134036,0.9999999999999996,0.40034807783237913,0.9999999999999996,0.1411405507992971
55760.0,45.56911715153807,61.2011502381509,77.1687830194841,27.176934416192243,15.440800349385887,154.7926891677351,1.2030045243727072,626.3117105597346,284.6759326048223,164.20363791925973,164.20363791925973,12.363487685267334,5.6667771213716005,61.6775593107261,8.494213858777442,1.1504812543510168,8.849520294931983,1.5057876905056107,0.007771714096065079,0.9999999999999996,2.7266650910134036,0.9999999999999996,2.7266650910134036,0.9999999999999996,0.40033599053255264,0.9999999999999996,0.14114854778365157
55840.0,45.568511865834424,61.20148813325924,77.168310665443,27.177277811276163,15.440342328421332,152.67007665711603,1.2334918886373352,626.3196594522705,284.66745085619107,164.20363791925973,164.20363791925973,12.363201608104076,5.667036664031961,62.37531901607261,8.494230034654953,1.150511476441404,8.849490072841594,1.5057715146280997,0.008079460727642476,0.9999999999999996,2.7266650910134036,0.9999999999999996,2.7266650910134036,0.9999999999999996,0.4003267272091736,0.9999999999999996,0.14115501249345278
55920.0,45.5679618088639,61.20179515344448,77.16788140842677,27.177589830541155,15.439926104617923,150.7418457352492,1.261922491019368,626.326882059205,284.6597431179426,164.20363791925973,164.20363791925973,12.362974829617494,5.667252407285965,63.008744712574014,8.494244732243596,1.150538941996496,8.849462607286503,1.5057568170394557,0.008371414618577159,0.9999999999999996,2.7266650910134036,0.9999999999999996,2.7266650910134036,0.9999999999999996,0.4003193840069666,0.9999999999999996,0.14116038624405997
56000.0,45.5674619418955,61.2020741201159,77.16749131689473,27.177873340870818,15.4395478635749,148.990215820453,1.2883798142976768,626.3334447425927,284.65273875421036,164.20363791925973,164.20363791925973,12.362789491421337,5.667435897107127,63.58378699081781,8.494258086678625,1.150563902294145,8.849437646988854,1.505743462604426,0.008647412229070759,0.9999999999999996,2.7266650910134036,0.9999999999999996,2.7266650910134036,0.9999999999999996,0.4003133826623435,0.9999999999999996,0.1411649566235253
56080.0,45.56700768312633,61.20232759808412,77.16713681598264,27.17813094847949,15.439204137285303,147.39900578530631,1.3129529127618456,626.3394078316613,284.6463735431145,164.20363791925973,164.20363791925973,12.362634095401352,5.6675947562859434,64.10585236805309,8.494270220778809,1.1505865859486035,8.849414963334397,1.5057313285042428,0.008907474685916296,0.9999999999999996,2.7266650910134036,0.9999999999999996,2.7266650910134036,0.9999999999999996,0.40030835086054384,0.9999999999999996,0.14116891350093758
56160.0,45.56659487079006,61.20255791717038,77.16681465800423,27.178365020814617,15.438891775096263,145.95351038972018,1.3357345530946425,626.3448261262143,284.64058914102054,164.20363791925973,164.20363791925973,12.362501152760549,5.667734116188077,64.57984645184662,8.49428124614628,1.150607200445435,8.849394348837563,1.5057203031367727,0.00915178093029766,0.9999999999999996,2.7266650910134036,0.9999999999999996,2.7266650910134036,0.9999999999999996,0.4003040461105295,0.9999999999999996,0.14117238468877222
56240.0,45.566219724372274,61.20276719250986,77.16652189339217,27.17857770724812,15.438607916186925,144.64037778361322,1.3568203599943,626.3497493816608,284.6353325694991,164.20363791925973,164.20363791925973,12.362385657254602,5.6678575482065545,65.01021598378075,8.494291264034835,1.1506259345617265,8.849375614721271,1.5057102852482183,0.00938064723547769,0.9999999999999996,2.7266650910134036,0.9999999999999996,2.7266650910134036,0.9999999999999996,0.40030030630757485,0.9999999999999996,0.14117545914357874
56320.0,45.565878809510345,61.20295734581937,77.16625584210782,27.17877096061038,15.438349961034886,143.44747962258216,1.3763062302322413,626.3542228011559,284.6305556905172,164.20363791925973,164.20363791925973,12.362284112442714,5.667967659174046,65.40099445846042,8.494300366479283,1.1506429595989471,8.84935858968405,1.5057011828037716,0.0095944957266128,0.9999999999999996,2.7266650910134036,0.9999999999999996,2.7266650910134036,0.9999999999999996,0.4002970182351567,0.9999999999999996,0.1411782017965583
56400.0,45.56556900258398,61.20313012454842,77.16601406677984,27.17894655665406,15.438115545543727,142.3637911425527,1.394287772703144,626.3582874899063,284.6262147249242,164.20363791925973,164.20363791925973,12.3621939654346,5.668066439713505,65.75584299777765,8.494308637149462,1.150658431455665,8.849343117827333,1.5056929121335927,0.009793837053039744,0.9999999999999996,2.7266650910134036,0.9999999999999996,2.7266650910134036,0.9999999999999996,0.400294099229395,0.9999999999999996,0.1411806622303102
56480.0,45.565287464822816,61.203287116473646,77.16579435223619,27.17910610890838,15.437902521323366,141.37929903549795,1.410859338322372,626.361980797806,284.6222698883401,164.20363791925973,164.20363791925973,12.362113347235987,5.668155425405917,66.07808209034303,8.494316152069198,1.150672491811136,8.849329057471861,1.5056853972138557,0.009979249776646078,0.9999999999999996,2.7266650910134036,0.9999999999999996,2.7266650910134036,0.9999999999999996,0.4002914887713092,0.9999999999999996,0.14118287869321114
56560.0,45.56503161741202,61.203429763808174,77.16559468611025,27.179251082981637,15.437708936698671,140.48491267744458,1.4261138913540883,626.3653366506469,284.61868503908187,164.20363791925973,164.20363791925973,12.362040909205007,5.668235799528764,66.37072163473664,8.49432298029151,1.1506852693793492,8.849316279903649,1.5056785689915444,0.010151366891820382,0.9999999999999996,2.7266650910134036,0.9999999999999996,2.7266650910134036,0.9999999999999996,0.4002891431911928,0.9999999999999996,0.1411848806584334
56640.0,45.56479911639826,61.20355937709932,77.1654132393368,27.179382810712333,15.437533017902101,139.67237336323825,1.4401395867672881,626.3683858778286,284.61542733018075,164.20363791925973,164.20363791925973,12.361975603986235,5.668308529437217,66.63649384514646,8.494329184561266,1.1506968811645104,8.849304668118487,1.5056723647217891,0.010310840662970597,0.9999999999999996,2.7266650910134036,0.9999999999999996,2.7266650910134036,0.9999999999999996,0.4002870285751468,0.9999999999999996,0.14118669222093863
56720.0,45.56458783135873,61.20367714746149,77.16524834938647,27.1795025025523,15.437373152642765,138.93418043156464,1.4530228724451753,626.3711564987545,284.6124669047081,164.20363791925973,164.20363791925973,12.361916594278249,5.668374424958545,66.87787612419885,8.494334821906994,1.1507074335107543,8.849294115772244,1.5056667273760604,0.010458354221630124,0.9999999999999996,2.7266650910134036,0.9999999999999996,2.7266650910134036,0.9999999999999996,0.40028511781092724,0.9999999999999996,0.14118833355197066
56800.0,45.56439582784331,61.20378415616892,77.1650985067202,27.17961125735782,15.437227877077305,138.26352730116207,1.4648455487731393,626.3736739497477,284.60977665490964,164.20363791925973,164.20363791925973,12.361863189036923,5.66843417950788,67.09711459538993,8.494339944094188,1.1507170229935924,8.849284526289406,1.5056616051888658,0.010594591193832704,0.9999999999999996,2.7266650910134036,0.9999999999999996,2.7266650910134036,0.9999999999999996,0.40028338852217554,0.9999999999999996,0.14118982192317028
56880.0,45.56422134593705,61.20388138678698,77.1649623379795,27.179710074695997,15.437095859469958,137.65422497763765,1.4756850361943996,626.3759613687816,284.60733191943166,164.20363791925973,164.20363791925973,12.361814790074206,5.668488405515728,67.296249736558,8.49434459820973,1.1507257374784972,8.849275811804501,1.5056569510733235,0.010720230609951342,0.9999999999999996,2.7266650910134036,0.9999999999999996,2.7266650910134036,0.9999999999999996,0.40028182133925977,0.9999999999999996,0.14119117258900657
56960.0,45.564062786778486,61.20396973297293,77.16483859531837,27.179799862727865,15.436975889736456,137.10065483098094,1.4856164733577215,626.3780397776972,284.60511028930284,164.20363791925973,164.20363791925973,12.361770887485733,5.668537639144959,67.4771309230427,8.494348827041655,1.150733656776603,8.849267892506395,1.505652722241399,0.010835954614434222,0.9999999999999996,2.7266650910134036,0.9999999999999996,2.7266650910134036,0.9999999999999996,0.4002803997512184,0.9999999999999996,0.14119239890426818
57040.0,45.56391869672914,61.20405000652823,77.16472614467754,27.17988144653753,15.436866868292368,136.59771151147729,1.4947079464346593,626.3799282760227,284.6030914028353,164.20363791925973,164.20363791925973,12.361731040043162,5.668582354247954,67.64143885151547,8.494352669440634,1.15074085350638,8.84926069577662,1.5056488798424215,0.010942408404177916,0.9999999999999996,2.7266650910134036,0.9999999999999996,2.7266650910134036,0.9999999999999996,0.40027910947085427,0.9999999999999996,0.14119351267170893
57120.0,45.56378775624951,61.20412294526447,77.1646239556833,27.179955575830206,15.436767796002986,136.140761217904,1.5030264021555007,626.3816442169427,284.60125675658634,164.20363791925973,164.20363791925973,12.361694860044395,5.668622973445264,67.79069570566402,8.494356160750602,1.1507473934771066,8.849254155805891,1.5056453885324517,0.011040237976558606,0.9999999999999996,2.7266650910134036,0.9999999999999996,2.7266650910134036,0.9999999999999996,0.40027793794417726,0.9999999999999996,0.14119452441799607
57200.0,45.563668763980544,61.204189219302016,77.16453109180684,27.180022931806707,15.436677764720104,135.7255920168852,1.5106318971540007,626.3832033703542,284.5995895350474,164.20363791925973,164.20363791925973,12.361662002447513,5.668659876441733,67.92628573280128,8.49435933301426,1.1507533368027043,8.849248212480292,1.5056422162687932,0.011130044634220992,0.9999999999999996,2.7266650910134036,0.9999999999999996,2.7266650910134036,0.9999999999999996,0.4002768739985554,0.9999999999999996,0.14119544360084882
57280.0,45.563560630753514,61.20424943793576,77.1644467018689,27.180084133507755,15.436595949323587,135.34838013285955,1.5175822833943216,626.384620064009,284.5980744563767,164.20363791925973,164.20363791925973,12.361632157768312,5.668693405869377,68.04946351741863,8.494362215443216,1.1507587377140638,8.849242811568933,1.5056393338398408,0.011212415559792036,0.9999999999999996,2.7266650910134036,0.9999999999999996,2.7266650910134036,0.9999999999999996,0.40027590761273335,0.9999999999999996,0.14119627875457352
57360.0,45.56346236567134,61.20430415398853,77.16437001330644,27.18013974285184,15.436521600510613,135.0056546124269,1.523930849218679,626.3859073062357,284.5966976459405,164.20363791925973,164.20363791925973,12.3616050470591,5.668723871619839,68.16136747082643,8.494364834474291,1.1507636457924852,8.849237903490513,1.5056367148087648,0.011287903855535289,0.9999999999999996,2.7266650910134036,0.9999999999999996,2.7266650910134036,0.9999999999999996,0.40027502975424367,0.9999999999999996,0.14119703759797655
57440.0,45.5633730670322,61.204353870145106,77.16430032327874,27.180190270857754,15.43645403674593,134.69425916528786,1.529726512563187,626.3870769273207,284.59544648440993,164.20363791925973,164.20363791925973,12.361580417541072,5.668751555018876,68.26303258385349,8.494367214139896,1.1507681061732238,8.849233443109775,1.5056343351431587,0.011357028295363414,0.9999999999999996,2.7266650910134036,0.9999999999999996,2.7266650910134036,0.9999999999999996,0.4002742322379807,0.9999999999999996,0.14119772713834278
57520.0,45.5632919203013,61.2043990440035,77.16423699229166,27.180236182077657,15.436392638958116,134.4113280910597,1.5350158789042545,626.388139675075,284.59430950143013,164.20363791925973,164.20363791925973,12.361558040749701,5.668776711006617,68.35539719069253,8.49436937648599,1.1507721590193647,8.849229390263634,1.505632172797065,0.011420286524245388,0.9999999999999996,2.7266650910134036,0.9999999999999996,2.7266650910134036,0.9999999999999996,0.40027350766614733,0.9999999999999996,0.14119835372574188
57600.0,45.56321817384368,61.20444008923342,77.16417944237573,27.180277897926782,15.436336843984847,134.1542570048315,1.539840761109214,626.3891053170753,284.5932762816769,164.20363791925973,164.20363791925973,12.361537709870793,5.668799570742762,68.43931449513812,8.4943713409947,1.1507758430580286,8.84922570622497,1.505630208288356,0.011478135658816682,0.9999999999999996,2.7266650910134036,0.9999999999999996,2.7266650910134036,0.9999999999999996,0.40027284934199536,0.9999999999999996,0.1411989231179185
57680.0,45.56315116471001,61.204477385464294,77.16412714095894,27.180315802647296,15.436286141169047,133.92068076509986,1.5442407948087988,626.3899827251993,284.59233734559336,164.20363791925973,164.20363791925973,12.36151923744944,5.668820344128386,68.51555829069326,8.494373126408052,1.1507791892407175,8.849222360042281,1.5056284228750034,0.011531010639928233,0.9999999999999996,2.7266650910134036,0.9999999999999996,2.7266650910134036,0.9999999999999996,0.40027225119563986,0.9999999999999996,0.14119944054310582
57760.0,45.56309025576577,61.204511272047405,77.1640796181008,27.180350243663607,15.436240063529898,133.70844612513955,1.5482518051272067,626.3907799824882,284.59148408602135,164.20363791925973,164.20363791925973,12.361502452959487,5.668839222019429,68.5848332770655,8.494374747936234,1.1507822333517148,8.849219315931284,1.5056268013468208,0.011579311928269487,0.9999999999999996,2.7266650910134036,0.9999999999999996,2.7266650910134036,0.9999999999999996,0.4002717077053577,0.9999999999999996,0.1411999107551591
57840.0,45.563034905807164,61.204542062608546,77.1640364308586,27.180381537965005,15.436198190743358,133.5156057456007,1.5519074568627176,626.3915043954453,284.5907086891688,164.20363791925973,164.20363791925973,12.361487202412112,5.668856377150629,68.64777598980746,8.494376221379069,1.1507849993727985,8.8492165499102,1.5056253279039862,0.011623416215627305,0.9999999999999996,2.7266650910134036,0.9999999999999996,2.7266650910134036,0.9999999999999996,0.40027121388491277,0.9999999999999996,0.14120033805656942
57920.0,45.562984633521545,61.204570044289106,77.16399717150954,27.180409974506535,15.436160141298744,133.3403895377737,1.5552387975961521,626.392162604529,284.59000404281727,164.20363791925973,164.20363791925973,12.361473345830268,5.6688719666335,68.70496478002605,8.494377561702063,1.1507875066414377,8.849214042641561,1.5056239875809934,0.011663673722473806,0.9999999999999996,2.7266650910134036,0.9999999999999996,2.7266650910134036,0.9999999999999996,0.40027076520177746,0.9999999999999996,0.14120072636068318
58000.0,45.562938927357784,61.204595465053835,77.16396150878374,27.18043581075277,15.436125562793878,133.1811841091954,1.5582725592153543,626.3927606731093,284.58936371974545,164.20363791925973,164.20363791925973,12.361460755539188,5.668886133271784,68.7569278811263,8.494378778158513,1.1507897908920632,8.849211758390936,1.5056227711245425,0.011700395740119902,0.9999999999999996,2.7266650910134036,0.9999999999999996,2.7266650910134036,0.9999999999999996,0.4002703575217782,0.9999999999999996,0.14120107922446767
58080.0,45.562897394650335,61.20461856362987,77.16392909705287,27.180459286770912,15.436094139961961,133.03652499675366,1.56103557416452,626.3933040969462,284.5887818261319,164.20363791925973,164.20363791925973,12.361449315687091,5.668899007207864,68.80414310868576,8.494379883717496,1.150791865628963,8.849209683654037,1.5056216655655603,0.011733887172734048,0.9999999999999996,2.7266650910134036,0.9999999999999996,2.7266650910134036,0.9999999999999996,0.40026998709357564,0.9999999999999996,0.14120139988951996
58160.0,45.56285965436445,61.20463955183479,77.16389964130005,27.180480617796988,15.43606558510485,132.90508430498681,1.5635514503269734,626.3937978627088,284.5882530373853,164.20363791925973,164.20363791925973,12.361438921241858,5.6689107062642945,68.84704423811102,8.494380888411474,1.1507937503364616,8.849207798946539,1.505620660871583,0.011764421643486414,0.9999999999999996,2.7266650910134036,0.9999999999999996,2.7266650910134036,0.9999999999999996,0.4002696505161766,0.9999999999999996,0.1412016912905739
58240.0,45.56282535774247,61.20465862240962,77.16387287471672,27.180499999748562,15.436039635870447,132.7856520283885,1.5658417305584948,626.3942465147716,284.58777250217486,164.20363791925973,164.20363791925973,12.36142947652237,5.668921337788073,68.88602654639213,8.494381801236301,1.1507954633988478,8.849206085884152,1.5056197480467568,0.011792250944580447,0.9999999999999996,2.7266650910134036,0.9999999999999996,2.7266650910134036,0.9999999999999996,0.4002693446913779,0.9999999999999996,0.14120195610143726
58320.0,45.56279418959316,61.204675950423,77.16384854921515,27.180517611083058,15.436016054426442,132.6771299676621,1.5679264036924947,626.3946541780683,284.58733581407006,164.20363791925973,164.20363791925973,12.361420894689372,5.66893099927239,68.92144852963446,8.494382630706303,1.1507970199164501,8.849204529366549,1.505618918576755,0.011817608687153931,0.9999999999999996,2.7266650910134036,0.9999999999999996,2.7266650910134036,0.9999999999999996,0.40026906680728075,0.9999999999999996,0.14120219675047843
58400.0,45.562765865307874,61.204691696222056,77.16382644395539,27.180533613894095,15.435994623845515,132.57851751828468,1.5698236404022887,626.3950246109276,284.5869389568275,164.20363791925973,164.20363791925973,12.361413096615152,5.668939779534262,68.95363688016411,8.494383384368247,1.150798434770046,8.849203114512953,1.5056181649148124,0.011840708960905262,0.9999999999999996,2.7266650910134036,0.9999999999999996,2.7266650910134036,0.9999999999999996,0.4002688143016896,0.9999999999999996,0.1412024154499589
58480.0,45.56274012772437,61.204706003110715,77.16380635889362,27.18054815375846,15.43597514956915,132.48891729433208,1.5715499336766312,626.3953611845478,284.58657832832546,164.20363791925973,164.20363791925973,12.361406011339554,5.668947758254263,68.9828844931643,8.494384069048225,1.1507997209535081,8.849201828329493,1.505617480234833,0.01186174636921018,0.9999999999999996,2.7266650910134036,0.9999999999999996,2.7266650910134036,0.9999999999999996,0.4002685848768786,0.9999999999999996,0.14120261418456892
58560.0,45.5627167350665,61.20471900167304,77.16378810182702,27.180561365717065,15.435957452499105,132.4075020056431,1.5731206996562463,626.395667007149,284.5862506089665,164.20363791925973,164.20363791925973,12.361399573427736,5.66895500895069,69.00946126104785,8.494384691357004,1.1508008886943302,8.849200660588671,1.5056168579260556,0.01188090308953341,0.9999999999999996,2.7266650910134036,0.9999999999999996,2.7266650910134036,0.9999999999999996,0.4002683764140346,0.9999999999999996,0.1412027947855083
58640.0,45.56269547870502,61.20473081311168,77.16377151307677,27.18057337014917,15.435941370338847,132.3335243244228,1.5745496146157696,626.3959448859569,284.5859527961945,164.20363791925973,164.20363791925973,12.361393723775691,5.668961597962026,69.03361117965082,8.494385256693217,1.1508019505084852,8.849199598774517,1.5056162925898413,0.011898342635806148,0.9999999999999996,2.7266650910134036,0.9999999999999996,2.7266650910134036,0.9999999999999996,0.4002681869993399,0.9999999999999996,0.14120295890514126
58720.0,45.56267616865425,61.20474154677303,77.1637564463141,27.180584276313795,15.435926756167584,132.26630752169356,1.5758491707568543,626.3961973631679,284.58568217078823,164.20363791925973,164.20363791925973,12.361388408856092,5.668967585386287,69.05555514409494,8.494385770034123,1.15080291723191,8.84919863205109,1.5056157792489355,0.011914214589368442,0.9999999999999996,2.7266650910134036,0.9999999999999996,2.7266650910134036,0.9999999999999996,0.4002680148995525,0.9999999999999996,0.1412031080403942
58800.0,45.56265860971911,61.20475129564161,77.16374273895595,27.180594188191016,15.4359134761724,132.20523076381858,1.5770316193988572,626.3964267726765,284.58543624365257,164.20363791925973,164.20363791925973,12.361383579552124,5.668973026557099,69.07549529470009,8.494386237220773,1.1508037914014222,8.849197757881578,1.5056153120622866,0.011928662809236238,0.9999999999999996,2.7266650910134036,0.9999999999999996,2.7266650910134036,0.9999999999999996,0.400267858524245,0.9999999999999996,0.1412032435695216
58880.0,45.56264265552346,61.20476015461905,77.16373028555134,27.180603193636,15.435901408123437,132.14973410045826,1.5781068923345896,626.3966352174058,284.58521276250576,164.20363791925973,164.20363791925973,12.361379191579084,5.668977971088331,69.09361470761296,8.494386661512271,1.1508045869807066,8.849196962302292,1.5056148877707876,0.011941809062853932,0.9999999999999996,2.7266650910134036,0.9999999999999996,2.7266650910134036,0.9999999999999996,0.4002677164394566,0.9999999999999996,0.14120336672830971
58960.0,45.56262818232919,61.20476821360542,77.16371900353373,27.180611370653235,15.435890440293681,132.09930805808065,1.5790836752357729,626.3968246100615,284.58500967571786,164.20363791925973,164.20363791925973,12.361375204651035,5.668982464027763,69.11008020173192,8.494387045214554,1.1508053204929414,8.849196228790058,1.5056145040685052,0.011953761896629245,0.9999999999999996,2.7266650910134036,0.9999999999999996,2.7266650910134036,0.9999999999999996,0.4002675873407078,0.9999999999999996,0.14120347863881236
59040.0,45.56261500483776,61.20477552461184,77.16370871498296,27.18061880668863,15.435880475547517,132.05349131091597,1.579973085246508,626.3969966875726,284.5848251368175,164.20363791925973,164.20363791925973,12.361371582244978,5.668986547017091,69.12504069251032,8.494387396026305,1.1508059741707328,8.849195575112267,1.5056141532567533,0.011964644550945713,0.9999999999999996,2.7266650910134036,0.9999999999999996,2.7266650910134036,0.9999999999999996,0.4002674700453658,0.9999999999999996,0.14120358033824432
59120.0,45.562603021739434,61.204782164576045,77.1636993540064,27.180625564385533,15.43587142081171,132.0118609551079,1.5807821098325627,626.3971530381992,284.5846574462214,164.20363791925973,164.20363791925973,12.361368290918392,5.668990257370722,69.13863482303523,8.494387715238616,1.1508065655181443,8.849194983764855,1.5056138340444427,0.011974546062721783,0.9999999999999996,2.7266650910134036,0.9999999999999996,2.7266650910134036,0.9999999999999996,0.4002673634705446,0.9999999999999996,0.1412036727560359
59200.0,45.562592141595374,61.20478820267269,77.16369086103997,27.180631701383412,15.43586319172085,131.9740332220353,1.5815171103927512,626.3972951025419,284.5845050595949,164.20363791925973,164.20363791925973,12.361365300331475,5.668993628979906,69.15098840415317,8.494388004248334,1.1508071090267984,8.849194440256202,1.505613545034726,0.011983547609945211,0.9999999999999996,2.7266650910134036,0.9999999999999996,2.7266650910134036,0.9999999999999996,0.40026726663382617,0.9999999999999996,0.14120375673635305
59280.0,45.56258227132536,61.20479369557419,77.16368316683561,27.180637274427244,15.435855712562542,131.9396599245628,1.5821845339285612,626.3974241874337,284.5843665724444,164.20363791925973,164.20363791925973,12.361362582956525,5.668996692799363,69.1622151454524,8.494388265713653,1.1508076095553934,8.849193939727606,1.5056132835694067,0.011991728149316011,0.9999999999999996,2.7266650910134036,0.9999999999999996,2.7266650910134036,0.9999999999999996,0.4002671786438496,0.9999999999999996,0.14120383305021852
59360.0,45.56257328899737,61.20479867974542,77.16367615591714,27.180642342654423,15.435848916996504,131.9084271622603,1.5827922216381127,626.3975414755798,284.58424072431666,164.20363791925973,164.20363791925973,12.361360113919446,5.66899947718089,69.17241622724018,8.494388504726283,1.1508080558631564,8.849193493419843,1.5056130445567744,0.011999174394605759,0.9999999999999996,2.7266650910134036,0.9999999999999996,2.7266650910134036,0.9999999999999996,0.40026709869517896,0.9999999999999996,0.14120390240382125
59440.0,45.56256511992397,61.20480320675378,77.16366977619937,27.18064694824911,15.435842741815673,131.8800473468248,1.583344936730412,626.3976480477406,284.584126364053,164.20363791925973,164.20363791925973,12.361357870478704,5.6690020075024945,69.18168595731112,8.494388722108441,1.1508084603198085,8.84919308896319,1.5056128271746165,0.012005947590892591,0.9999999999999996,2.7266650910134036,0.9999999999999996,2.7266650910134036,0.9999999999999996,0.40026702605143194,0.9999999999999996,0.14120396542927863
59520.0,45.562557699048995,61.20480732222369,77.16366398302468,27.180651131496923,15.435837129816495,131.85425934703224,1.583847044195946,626.3977448834462,284.5840224405329,164.20363791925973,164.20363791925973,12.361355832002419,5.669004306871748,69.19010994866419,8.494388919140832,1.1508088307956603,8.849192718487338,1.5056126301422268,0.0120121037578874,0.9999999999999996,2.7266650910134036,0.9999999999999996,2.7266650910134036,0.9999999999999996,0.40026696004453777,0.9999999999999996,0.14120402270215596
59600.0,45.5625509651999,61.20481106566158,77.16365873231842,27.18065493043097,15.435832029378926,131.83082649347912,1.5843028514842574,626.3978328707454,284.58392799848764,164.20363791925973,164.20363791925973,12.361353979782109,5.669006396311512,69.19776556904614,8.49438909744693,1.150809171656579,8.849192377626418,1.505612451836129,0.01201769641914991,0.9999999999999996,2.7266650910134036,0.9999999999999996,2.7266650910134036,0.9999999999999996,0.40026690006870647,0.9999999999999996,0.1412040747460924
59680.0,45.56254484194063,61.20481446377762,77.1636539543595,27.18065838488693,15.435827394863981,131.80953423979017,1.5847177331871813,626.3979128178389,284.5838421718918,164.20363791925973,164.20363791925973,12.361352296810011,5.669008295185374,69.20472198821513,8.494389260272483,1.1508094765343613,8.849192072748636,1.5056122890105765,0.012022785319188184,0.9999999999999996,2.7266650910134036,0.9999999999999996,2.7266650910134036,0.9999999999999996,0.40026684557321784,0.9999999999999996,0.14120412204339777
59760.0,45.562539272247655,61.20481754944844,77.1636496051544,27.180661524052848,15.435823183789124,131.79018818440525,1.585095152924116,626.3979854561616,284.5837641849626,164.20363791925973,164.20363791925973,12.361350767707304,5.669010020701215,69.21104281706681,8.494389408444107,1.1508097522960075,8.84919179698699,1.505612140838953,0.012027413988560344,0.9999999999999996,2.7266650910134036,0.9999999999999996,2.7266650910134036,0.9999999999999996,0.4002667960600981,0.9999999999999996,0.1412041650226874
59840.0,45.5625342207579,61.204820356648575,77.16364566642581,27.18066437457575,15.435819356767949,131.7726100455086,1.5854374600643264,626.3980514516785,284.58369331727533,164.20363791925973,164.20363791925973,12.361349378426064,5.669011588552111,69.21678694307356,8.494389542469502,1.1508100062692492,8.849191543013747,1.5056120068135572,0.01203161612657429,0.9999999999999996,2.7266650910134036,0.9999999999999996,2.7266650910134036,0.9999999999999996,0.4002667510744682,0.9999999999999996,0.14120420407484569
59920.0,45.5625296274715,61.204822905348124,77.16364208262607,27.18066696416154,15.435815880191127,131.7566423313326,1.5857487515638211,626.3981113998988,284.58362893784886,164.20363791925973,164.20363791925973,12.361348116457442,5.669013012928128,69.22200505653826,8.494389664357552,1.1508102362325348,8.849191313050461,1.5056118849255085,0.01203543687441646,0.9999999999999996,2.7266650910134036,0.9999999999999996,2.7266650910134036,0.9999999999999996,0.40026671021128535,0.9999999999999996,0.14120423955331995
60000.0,45.56252543487024,61.20482521488572,77.16363880065914,27.180669319295706,15.4358127217111,131.7421334078038,1.5860327619390968,626.3981658735332,284.5835704401345,164.20363791925973,164.20363791925973,12.361346969772377,5.6690143074692765,69.22674610249042,8.494389775992223,1.150810440342032,8.849191108940966,1.505611773290836,0.01203891815710605,0.9999999999999996,2.7266650910134036,0.9999999999999996,2.7266650910134036,0.9999999999999996,0.40026667308104236,0.9999999999999996,0.14120427179785672
60080.0,45.562521646516075,61.204827323407414,77.16363584937712,27.180671456833405,15.435809848626624,131.7289414631972,1.586289503166634,626.3982153953975,284.58351724299223,164.20363791925973,164.20363791925973,12.361345927281729,5.669015484336082,69.23105816008318,8.494389876112539,1.1508106336749067,8.849190915608093,1.505611673170518,0.012042072801517319,0.9999999999999996,2.7266650910134036,0.9999999999999996,2.7266650910134036,0.9999999999999996,0.4002666393246674,0.9999999999999996,0.14120430111135132
60160.0,45.56251819549039,61.204829237208195,77.16363315647921,27.18067340137898,15.435807237180505,131.71695053348293,1.5865235068484453,626.3982604084212,284.58346888500813,164.20363791925973,164.20363791925973,12.361344979711326,5.669016554256882,69.23497756390707,8.494389967638723,1.150810806332658,8.849190742950341,1.505611581644335,0.012044945623343637,0.9999999999999996,2.7266650910134036,0.9999999999999996,2.7266650910134036,0.9999999999999996,0.400266608641858,0.9999999999999996,0.14120432776102607
60240.0,45.56251506037724,61.2048309756441,77.16363071014887,27.18067516793655,15.435804864563762,131.70605695545268,1.5867361428380624,626.3983013004843,284.5834249481279,164.20363791925973,164.20363791925973,12.36134411889299,5.669017526353107,69.23853856782024,8.494390050825794,1.1508109630064953,8.849190586276505,1.5056114984572633,0.012047556350234894,0.9999999999999996,2.7266650910134036,0.9999999999999996,2.7266650910134036,0.9999999999999996,0.4002665807681245,0.9999999999999996,0.1412043519740783
60320.0,45.56251221278878,61.20483255337305,77.16362848755178,27.18067677163886,15.435802710433205,131.69616723953487,1.5869292209954688,626.3983384229908,284.5833850574163,164.20363791925973,164.20363791925973,12.36134333743253,5.669018408948756,69.24177168574562,8.494390126360065,1.150811105195386,8.849190444087615,1.505611422922993,0.012049927148670099,0.9999999999999996,2.7266650910134036,0.9999999999999996,2.7266650910134036,0.9999999999999996,0.4002665554640391,0.9999999999999996,0.14120437395784288
60400.0,45.56250962568832,61.20483398676945,77.16362646835776,27.18067822852508,15.43580075325242,131.68718254896066,1.5871046600943413,626.398372146963,284.58334881394615,164.20363791925973,164.20363791925973,12.361342627513027,5.669019210846092,69.24470917578252,8.494390194974262,1.1508112344026022,8.849190314880397,1.505611354308797,0.012052081526645645,0.9999999999999996,2.7266650910134036,0.9999999999999996,2.7266650910134036,0.9999999999999996,0.40026653247648625,0.9999999999999996,0.14120439393156725
60480.0,45.562507275776156,61.20483528874161,77.16362463438075,27.180679551776365,15.435798975365888,131.67902166502114,1.5872640396885036,626.3984027775273,284.58331589062567,164.20363791925973,164.20363791925973,12.36134198271197,5.66901993928116,69.24737754769156,8.494390257293125,1.1508113517788958,8.849190197504104,1.5056112919899332,0.012054038825761873,0.9999999999999996,2.7266650910134036,0.9999999999999996,2.7266650910134036,0.9999999999999996,0.4002665115975016,0.9999999999999996,0.1412044120754875
60560.0,45.56250513950348,61.204836472239826,77.1636229671634,27.180680754606158,15.43579735907283,131.67160316411693,1.5874089421273803,626.3984306205726,284.5832859597044,164.20363791925973,164.20363791925973,12.361341396590653,5.669020601508011,69.2498033789233,8.494390313940569,1.150811458487169,8.849190090795831,1.5056112353424886,0.012055818445142011,0.9999999999999996,2.7266650910134036,0.9999999999999996,2.7266650910134036,0.9999999999999996,0.40026649261859654,0.9999999999999996,0.14120442857028803
60640.0,45.56250319757213,61.2048375479491,77.16362145162472,27.18068184788599,15.435795889803384,131.66486004916283,1.5875406705919584,626.3984559277603,284.58325875139263,164.20363791925973,164.20363791925973,12.361340863851481,5.669021203496473,69.25200854096799,8.494390365428758,1.150811555488845,8.849189993794155,1.5056111838542996,0.012057436357728104,0.9999999999999996,2.7266650910134036,0.9999999999999996,2.7266650910134036,0.9999999999999996,0.4002664753682325,0.9999999999999996,0.14120444356466585
60720.0,45.562501432765444,61.204838525429416,77.16362007432525,27.18068284132933,15.435794554537335,131.65873245811508,1.587660390258371,626.3984789239356,284.5832340245845,164.20363791925973,164.20363791925973,12.361340379761215,5.6690217505811455,69.25401257748636,8.494390412215088,1.1508116436437035,8.849189905639298,1.5056111370679706,0.012058906846634403,0.9999999999999996,2.7266650910134036,0.9999999999999996,2.7266650910134036,0.9999999999999996,0.4002664596931446,0.9999999999999996,0.1412044571914956
60800.0,45.5624998277438,61.20483941427176,77.16361882170813,27.180683744694957,15.435793340194294,131.65316024878354,1.5877692716150305,626.3984998350018,284.583211537079,164.20363791925973,164.20363791925973,12.36133993956448,5.669022248121638,69.25583512377922,8.494390454759284,1.1508117238149247,8.849189825468077,1.5056110945237735,0.012060244270738662,0.9999999999999996,2.7266650910134036,0.9999999999999996,2.7266650910134036,0.9999999999999996,0.40026644543935147,0.9999999999999996,0.14120446958427485
60880.0,45.56249836686624,61.204840223218234,77.16361768160229,27.180684566852047,15.435792234883897,131.6480887624303,1.5878683791754444,626.3985188662516,284.58319106865076,164.20363791925973,164.20363791925973,12.361339538939516,5.669022700989124,69.25749402526893,8.494390493478859,1.1508117967880438,8.849189752494958,1.5056110558041993,0.012061461690043084,0.9999999999999996,2.7266650910134036,0.9999999999999996,2.7266650910134036,0.9999999999999996,0.4002664324669123,0.9999999999999996,0.1412044808643352
60960.0,45.562497038926374,61.20484095844326,77.1636166452336,27.1806853140883,15.435791230172251,131.64347924063446,1.5879584694359232,626.398536163241,284.5831724631477,164.20363791925973,164.20363791925973,12.361339174822367,5.669023112639546,69.25900194113376,8.494390528670081,1.1508118631194408,8.84918968616356,1.505611020612978,0.012062568374793966,0.9999999999999996,2.7266650910134036,0.9999999999999996,2.7266650910134036,0.9999999999999996,0.40026642067661466,0.9999999999999996,0.1412044911177576
61040.0,45.56249583205859,61.20484162653622,77.16361570334365,27.18068599309993,15.435790317078931,131.63929040947343,1.5880403462357988,626.3985518809728,284.5831555542662,164.20363791925973,164.20363791925973,12.36133884395007,5.669023486752321,69.26037235091016,8.494390560648299,1.1508119234020333,8.849189625880966,1.5056109886347602,0.012063574190472203,0.9999999999999996,2.7266650910134036,0.9999999999999996,2.7266650910134036,0.9999999999999996,0.4002664099628022,0.9999999999999996,0.14120450043618918
61120.0,45.56249473491285,61.20484223382956,77.16361484709495,27.180686610313977,15.435789486984046,131.63548265398157,1.5881147804137867,626.3985661682138,284.58314018235984,164.20363791925973,164.20363791925973,12.361338543190854,5.669023826858877,69.26161819274125,8.49439058971609,1.1508119782052095,8.84918957107779,1.5056109595669684,0.012064488604401003,0.9999999999999996,2.7266650910134036,0.9999999999999996,2.7266650910134036,0.9999999999999996,0.40026640022406645,0.9999999999999996,0.14120450890759106
61200.0,45.5624937393501,61.20484278481889,77.1636140701238,27.18068717030499,15.4357887337481,131.63202777135302,1.5881823228058063,626.3985791308595,284.58312623374763,164.20363791925973,164.20363791925973,12.36133827031559,5.669024135474862,69.2627486813544,8.494390616088962,1.1508120279341048,8.849189521348894,1.505610933194095,0.012065318370423532,0.9999999999999996,2.7266650910134036,0.9999999999999996,2.7266650910134036,0.9999999999999996,0.40026639138822734,0.9999999999999996,0.14120451659462324
61280.0,45.562492834502144,61.20484328554187,77.16361336395083,27.180687679207836,15.435788049144385,131.6288879501058,1.5882437108175242,626.3985909109181,284.5831135560831,164.20363791925973,164.20363791925973,12.361338022334843,5.669024415970848,69.26377616387276,8.494390640055821,1.1508120731319014,8.849189476151098,1.5056109092272356,0.012066072543434019,0.9999999999999996,2.7266650910134036,0.9999999999999996,2.7266650910134036,0.9999999999999996,0.4002663833584852,0.9999999999999996,0.14120452358124022
61360.0,45.56249201329844,61.20484373991909,77.16361272305774,27.180688141007575,15.435787427823579,131.6260386207409,1.588299424192833,626.3986016006361,284.58310205030614,164.20363791925973,164.20363791925973,12.361337797306755,5.6690246705385645,69.2647086687352,8.494390661804351,1.1508121141517418,8.849189435131258,1.5056108874787062,0.012066757009752915,0.9999999999999996,2.7266650910134036,0.9999999999999996,2.7266650910134036,0.9999999999999996,0.40026637607196175,0.9999999999999996,0.1412045299220337
61440.0,45.56249126723289,61.20484415266884,77.16361214080455,27.1806885604999,15.435786863352591,131.6234502216576,1.5883500391597252,626.3986113110242,284.5830915972889,164.20363791925973,164.20363791925973,12.361337592894445,5.669024901813784,69.26555585169578,8.494390681560406,1.1508121514183371,8.849189397864663,1.5056108677226512,0.012067378848411123,0.9999999999999996,2.7266650910134036,0.9999999999999996,2.7266650910134036,0.9999999999999996,0.40026636945298766,0.9999999999999996,0.14120453568265576
61520.0,45.56249058957847,61.20484452752225,77.16361161194112,27.1806889414769,15.435786350642008,131.62109937447661,1.588396012256669,626.3986201298616,284.5830821027846,164.20363791925973,164.20363791925973,12.361337407250076,5.669025111881732,69.26632535099588,8.494390699502576,1.150812185267692,8.849189364015308,1.5056108497804812,0.012067943664089191,0.9999999999999996,2.7266650910134036,0.9999999999999996,2.7266650910134036,0.9999999999999996,0.40026636344172906,0.9999999999999996,0.14120454091504536
61600.0,45.56248997378524,61.204844868113895,77.16361113135665,27.180689287632354,15.43578588473457,131.6189633069873,1.5884377877894533,626.3986281426512,284.58307347499215,164.20363791925973,164.20363791925973,12.361337238573734,5.669025302773489,69.26702460686955,8.494390715804819,1.1508122160270875,8.849189333255913,1.5056108334782383,0.012068456914408226,0.9999999999999996,2.7266650910134036,0.9999999999999996,2.7266650910134036,0.9999999999999996,0.4002663579799037,0.9999999999999996,0.14120454566979287
61680.0,45.56248941412641,61.20484517761908,77.16361069458122,27.180689602193517,15.435785461298268,131.617022121962,1.588475754323559,626.3986354240978,284.58306563369104,164.20363791925973,164.20363791925973,12.361337085292813,5.669025476263967,69.26766012088864,8.494390730619125,1.1508122439825226,8.849189305300477,1.5056108186639334,0.012068923371109316,0.9999999999999996,2.7266650910134036,0.9999999999999996,2.7266650910134036,0.9999999999999996,0.40026635301658986,0.9999999999999996,0.14120454999110787
61760.0,45.562488905537634,61.20484545884502,77.16361029766188,27.18068988801361,15.435785076502409,131.61525822720952,1.5885102555551356,626.3986420402478,284.5830585079441,164.20363791925973,164.20363791925973,12.36133694601698,5.669025633922683,69.26823764215113,8.494390744079865,1.1508122693869007,8.8491892798961,1.5056108052031933,0.012069347254653901,0.9999999999999996,2.7266650910134036,0.9999999999999996,2.7266650910134036,0.9999999999999996,0.40026634850676784,0.9999999999999996,0.14120455391808406
61840.0,45.56248844311154,61.20484571451339,77.16360993676915,27.180690147858662,15.435784726633434,131.61365456811575,1.5885416244140904,626.3986480551285,284.58305202898225,164.20363791925973,164.20363791925973,12.36133681939839,5.669025777271148,69.26876274416547,8.494390756317307,1.1508122924853923,8.849189256797608,1.5056107929657518,0.012069732655223486,0.9999999999999996,2.7266650910134036,0.9999999999999996,2.7266650910134036,0.9999999999999996,0.4002663444067938,0.9999999999999996,0.14120455748861935
61920.0,45.562488022424745,61.20484594707741,77.16360960845152,27.18069038422185,15.435784408343583,131.61219577161688,1.5885701609991558,626.3986535264523,284.5830461348102,164.20363791925973,164.20363791925973,12.361336704222168,5.669025907681001,69.26924045145668,8.494390767448866,1.1508123134990185,8.849189235783982,1.5056107818341924,0.012070083260032824,0.9999999999999996,2.7266650910134036,0.9999999999999996,2.7266650910134036,0.9999999999999996,0.4002663406773294,0.9999999999999996,0.14120456073687865
62000.0,45.56248764017825,61.20484615836425,77.16360931013404,27.180690598960254,15.43578411913737,131.6108703843549,1.5885960893765443,626.3986584972066,284.5830407792162,164.20363791925973,164.20363791925973,12.361336599583385,5.669026026174698,69.26967450907178,8.494390777562003,1.1508123325925317,8.849189216690469,1.5056107717210558,0.012070401819676644,0.9999999999999996,2.7266650910134036,0.9999999999999996,2.7266650910134036,0.9999999999999996,0.4002663372890726,0.9999999999999996,0.14120456368832932
62080.0,45.562487293053344,61.204846350212826,77.16360903922669,27.180690793942844,15.435783856503821,131.60966688018456,1.5886196348048334,626.3986630106541,284.5830359157015,164.20363791925973,164.20363791925973,12.361336504571321,5.669026133781036,69.27006868548479,8.494390786744736,1.1508123499317073,8.849189199351294,1.5056107625383226,0.012070691100913496,0.9999999999999996,2.7266650910134036,0.9999999999999996,2.7266650910134036,0.9999999999999996,0.40026633421253394,0.9999999999999996,0.14120456636859677
62160.0,45.56248697685239,61.20484652495073,77.16360879245326,27.18069097153526,15.435783617267413,131.60857067361675,1.5886410818239896,626.3986671215547,284.58303148546105,164.20363791925973,164.20363791925973,12.361336418033222,5.669026231801088,69.27042774687713,8.494390795108476,1.1508123657261944,8.849189183556806,1.505610754174582,0.012070954601913783,0.9999999999999996,2.7266650910134036,0.9999999999999996,2.7266650910134036,0.9999999999999996,0.4002663314103865,0.9999999999999996,0.14120456881008825
62240.0,45.562486689623164,61.20484668365801,77.16360856829033,27.180691132835168,15.435783399950866,131.60757499157162,1.5886605631280573,626.3986708553172,284.58302746113816,164.20363791925973,164.20363791925973,12.361336339434216,5.669026320840129,69.27075391017492,8.494390802704919,1.1508123800735235,8.849189169209478,1.5056107465781396,0.012071193950878571,0.9999999999999996,2.7266650910134036,0.9999999999999996,2.7266650910134036,0.9999999999999996,0.4002663288653108,0.9999999999999996,0.14120457102787998
62320.0,45.56248642925187,61.2048468275047,77.16360836508822,27.180691279031723,15.435783202954886,131.6066724979391,1.5886782222145523,626.3986742394679,284.5830238131167,164.20363791925973,164.20363791925973,12.361336268194844,5.669026401553424,69.27104957557717,8.494390809590067,1.150812393079281,8.84918915620372,1.5056107396929919,0.012071410909955423,0.9999999999999996,2.7266650910134036,0.9999999999999996,2.7266650910134036,0.9999999999999996,0.40026632655854394,0.9999999999999996,0.14120457303829334
62400.0,45.562486192052916,61.20484695853485,77.16360817997055,27.180691412202375,15.435783023491032,131.6058503846195,1.5886943090131855,626.3986773220958,284.5830204897596,164.20363791925973,164.20363791925973,12.3613362033028,5.669026475083448,69.2713189282107,8.494390815861756,1.1508124049275603,8.849189144355439,1.5056107334213011,0.012071608552129024,0.9999999999999996,2.7266650910134036,0.9999999999999996,2.7266650910134036,0.9999999999999996,0.4002663244573067,0.9999999999999996,0.14120457486978516
62480.0,45.56248597659001,61.20484707754251,77.16360801181636,27.180691533154135,15.435782860472603,131.60510367097908,1.5887089210502863,626.3986801218813,284.583017470943,164.20363791925973,164.20363791925973,12.361336144364838,5.669026541875446,69.2715635989609,8.494390821557998,1.1508124156901056,8.849189133592894,1.5056107277250605,0.012071788074588332,0.9999999999999996,2.7266650910134036,0.9999999999999996,2.7266650910134036,0.9999999999999996,0.4002663225488657,0.9999999999999996,0.14120457653344573
62560.0,45.562485781221554,61.20484718543614,77.16360785934452,27.180691642810306,15.435782712657597,131.60442666056866,1.5887221697191556,626.3986826601972,284.58301473366714,164.20363791925973,164.20363791925973,12.361336090931044,5.669026602438296,69.27178545185977,8.49439082672227,1.150812425448915,8.849189123834085,1.5056107225607873,0.012071950845671428,0.9999999999999996,2.7266650910134036,0.9999999999999996,2.7266650910134036,0.9999999999999996,0.4002663208186523,0.9999999999999996,0.14120457804195016
62640.0,45.56248560374584,61.20484728343567,77.16360772083675,27.180691742410758,15.435782578380172,131.60381170692946,1.5887342044963855,626.3986849657438,284.58301224708373,164.20363791925973,164.20363791925973,12.361336042397252,5.669026657454521,69.27198698696078,8.494390831412968,1.1508124343139674,8.849189114969032,1.5056107178700895,0.0120720987020829,0.9999999999999996,2.7266650910134036,0.9999999999999996,2.7266650910134036,0.9999999999999996,0.40026631924710354,0.9999999999999996,0.14120457941229875
62720.0,45.56248544234761,61.20484737254656,77.16360759487637,27.180691832977356,15.43578245626689,131.60325250730855,1.5887451486236144,626.3986870621751,284.58300998575896,164.20363791925973,164.20363791925973,12.36133599826552,5.669026707486847,69.27217026549137,8.494390835678216,1.150812442375938,8.849189106907062,1.5056107136048424,0.012072233158032198,0.9999999999999996,2.7266650910134036,0.9999999999999996,2.7266650910134036,0.9999999999999996,0.4002663178180958,0.9999999999999996,0.14120458065850802
62800.0,45.56248529590327,61.204847453390144,77.16360748058649,27.18069191514159,15.435782345467668,131.60274516473942,1.5887550783641995,626.3986889641088,284.5830079339509,164.20363791925973,164.20363791925973,12.361335958228134,5.6690267528835685,69.27233656325768,8.494390839547751,1.15081244969095,8.84918909959205,1.5056107097353062,0.012072355150155922,0.9999999999999996,2.7266650910134036,0.9999999999999996,2.7266650910134036,0.9999999999999996,0.40026631652166494,0.9999999999999996,0.1412045817892533
62880.0,45.56248516291615,61.20484752679511,77.16360737679905,27.18069198974569,15.435782244850108,131.60228448375995,1.5887640952686217,626.398690691041,284.58300607068946,164.20363791925973,164.20363791925973,12.361335921874684,5.669026794108654,69.27248757979912,8.494390843061243,1.150812456333764,8.849189092949237,1.5056107062218154,0.012072465926415426,0.9999999999999996,2.7266650910134036,0.9999999999999996,2.7266650910134036,0.9999999999999996,0.4002663153445218,0.9999999999999996,0.14120458281609108
62960.0,45.562485041629195,61.20484759373477,77.1636072821428,27.18069205777886,15.43578215308487,131.60186436321436,1.58877231847192,626.3986922658696,284.58300437135756,164.20363791925973,164.20363791925973,12.361335888723149,5.669026831706763,69.27262531032011,8.494390846265274,1.150812462392144,8.849189086890856,1.5056107030177834,0.012072566951536419,0.9999999999999996,2.7266650910134036,0.9999999999999996,2.7266650910134036,0.9999999999999996,0.40026631427105835,0.9999999999999996,0.14120458375258785
63040.0,45.562484931401336,61.2048476545631,77.16360719611744,27.180692119600888,15.435782069686898,131.60148258182488,1.588779791559592,626.398693696923,284.5830028269728,164.20363791925973,164.20363791925973,12.361335858598212,5.6690268658766305,69.27275048272082,8.494390849176792,1.150812467898114,8.849189081384885,1.5056107001062662,0.012072658760297386,0.9999999999999996,2.7266650910134036,0.9999999999999996,2.7266650910134036,0.9999999999999996,0.40026631329559764,0.9999999999999996,0.1412045846036937
63120.0,45.56248483137968,61.2048477097518,77.16360711805731,27.180692175691153,15.435781994010894,131.60113618133,1.5887865724183599,626.3986949952978,284.58300142558534,164.20363791925973,164.20363791925973,12.361335831266278,5.669026896882648,69.27286406546577,8.494390851818372,1.1508124728942764,8.849189076388724,1.5056106974646872,0.012072742063785905,0.9999999999999996,2.7266650910134036,0.9999999999999996,2.7266650910134036,0.9999999999999996,0.40026631241057575,0.9999999999999996,0.14120458537599412
63200.0,45.56248474088151,61.204847759678195,77.16360704742965,27.18069222643315,15.435781925540317,131.60082279472317,1.5887927073867312,626.398696169871,284.5830001576299,164.20363791925973,164.20363791925973,12.361335806540476,5.669026924936453,69.27296683378056,8.494390854208072,1.1508124774147337,8.849189071868267,1.5056106950749861,0.012072817431126558,0.9999999999999996,2.7266650910134036,0.9999999999999996,2.7266650910134036,0.9999999999999996,0.40026631160994175,0.9999999999999996,0.14120458607476058
63280.0,45.562484657987596,61.20484780540575,77.16360698273657,27.180692272907706,15.4357818628231,131.60053575628282,1.588798326596542,626.3986972456617,284.58299899621653,164.20363791925973,164.20363791925973,12.36133578389413,5.669026950632989,69.27306096706616,8.494390856396798,1.1508124815553513,8.849189067727648,1.5056106928862605,0.01207288646255143,0.9999999999999996,2.7266650910134036,0.9999999999999996,2.7266650910134036,0.9999999999999996,0.40026631087664166,0.9999999999999996,0.141204586714812
63360.0,45.562484582630596,61.204847846970495,77.16360692392554,27.180692315151454,15.435781805808285,131.60027483751372,1.588803434650369,626.398698223518,284.5829979404017,164.20363791925973,164.20363791925973,12.361335763309391,5.669026973993133,69.27314654177198,8.494390858386273,1.1508124853194943,8.849189063963506,1.5056106908967852,0.012072949213913555,0.9999999999999996,2.7266650910134036,0.9999999999999996,2.7266650910134036,0.9999999999999996,0.40026631021009734,0.9999999999999996,0.1412045872966684
63440.0,45.56248451427071,61.20484788467069,77.1636068705753,27.18069235346752,15.435781754087456,131.6000381672494,1.5888080681582555,626.3986991104564,284.5829969826223,164.20363791925973,164.20363791925973,12.361335744638552,5.669026995184221,69.27322417086874,8.494390860190775,1.1508124887341256,8.849189060548875,1.5056106890922847,0.01207300613499103,0.9999999999999996,2.7266650910134036,0.9999999999999996,2.7266650910134036,0.9999999999999996,0.40026630960552617,0.9999999999999996,0.14120458782449774
63520.0,45.56248445249057,61.204847918736725,77.16360682236008,27.180692388090062,15.435781707344844,131.59982429962454,1.5888122554176958,626.3986999118972,284.5829961170308,164.20363791925973,164.20363791925973,12.36133572776751,5.669027014335632,69.27329432830065,8.494390861821328,1.1508124918200926,8.849189057462906,1.5056106874617312,0.012073057573392434,0.9999999999999996,2.7266650910134036,0.9999999999999996,2.7266650910134036,0.9999999999999996,0.40026630905923327,0.9999999999999996,0.14120458830152266
63600.0,45.56248439626106,61.204847949738465,77.16360677847675,27.18069241959824,15.435781664801816,131.599629662081,1.5888160662982305,626.3987006412469,284.5829953292082,164.20363791925973,164.20363791925973,12.36133571241405,5.669027031766388,69.27335818262429,8.49439086330521,1.1508124946288016,8.849189054654197,1.5056106859778486,0.01207310438774001,0.9999999999999996,2.7266650910134036,0.9999999999999996,2.7266650910134036,0.9999999999999996,0.40026630856208045,0.9999999999999996,0.14120458873568933
63680.0,45.56248434490473,61.20484797805073,77.16360673839661,27.180692448373012,15.435781625945816,131.59945190418347,1.588819546781561,626.3987013073239,284.582994609663,164.20363791925973,164.20363791925973,12.36133569839254,5.66902704768649,69.27341650307852,8.494390864660362,1.1508124971940914,8.849189052088908,1.5056106846226969,0.012073147143031933,0.9999999999999996,2.7266650910134036,0.9999999999999996,2.7266650910134036,0.9999999999999996,0.4002663081080569,0.9999999999999996,0.14120458913222855
63760.0,45.5624842983294,61.2048480037237,77.16360670204772,27.180692474465374,15.435781590707101,131.59929070951355,1.5888227030913082,626.3987019113088,284.58299395710355,164.20363791925973,164.20363791925973,12.361335685678126,5.669027062124517,69.27346939436968,8.494390865889185,1.1508124995205664,8.849189049762433,1.5056106833938734,0.012073185915556377,0.9999999999999996,2.7266650910134036,0.9999999999999996,2.7266650910134036,0.9999999999999996,0.40026630769635774,0.9999999999999996,0.1412045894918521
63840.0,45.56248425623557,61.20484802692265,77.16360666919634,27.180692498043307,15.43578155885907,131.59914504075255,1.5888255555438666,626.3987024570895,284.58299336733364,164.20363791925973,164.20363791925973,12.361335674188961,5.669027075173312,69.2735171965978,8.494390866999591,1.1508125016231874,8.849189047659811,1.5056106822834674,0.012073220954831067,0.9999999999999996,2.7266650910134036,0.9999999999999996,2.7266650910134036,0.9999999999999996,0.4002663073243327,0.9999999999999996,0.14120458981687253
63920.0,45.56248421821831,61.204848047871366,77.16360663952645,27.180692519334247,15.43578153009536,131.59901349402276,1.5888281316048891,626.3987029499314,284.58299283468,164.20363791925973,164.20363791925973,12.36133566381421,5.669027086958398,69.2735603695627,8.49439086800229,1.1508125035221801,8.849189045760818,1.5056106812807677,0.012073252598333908,0.9999999999999996,2.7266650910134036,0.9999999999999996,2.7266650910134036,0.9999999999999996,0.40026630698839305,0.9999999999999996,0.14120459011041642
64000.0,45.56248418338601,61.20484806706363,77.1636066123422,27.180692538840034,15.435781503741381,131.5988929738043,1.588830491755778,626.3987034014505,284.5829923466503,164.20363791925973,164.20363791925973,12.361335654309332,5.669027097756166,69.2735999257328,8.494390868920918,1.1508125052620812,8.849189044020918,1.5056106803621399,0.01207328158962588,0.9999999999999996,2.7266650910134036,0.9999999999999996,2.7266650910134036,0.9999999999999996,0.4002663066806203,0.9999999999999996,0.1412045903793681
64080.0,45.56248415179727,61.20484808446627,77.16360658768933,27.18069255652696,15.43578147984146,131.59878368655902,1.5888326320148745,626.3987038108666,284.5829919040655,164.20363791925973,164.20363791925973,12.361335645690758,5.669027107548457,69.27363579858685,8.494390869753886,1.1508125068399644,8.849189042443033,1.5056106795291715,0.012073307879494875,0.9999999999999996,2.7266650910134036,0.9999999999999996,2.7266650910134036,0.9999999999999996,0.4002663064015464,0.9999999999999996,0.1412045906232753
64160.0,45.562484123218056,61.20484810020845,77.1636065653852,27.1806925725263,15.435781458218536,131.59868482163358,1.588834568249056,626.3987041812186,284.5829915036467,164.20363791925973,164.20363791925973,12.361335637894516,5.669027116407815,69.27366825387155,8.494390870507377,1.1508125082675191,8.84918904101548,1.5056106787756802,0.012073331662869828,0.9999999999999996,2.7266650910134036,0.9999999999999996,2.7266650910134036,0.9999999999999996,0.4002663061491002,0.9999999999999996,0.14120459084394493
64240.0,45.56248409746405,61.20484811439182,77.16360654528593,27.180692586941372,15.435781438733157,131.5985957408657,1.5888363129518501,626.3987045148979,284.5829911428115,164.20363791925973,164.20363791925973,12.361335630870263,5.669027124391377,69.27369750089977,8.494390871186258,1.1508125095539523,8.849189039729046,1.5056106780968004,0.012073353093223502,0.9999999999999996,2.7266650910134036,0.9999999999999996,2.7266650910134036,0.9999999999999996,0.4002663059216513,0.9999999999999996,0.14120459104280014
64320.0,45.56248407393645,61.204848127347816,77.16360652692424,27.180692600109005,15.435781420932267,131.5985143662594,1.5888379067665128,626.3987048197017,284.58299081317006,164.20363791925973,164.20363791925973,12.361335624453869,5.669027131684769,69.27372421961357,8.49439087180639,1.150812510729175,8.849189038553824,1.5056106774766684,0.012073372670032783,0.9999999999999996,2.7266650910134036,0.9999999999999996,2.7266650910134036,0.9999999999999996,0.4002663057138853,0.9999999999999996,0.14120459122446455
64400.0,45.5624840525555,61.204848139120195,77.16360651023786,27.180692612073695,15.435781404755518,131.59844042254656,1.5888393550896593,626.3987050966598,284.58299051360495,164.20363791925973,164.20363791925973,12.361335618623654,5.669027138312716,69.27374850060268,8.494390872369868,1.1508125117971708,8.849189037485827,1.5056106769131898,0.012073390459553244,0.9999999999999996,2.7266650910134036,0.9999999999999996,2.7266650910134036,0.9999999999999996,0.40026630552509995,0.9999999999999996,0.141204591389554
64480.0,45.56248403318432,61.20484814978442,77.16360649511996,27.180692622912133,15.43578139009936,131.59837343597619,1.588840667197584,626.3987053475474,284.5829902421985,164.20363791925973,164.20363791925973,12.361335613342249,5.669027144317647,69.27377049929306,8.494390872880306,1.1508125127647768,8.849189036518222,1.5056106764027521,0.012073406575732257,0.9999999999999996,2.7266650910134036,0.9999999999999996,2.7266650910134036,0.9999999999999996,0.40026630535408536,0.9999999999999996,0.14120459153912532
64560.0,45.562484015679495,61.204848159419626,77.16360648145864,27.18069263270474,15.435781376855271,131.5983129098682,1.5888418528139492,626.3987055742263,284.5829899969411,164.20363791925973,164.20363791925973,12.361335608570464,5.669027149744024,69.27379037855891,8.49439087334149,1.1508125136391572,8.84918903564384,1.505610675941568,0.012073421138021337,0.9999999999999996,2.7266650910134036,0.9999999999999996,2.7266650910134036,0.9999999999999996,0.4002663051995725,0.9999999999999996,0.14120459167428595
64640.0,45.562483999684474,61.20484816822291,77.1636064689756,27.18069264165184,15.435781364753499,131.59825760782786,1.5888429361267487,626.3987057813332,284.5829897728374,164.20363791925973,164.20363791925973,12.361335604210684,5.66902715470237,69.27380854326037,8.494390873762855,1.1508125144381214,8.849189034844876,1.5056106755202032,0.012073434443650563,0.9999999999999996,2.7266650910134036,0.9999999999999996,2.7266650910134036,0.9999999999999996,0.40026630505840066,0.9999999999999996,0.14120459179778883
64720.0,45.562483984933344,61.20484817634123,77.16360645746335,27.180692649902785,15.435781353592848,131.59820660791897,1.5888439351742842,626.3987059723256,284.58298956616164,164.20363791925973,164.20363791925973,12.361335600190124,5.669027159275119,69.27382529536173,8.494390874151435,1.1508125151749524,8.849189034108045,1.5056106751316238,0.01207344671427061,0.9999999999999996,2.7266650910134036,0.9999999999999996,2.7266650910134036,0.9999999999999996,0.4002663049282129,0.9999999999999996,0.14120459191168724
64800.0,45.562483971485044,61.20484818374174,77.16360644696786,27.180692657424185,15.435781343417915,131.59816011568842,1.5888448459467432,626.3987061464306,284.58298937773964,164.20363791925973,164.20363791925973,12.361335596525057,5.669027163444,69.27384056794364,8.494390874505656,1.150812515846706,8.849189033436293,1.5056106747774025,0.01207345790055107,0.9999999999999996,2.7266650910134036,0.9999999999999996,2.7266650910134036,0.9999999999999996,0.4002663048095362,0.9999999999999996,0.14120459201552607
64880.0,45.562483959254436,61.20484819047134,77.1636064374227,27.18069266426372,15.435781334164284,131.59811783656122,1.5888456742134798,626.3987063047518,284.58298920637856,164.20363791925973,164.20363791925973,12.361335593192255,5.669027167235404,69.27385445768782,8.494390874827765,1.1508125164576346,8.849189032825363,1.5056106744552935,0.01207346807335613,0.9999999999999996,2.7266650910134036,0.9999999999999996,2.7266650910134036,0.9999999999999996,0.4002663047016184,0.9999999999999996,0.14120459210996267
64960.0,45.5624839481825,61.2048481965625,77.1636064287818,27.180692670454395,15.435781325787298,131.59807956653214,1.5888464239722355,626.3987064480533,284.5829890512514,164.20363791925973,164.20363791925973,12.361335590175633,5.669027170667628,69.27386703162736,8.494390875119315,1.1508125170106867,8.849189032272312,1.505610674163743,0.012073477281778731,0.9999999999999996,2.7266650910134036,0.9999999999999996,2.7266650910134036,0.9999999999999996,0.40026630460393864,0.9999999999999996,0.14120459219545278
65040.0,45.56248393823631,61.20484820203326,77.16360642101947,27.180692676014523,15.43578131826205,131.5980451921655,1.5888470974491404,626.398706576759,284.5829889118969,164.20363791925973,164.20363791925973,12.361335587466266,5.669027173750877,69.27387832714666,8.494390875381171,1.1508125175075068,8.849189031775492,1.505610673901888,0.012073485553140497,0.9999999999999996,2.7266650910134036,0.9999999999999996,2.7266650910134036,0.9999999999999996,0.4002663045162079,0.9999999999999996,0.14120459227225057
65120.0,45.56248392939827,61.20484820689317,77.16360641412197,27.180692680953836,15.435781311575221,131.59801465311412,1.5888476958316216,626.3987066910938,284.5829887880686,164.20363791925973,164.20363791925973,12.361335585059416,5.669027176490609,69.27388836424541,8.494390875613789,1.1508125179489739,8.849189031334024,1.5056106736692703,0.012073492901999666,0.9999999999999996,2.7266650910134036,0.9999999999999996,2.7266650910134036,0.9999999999999996,0.40026630443827294,0.9999999999999996,0.14120459234049207
65200.0,45.56248392089068,61.204848211572504,77.16360640748238,27.180692685709612,15.435781305138413,131.59798525119496,1.5888482718869168,626.3987068011803,284.5829886688701,164.20363791925973,164.20363791925973,12.361335582741999,5.6690271791279025,69.27389802601294,8.494390875837762,1.1508125183739348,8.849189030909063,1.5056106734452963,0.012073499976873616,0.9999999999999996,2.7266650910134036,0.9999999999999996,2.7266650910134036,0.9999999999999996,0.4002663043632338,0.9999999999999996,0.141204592406182
65280.0,45.562483913121255,61.20484821584544,77.16360640141886,27.18069269005235,15.435781299260096,131.59795840199814,1.5888487979406627,626.3987069017059,284.5829885600139,164.20363791925973,164.20363791925973,12.36133558062585,5.66902718153637,69.27390684949184,8.494390876042283,1.150812518762024,8.849189030520975,1.5056106732407744,0.012073506437593322,0.9999999999999996,2.7266650910134036,0.9999999999999996,2.7266650910134036,0.9999999999999996,0.4002663042947118,0.9999999999999996,0.14120459246617229
65360.0,45.56248390605965,61.20484821972862,77.16360639590776,27.18069269399897,15.435781293917312,131.59793400082964,1.588849276045625,626.398706993062,284.58298846107493,164.20363791925973,164.20363791925973,12.361335578702723,5.669027183725419,69.27391486914973,8.49439087622815,1.150812519114757,8.849189030168242,1.505610673054908,0.012073512309362003,0.9999999999999996,2.7266650910134036,0.9999999999999996,2.7266650910134036,0.9999999999999996,0.40026630423244,0.9999999999999996,0.1412045925206973
65440.0,45.56248389969258,61.20484822322926,77.1636063909387,27.180692697556797,15.435781289100015,131.5979120022027,1.58884970709622,626.3987070754184,284.58298837186703,164.20363791925973,164.20363791925973,12.36133557696905,5.669027185699164,69.27392210006747,8.494390876395707,1.150812519432797,8.849189029850201,1.5056106728873515,0.012073517603148792,0.9999999999999996,2.7266650910134036,0.9999999999999996,2.7266650910134036,0.9999999999999996,0.40026630417630277,0.9999999999999996,0.14120459256985954
65520.0,45.56248389402385,61.20484822634513,77.16360638651464,27.18069270072356,15.435781284811078,131.5978924198377,1.5888500908285166,626.3987071487226,284.5829882924434,164.20363791925973,164.20363791925973,12.361335575425937,5.669027187456429,69.27392853793907,8.494390876544847,1.1508125197159544,8.849189029567045,1.5056106727382124,0.01207352231568874,0.9999999999999996,2.7266650910134036,0.9999999999999996,2.7266650910134036,0.9999999999999996,0.400266304126336,0.9999999999999996,0.1412045926136296
65600.0,45.562483889074336,61.20484822906455,77.16360638265189,27.180692703487406,15.435781281066294,131.59787532666218,1.5888504258202347,626.3987072127,284.5829882230966,164.20363791925973,164.20363791925973,12.361335574079162,5.669027188990745,69.27393415907179,8.49439087667501,1.150812519963187,8.849189029319811,1.5056106726080487,0.012073526429482772,0.9999999999999996,2.7266650910134036,0.9999999999999996,2.7266650910134036,0.9999999999999996,0.40026630408272673,0.9999999999999996,0.14120459265184648
65680.0,45.562483884535496,61.20484823155815,77.16360637910965,27.180692706021745,15.43578127763223,131.59785965252152,1.588850733007166,626.3987072713647,284.58298815950377,164.20363791925973,164.20363791925973,12.36133557284422,5.669027190397752,69.27393931380469,8.494390876794364,1.1508125201899053,8.849189029093093,1.505610672488694,0.012073530201801594,0.9999999999999996,2.7266650910134036,0.9999999999999996,2.7266650910134036,0.9999999999999996,0.40026630404273866,0.9999999999999996,0.1412045926868923
65760.0,45.56248388018661,61.20484823394799,77.16360637571564,27.180692708450625,15.435781274341881,131.59784463187694,1.5888510273666332,626.3987073275883,284.58298809857223,164.20363791925973,164.20363791925973,12.361335571660668,5.669027191745876,69.27394425278631,8.494390876908753,1.1508125204071356,8.849189028875863,1.5056106723743055,0.012073533816691141,0.9999999999999996,2.7266650910134036,0.9999999999999996,2.7266650910134036,0.9999999999999996,0.4002663040044147,0.9999999999999996,0.1412045927204715
65840.0,45.56248387625541,61.20484823610795,77.1636063726476,27.18069271064586,15.435781271367553,131.59783105539995,1.5888512934366783,626.3987073784035,284.5829880434929,164.20363791925973,164.20363791925973,12.361335570590967,5.66902719296452,69.2739487174221,8.494390877012137,1.1508125206035023,8.849189028679495,1.5056106722709206,0.012073537084116567,0.9999999999999996,2.7266650910134036,0.9999999999999996,2.7266650910134036,0.9999999999999996,0.4002663039697772,0.9999999999999996,0.1412045927508256
65920.0,45.56248387273081,61.204848238044065,77.1636063698969,27.180692712613606,15.435781268700847,131.5978188849279,1.5888515319668186,626.3987074239527,284.58298799411017,164.20363791925973,164.20363791925973,12.36133556963212,5.669027194057124,69.27395272031978,8.49439087710481,1.1508125207795592,8.849189028503439,1.5056106721782494,0.01207354001327443,0.9999999999999996,2.7266650910134036,0.9999999999999996,2.7266650910134036,0.9999999999999996,0.40026630393872925,0.9999999999999996,0.14120459277804026
66000.0,45.56248386961024,61.20484823975769,77.1636063674615,27.180692714355217,15.43578126633984,131.59780811194307,1.5888517431264504,626.3987074642674,284.58298795038843,164.20363791925973,164.20363791925973,12.361335568783463,5.669027195024477,69.27395626437368,8.49439087718683,1.1508125209354338,8.849189028347563,1.505610672096228,0.012073542606233235,0.9999999999999996,2.7266650910134036,0.9999999999999996,2.7266650910134036,0.9999999999999996,0.40026630391124934,0.9999999999999996,0.14120459280213518
66080.0,45.56248386689973,61.20484824124542,77.16360636534613,27.18069271586725,15.435781264289075,131.59779875757275,1.5888519265048482,626.3987074992679,284.5829879124118,164.20363791925973,164.20363791925973,12.361335568046679,5.669027195864719,69.2739593427648,8.49439087725804,1.1508125210708262,8.849189028212171,1.5056106720250186,0.01207354485793341,0.9999999999999996,2.7266650910134036,0.9999999999999996,2.7266650910134036,0.9999999999999996,0.40026630388739187,0.9999999999999996,0.14120459282306397
66160.0,45.562483864610364,61.204848242501065,77.16360636355942,27.1806927171434,15.435781262556944,131.59779086054743,1.5888520813467137,626.398707528808,284.5829878803357,164.20363791925973,164.20363791925973,12.361335567424835,5.66902719657441,69.27396194290284,8.49439087731814,1.1508125211851823,8.849189028097816,1.5056106719649178,0.012073546759082003,0.9999999999999996,2.7266650910134036,0.9999999999999996,2.7266650910134036,0.9999999999999996,0.40026630386725626,0.9999999999999996,0.14120459284074102
66240.0,45.56248386232696,61.20484824375418,77.16360636177737,27.180692718416985,15.435781260829325,131.59778298097464,1.5888522358193196,626.3987075582888,284.5829878483432,164.20363791925973,164.20363791925973,12.36133556680424,5.669027197282251,69.27396453622949,8.49439087737812,1.1508125212992404,8.849189027983758,1.505610671904938,0.012073548655823656,0.9999999999999996,2.7266650910134036,0.9999999999999996,2.7266650910134036,0.9999999999999996,0.40026630384716105,0.9999999999999996,0.14120459285837197
66320.0,45.56248386028018,61.20484824487715,77.16360636018,27.180692719558294,15.435781259280741,131.59777591918115,1.5888523742695595,626.3987075847078,284.58298781966613,164.20363791925973,164.20363791925973,12.3613355662481,5.669027197916738,69.27396686082133,8.494390877431869,1.1508125214014784,8.84918902788152,1.505610671851188,0.012073550355785117,0.9999999999999996,2.7266650910134036,0.9999999999999996,2.7266650910134036,0.9999999999999996,0.400266303829153,0.9999999999999996,0.14120459287417583
66400.0,45.5624838584547,61.2048482458784,77.16360635875533,27.180692720575905,15.435781257899587,131.5977696221361,1.5888524977363068,626.3987076082634,284.5829877940895,164.20363791925973,164.20363791925973,12.361335565752237,5.669027198482627,69.27396893410071,8.494390877479795,1.150812521492663,8.849189027790336,1.5056106718032634,0.012073551871725988,0.9999999999999996,2.7266650910134036,0.9999999999999996,2.7266650910134036,0.9999999999999996,0.4002663038130967,0.9999999999999996,0.14120459288827103
66480.0,45.56248385683878,61.20484824676439,77.16360635749422,27.18069272147637,15.435781256676991,131.59776404934505,1.5888526070129707,626.3987076291072,284.58298777144915,164.20363791925973,164.20363791925973,12.361335565313457,5.669027198983549,69.27397076937723,8.494390877522202,1.1508125215733793,8.849189027709619,1.505610671760856,0.012073553213390471,0.9999999999999996,2.7266650910134036,0.9999999999999996,2.7266650910134036,0.9999999999999996,0.4002663037988887,0.9999999999999996,0.14120459290074805
66560.0,45.56248385542433,61.20484824753955,77.16360635639033,27.180692722264197,15.435781255606829,131.59775917284975,1.5888527026474957,626.3987076473439,284.5829877516316,164.20363791925973,164.20363791925973,12.361335564929558,5.6690271994220165,69.27397237584789,8.494390877559304,1.150812521644032,8.849189027638966,1.5056106717237527,0.012073554387507351,0.9999999999999996,2.7266650910134036,0.9999999999999996,2.7266650910134036,0.9999999999999996,0.40026630378645794,0.9999999999999996,0.14120459291166945
66640.0,45.56248385420688,61.204848248206346,77.1636063554402,27.180692722941888,15.435781254685713,131.59775497722842,1.5888527849423617,626.398707663031,284.5829877345742,164.20363791925973,164.20363791925973,12.361335564599328,5.669027199799416,69.27397375859704,8.49439087759122,1.1508125217048444,8.849189027578154,1.505610671691837,0.012073555397789999,0.9999999999999996,2.7266650910134036,0.9999999999999996,2.7266650910134036,0.9999999999999996,0.4002663037757649,0.9999999999999996,0.14120459292106974
66720.0,45.562483853014676,61.204848248859435,77.16360635450977,27.18069272360565,15.435781253783697,131.59775086807824,1.5888528655370908,626.3987076783958,284.5829877178704,164.20363791925973,164.20363791925973,12.361335564275883,5.6690272001689905,69.27397511267029,8.49439087762248,1.1508125217643963,8.849189027518602,1.505610671660577,0.01207355638722014,0.9999999999999996,2.7266650910134036,0.9999999999999996,2.7266650910134036,0.9999999999999996,0.4002663037652916,0.9999999999999996,0.14120459293027512
66800.0,45.562483852046,61.20484824938968,77.16360635375378,27.18069272414455,15.435781253050802,131.59774753108292,1.588852931000826,626.3987076908703,284.5829877042985,164.20363791925973,164.20363791925973,12.361335564013284,5.669027200469272,69.27397621288435,8.49439087764786,1.1508125218127823,8.849189027470215,1.5056106716351974,0.012073557190829157,0.9999999999999996,2.7266650910134036,0.9999999999999996,2.7266650910134036,0.9999999999999996,0.40026630375678857,0.9999999999999996,0.14120459293775459
66880.0,45.56248385116336,61.20484824987272,77.16360635306494,27.180692724635485,15.435781252382997,131.59774449087374,1.5888529906456101,626.3987077022344,284.5829876919319,164.20363791925973,164.20363791925973,12.361335563774057,5.669027200742885,69.27397721538958,8.49439087767098,1.150812521856871,8.849189027426126,1.5056106716120765,0.01207355792299158,0.9999999999999996,2.7266650910134036,0.9999999999999996,2.7266650910134036,0.9999999999999996,0.4002663037490422,0.9999999999999996,0.14120459294456975
66960.0,45.56248385036457,61.204848250309766,77.16360635244153,27.180692725079677,15.43578125177864,131.59774173992741,1.588853044618737,626.3987077125166,284.58298768074025,164.20363791925973,164.20363791925973,12.36133556355761,5.669027200990503,69.27397812265373,8.4943908776919,1.150812521896771,8.849189027386227,1.5056106715911575,0.012073558585516906,0.9999999999999996,2.7266650910134036,0.9999999999999996,2.7266650910134036,0.9999999999999996,0.40026630374203354,0.9999999999999996,0.14120459295073745
67040.0,45.56248384964747,61.20484825070203,77.1636063518819,27.180692725478337,15.435781251236083,131.59773927072067,1.5888530930675007,626.3987077217448,284.58298767069306,164.20363791925973,164.20363791925973,12.361335563363346,5.669027201212799,69.27397893714458,8.494390877710675,1.1508125219325906,8.849189027350407,1.5056106715723823,0.012073559180214629,0.9999999999999996,2.7266650910134036,0.9999999999999996,2.7266650910134036,0.9999999999999996,0.4002663037357432,0.9999999999999996,0.1412045929562744
67120.0,45.56248384900988,61.204848251050684,77.1636063513843,27.180692725832692,15.435781250753687,131.59773707573015,1.5888531361391944,626.3987077299474,284.58298766175994,164.20363791925973,164.20363791925973,12.361335563190673,5.669027201410447,69.27397966132988,8.494390877727364,1.1508125219644387,8.849189027318559,1.505610671555694,0.01207355970889425,0.9999999999999996,2.7266650910134036,0.9999999999999996,2.7266650910134036,0.9999999999999996,0.40026630373015193,0.9999999999999996,0.14120459296119742
67200.0,45.56248384844943,61.20484825135706,77.1636063509469,27.180692726144066,15.435781250329649,131.59773514673714,1.588853173994751,626.3987077371551,284.58298765390754,164.20363791925973,164.20363791925973,12.361335563038946,5.669027201584183,69.27398029790643,8.494390877742028,1.1508125219924337,8.849189027290564,1.50561067154103,0.012073560173532708,0.9999999999999996,2.7266650910134036,0.9999999999999996,2.7266650910134036,0.9999999999999996,0.40026630372523897,0.9999999999999996,0.14120459296552487
67280.0,45.56248384789094,61.20484825166235,77.16360635051105,27.18069272645435,15.435781249907096,131.59773322450832,1.5888532117177596,626.3987077443375,284.5829876460826,164.20363791925973,164.20363791925973,12.361335562887746,5.669027201757311,69.27398093225821,8.49439087775664,1.150812522020331,8.849189027262668,1.5056106715264173,0.012073560636543372,0.9999999999999996,2.7266650910134036,0.9999999999999996,2.7266650910134036,0.9999999999999996,0.40026630372034305,0.9999999999999996,0.14120459296983714
67360.0,45.56248384738711,61.20484825193768,77.16360635011785,27.180692726734183,15.435781249525903,131.59773149074132,1.588853245744694,626.3987077508151,284.58298763902354,164.20363791925973,164.20363791925973,12.361335562751382,5.669027201913494,69.27398150452142,8.494390877769819,1.1508125220454974,8.8491890272375,1.5056106715132382,0.012073561054177284,0.9999999999999996,2.7266650910134036,0.9999999999999996,2.7266650910134036,0.9999999999999996,0.4002663037159275,0.9999999999999996,0.14120459297372734
67440.0,45.562483846934306,61.20484825218506,77.16360634976446,27.180692726985605,15.43578124918332,131.59772993286396,1.5888532763218635,626.3987077566351,284.58298763267953,164.20363791925973,164.20363791925973,12.361335562628863,5.669027202053857,69.27398201882697,8.49439087778166,1.1508125220681151,8.849189027214884,1.5056106715013975,0.01207356142945957,0.9999999999999996,2.7266650910134036,0.9999999999999996,2.7266650910134036,0.9999999999999996,0.40026630371196026,0.9999999999999996,0.14120459297722354
67520.0,45.56248384652889,61.20484825240648,77.16360634944806,27.180692727210648,15.43578124887659,131.5977285383039,1.5888533036955768,626.3987077618444,284.58298762699945,164.20363791925973,164.20363791925973,12.3613355625192,5.66902720217953,69.27398247930583,8.494390877792258,1.1508125220883656,8.849189027194633,1.505610671490799,0.012073561765415368,0.9999999999999996,2.7266650910134036,0.9999999999999996,2.7266650910134036,0.9999999999999996,0.40026630370840927,0.9999999999999996,0.14120459298035382
67600.0,45.56248384616724,61.204848252603945,77.16360634916582,27.180692727411344,15.435781248602968,131.59772729448892,1.588853328112143,626.3987077664901,284.58298762193243,164.20363791925973,164.20363791925973,12.3613355624214,5.669027202291638,69.27398289008892,8.49439087780171,1.1508125221064303,8.849189027176568,1.505610671481347,0.012073562065069807,0.9999999999999996,2.7266650910134036,0.9999999999999996,2.7266650910134036,0.9999999999999996,0.4002663037052425,0.9999999999999996,0.14120459298314622
67680.0,45.562483845845705,61.204848252779456,77.16360634891488,27.18069272758973,15.435781248359698,131.59772618884674,1.5888533498178719,626.3987077706195,284.5829876174275,164.20363791925973,164.20363791925973,12.361335562334473,5.6690272023913115,69.27398325530719,8.494390877810112,1.1508125221224912,8.849189027160508,1.505610671472946,0.012073562331448028,0.9999999999999996,2.7266650910134036,0.9999999999999996,2.7266650910134036,0.9999999999999996,0.4002663037024278,0.9999999999999996,0.1412045929856289
67760.0,45.56248384556066,61.20484825293502,77.16360634869241,27.180692727747836,15.435781248144028,131.59772520880512,1.5888533690590718,626.3987077742794,284.58298761343366,164.20363791925973,164.20363791925973,12.361335562257427,5.6690272024796755,69.27398357909156,8.494390877817557,1.1508125221367298,8.849189027146268,1.5056106714655,0.012073562567575162,0.9999999999999996,2.7266650910134036,0.9999999999999996,2.7266650910134036,0.9999999999999996,0.400266303699933,0.9999999999999996,0.14120459298782986
67840.0,45.56248384530844,61.20484825307264,77.16360634849558,27.1806927278877,15.435781247953205,131.59772434179183,1.5888533860820524,626.3987077775168,284.5829876099,164.20363791925973,164.20363791925973,12.361335562189273,5.669027202557859,69.27398386557302,8.494390877824143,1.1508125221493277,8.84918902713367,1.505610671458913,0.012073562776476343,0.9999999999999996,2.7266650910134036,0.9999999999999996,2.7266650910134036,0.9999999999999996,0.40026630369772614,0.9999999999999996,0.14120459298977725
67920.0,45.56248384508544,61.204848253194314,77.16360634832154,27.180692728011355,15.43578124778448,131.59772357523454,1.5888534011331223,626.3987077803791,284.5829876067755,164.20363791925973,164.20363791925973,12.36133556212902,5.66902720262699,69.27398411888247,8.494390877829968,1.150812522160467,8.84918902712253,1.5056106714530895,0.012073562961176705,0.9999999999999996,2.7266650910134036,0.9999999999999996,2.7266650910134036,0.9999999999999996,0.4002663036957751,0.9999999999999996,0.14120459299149918
68000.0,45.56248384488801,61.20484825330204,77.16360634816746,27.18069272812083,15.435781247635099,131.59772289656107,1.5888534144585913,626.3987077829133,284.5829876040092,164.20363791925973,164.20363791925973,12.361335562075675,5.669027202688195,69.27398434315086,8.494390877835123,1.1508125221703291,8.849189027112669,1.5056106714479336,0.012073563124701389,0.9999999999999996,2.7266650910134036,0.9999999999999996,2.7266650910134036,0.9999999999999996,0.40026630369404775,0.9999999999999996,0.14120459299302368
68080.0,45.56248384471251,61.20484825339781,77.16360634803048,27.18069272821817,15.43578124750231,131.5977222931991,1.5888534263047678,626.3987077851664,284.58298760155014,164.20363791925973,164.20363791925973,12.36133556202825,5.669027202742601,69.27398454250914,8.494390877839708,1.1508125221790957,8.849189027103902,1.5056106714433495,0.012073563270075525,0.9999999999999996,2.7266650910134036,0.9999999999999996,2.7266650910134036,0.9999999999999996,0.4002663036925121,0.9999999999999996,0.14120459299437882
68160.0,45.56248384456772,61.204848253476726,77.16360634791748,27.180692728298357,15.435781247392761,131.59772179586318,1.5888534360726776,626.3987077870225,284.5829875995214,164.20363791925973,164.20363791925973,12.361335561989176,5.669027202787486,69.27398470698306,8.494390877843484,1.150812522186328,8.849189027096669,1.505610671439573,0.012073563389929626,0.9999999999999996,2.7266650910134036,0.9999999999999996,2.7266650910134036,0.9999999999999996,0.4002663036912469,0.9999999999999996,0.14120459299549684
68240.0,45.56248384445529,61.20484825353782,77.16360634782973,27.180692728360444,15.435781247307697,131.59772141039792,1.5888534436489925,626.3987077884598,284.58298759794616,164.20363791925973,164.20363791925973,12.361335561958919,5.669027202822338,69.27398483470229,8.494390877846408,1.1508125221919439,8.849189027091052,1.505610671436649,0.012073563482866295,0.9999999999999996,2.7266650910134036,0.9999999999999996,2.7266650910134036,0.9999999999999996,0.4002663036902671,0.9999999999999996,0.14120459299636495
68320.0,45.56248384436086,61.20484825358907,77.16360634775603,27.180692728412534,15.43578124723625,131.59772108685357,1.5888534500099132,626.3987077896655,284.58298759662307,164.20363791925973,164.20363791925973,12.361335561933533,5.669027202851612,69.27398494197743,8.494390877848861,1.1508125221966607,8.849189027086336,1.5056106714341957,0.012073563560886295,0.9999999999999996,2.7266650910134036,0.9999999999999996,2.7266650910134036,0.9999999999999996,0.40026630368944516,0.9999999999999996,0.14120459299709406
68400.0,45.562483844281324,61.20484825363219,77.16360634769397,27.18069272845636,15.435781247176077,131.59772081452863,1.588853455365217,626.3987077906801,284.58298759550877,164.20363791925973,164.20363791925973,12.361335561912174,5.669027202876266,69.27398503232985,8.494390877850925,1.1508125222006336,8.849189027082364,1.5056106714321318,0.012073563626565519,0.9999999999999996,2.7266650910134036,0.9999999999999996,2.7266650910134036,0.9999999999999996,0.40026630368875354,0.9999999999999996,0.14120459299770816
68480.0,45.56248384421359,61.20484825366888,77.1636063476411,27.18069272849365,15.43578124712483,131.59772058272162,1.5888534599246806,626.3987077915432,284.58298759455977,164.20363791925973,164.20363791925973,12.361335561894,5.669027202897263,69.27398510928084,8.494390877852682,1.1508125222040169,8.84918902707898,1.5056106714303754,0.012073563682479863,0.9999999999999996,2.7266650910134036,0.9999999999999996,2.7266650910134036,0.9999999999999996,0.400266303688165,0.9999999999999996,0.14120459299823115
68560.0,45.562483844154556,61.20484825370084,77.16360634759504,27.180692728526136,15.435781247080161,131.59772038073112,1.5888534638980816,626.3987077922951,284.58298759373264,164.20363791925973,164.20363791925973,12.361335561878166,5.669027202915565,69.27398517635177,8.494390877854212,1.1508125222069658,8.849189027076031,1.5056106714288455,0.012073563731205222,0.9999999999999996,2.7266650910134036,0.9999999999999996,2.7266650910134036,0.9999999999999996,0.4002663036876523,0.9999999999999996,0.14120459299868704
68640.0,45.562483844101116,61.20484825372978,77.16360634755333,27.180692728555545,15.43578124703973,131.59772019785564,1.588853467495197,626.3987077929759,284.5829875929839,164.20363791925973,164.20363791925973,12.361335561863832,5.6690272029321305,69.27398523706397,8.494390877855597,1.1508125222096353,8.849189027073361,1.5056106714274606,0.012073563775317495,0.9999999999999996,2.7266650910134036,0.9999999999999996,2.7266650910134036,0.9999999999999996,0.4002663036871882,0.9999999999999996,0.14120459299909965
68720.0,45.56248384405017,61.20484825375739,77.16360634751356,27.180692728583605,15.435781247001184,131.5977200233937,1.5888534709258042,626.3987077936255,284.5829875922701,164.20363791925973,164.20363791925973,12.361335561850154,5.669027202947923,69.27398529493875,8.494390877856919,1.15081252221218,8.849189027070816,1.505610671426139,0.012073563817392573,0.9999999999999996,2.7266650910134036,0.9999999999999996,2.7266650910134036,0.9999999999999996,0.40026630368674526,0.9999999999999996,0.141204592999493
68800.0,45.56248384399862,61.20484825378538,77.16360634747335,27.18069272861205,15.435781246962184,131.59771984664383,1.58885347439968,626.3987077942838,284.5829875915479,164.20363791925973,164.20363791925973,12.361335561836288,5.669027202963903,69.27398535349747,8.494390877858258,1.150812522214755,8.849189027068242,1.5056106714247994,0.012073563860006357,0.9999999999999996,2.7266650910134036,0.9999999999999996,2.7266650910134036,0.9999999999999996,0.40026630368629623,0.9999999999999996,0.14120459299989105
68880.0,45.56248384394337,61.20484825381544,77.16360634743023,27.18069272864261,15.43578124692038,131.59771965690462,1.5888534781266017,626.3987077949912,284.58298759077377,164.20363791925973,164.20363791925973,12.361335561821393,5.669027202981031,69.27398541626144,8.494390877859697,1.1508125222175147,8.849189027065481,1.5056106714233601,0.012073563905734734,0.9999999999999996,2.7266650910134036,0.9999999999999996,2.7266650910134036,0.9999999999999996,0.400266303685814,0.9999999999999996,0.14120459300031765
68960.0,45.56248384388131,61.20484825384929,77.1636063473818,27.180692728677013,15.435781246873427,131.59771944347452,1.5888534823163465,626.3987077957875,284.5829875899043,164.20363791925973,164.20363791925973,12.361335561804625,5.669027203000269,69.27398548675203,8.494390877861317,1.1508125222206147,8.849189027062382,1.50561067142174,0.012073563957153607,0.9999999999999996,2.7266650910134036,0.9999999999999996,2.7266650910134036,0.9999999999999996,0.400266303685271,0.9999999999999996,0.14120459300079685
69040.0,45.562483843809346,61.20484825388863,77.16360634732564,27.180692728716984,15.43578124681898,131.59771919565213,1.5888534871786912,626.3987077967128,284.58298758889606,164.20363791925973,164.20363791925973,12.361335561785141,5.669027203022577,69.27398556849053,8.4943908778632,1.1508125222242094,8.849189027058788,1.5056106714198574,0.012073564016838869,0.9999999999999996,2.7266650910134036,0.9999999999999996,2.7266650910134036,0.9999999999999996,0.4002663036846401,0.9999999999999996,0.14120459300135252
69120.0,45.56248384380002,61.20484825389355,77.16360634731836,27.18069272872199,15.43578124681192,131.59771916420252,1.5888534878011,626.3987077968285,284.5829875887653,164.20363791925973,164.20363791925973,12.361335561782703,5.66902720302547,69.27398557909808,8.494390877863434,1.1508125222246754,8.849189027058323,1.505610671419622,0.012073564024453878,0.9999999999999996,2.7266650910134036,0.9999999999999996,2.7266650910134036,0.9999999999999996,0.4002663036845611,0.9999999999999996,0.14120459300142454
69200.0,45.56248384379518,61.20484825389603,77.16360634731458,27.18069272872451,15.43578124680826,131.59771914816002,1.5888534881207592,626.3987077968868,284.5829875886975,164.20363791925973,164.20363791925973,12.361335561781473,5.669027203026971,69.27398558460396,8.494390877863554,1.1508125222249173,8.849189027058081,1.5056106714195032,0.012073564028354775,0.9999999999999996,2.7266650910134036,0.9999999999999996,2.7266650910134036,0.9999999999999996,0.4002663036845214,0.9999999999999996,0.14120459300146193
69280.0,45.56248384379195,61.204848253897644,77.16360634731207,27.180692728726154,15.43578124680582,131.59771913760534,1.5888534883321226,626.3987077969249,284.5829875886523,164.20363791925973,164.20363791925973,12.36133556178067,5.66902720302797,69.27398558827252,8.49439087786363,1.1508125222250782,8.84918902705792,1.5056106714194257,0.01207356403092926,0.9999999999999996,2.7266650910134036,0.9999999999999996,2.7266650910134036,0.9999999999999996,0.4002663036844954,0.9999999999999996,0.14120459300148683
69360.0,45.56248384378879,61.20484825389925,77.16360634730961,27.180692728727788,15.435781246803426,131.5977191271724,1.5888534885404428,626.3987077969628,284.58298758860803,164.20363791925973,164.20363791925973,12.361335561779875,5.669027203028952,69.27398559187226,8.494390877863708,1.1508125222252363,8.849189027057761,1.505610671419349,0.012073564033469446,0.9999999999999996,2.7266650910134036,0.9999999999999996,2.7266650910134036,0.9999999999999996,0.4002663036844696,0.9999999999999996,0.14120459300151128
69440.0,45.56248384378413,61.2048482539017,77.16360634730597,27.18069272873028,15.4357812467999,131.59771911149517,1.588853488850973,626.3987077970204,284.5829875885427,164.20363791925973,164.20363791925973,12.361335561778661,5.669027203030397,69.27398559717165,8.494390877863825,1.1508125222254693,8.849189027057529,1.5056106714192317,0.012073564037267464,0.9999999999999996,2.7266650910134036,0.9999999999999996,2.7266650910134036,0.9999999999999996,0.40026630368443034,0.9999999999999996,0.14120459300154728
69520.0,45.56248384377641,61.20484825390585,77.16360634729995,27.180692728734492,15.435781246794061,131.59771908520756,1.5888534893689665,626.3987077971179,284.5829875884346,164.20363791925973,164.20363791925973,12.36133556177661,5.669027203032789,69.27398560593919,8.494390877864022,1.1508125222258547,8.849189027057143,1.5056106714190332,0.012073564043615433,0.9999999999999996,2.7266650910134036,0.9999999999999996,2.7266650910134036,0.9999999999999996,0.4002663036843639,0.9999999999999996,0.14120459300160687
69600.0,45.562483843764085,61.204848253912544,77.16360634729033,27.1806927287413,15.435781246784735,131.5977190429435,1.5888534901996758,626.3987077972756,284.5829875882619,164.20363791925973,164.20363791925973,12.361335561773297,5.66902720303661,69.27398561994333,8.494390877864344,1.1508125222264705,8.849189027056527,1.5056106714187125,0.01207356405380548,0.9999999999999996,2.7266650910134036,0.9999999999999996,2.7266650910134036,0.9999999999999996,0.4002663036842566,0.9999999999999996,0.14120459300170202
69680.0,45.56248384374559,61.20484825392265,77.1636063472759,27.180692728751566,15.435781246770741,131.59771897933692,1.5888534914483539,626.3987077975132,284.58298758800277,164.20363791925973,164.20363791925973,12.361335561768298,5.669027203042344,69.27398564095259,8.494390877864827,1.1508125222273944,8.849189027055603,1.5056106714182291,0.01207356406912973,0.9999999999999996,2.7266650910134036,0.9999999999999996,2.7266650910134036,0.9999999999999996,0.4002663036840947,0.9999999999999996,0.14120459300184485
69760.0,45.56248384371936,61.204848253937,77.16360634725544,27.180692728766157,15.435781246750901,131.5977188890218,1.5888534932202536,626.398707797851,284.5829875876354,164.20363791925973,164.20363791925973,12.361335561761194,5.669027203050472,69.27398567073543,8.494390877865515,1.150812522228704,8.849189027054294,1.505610671417542,0.0120735640908803,0.9999999999999996,2.7266650910134036,0.9999999999999996,2.7266650910134036,0.9999999999999996,0.40026630368386473,0.9999999999999996,0.14120459300204732
69840.0,45.562483843683864,61.20484825395646,77.16360634722773,27.18069272878594,15.435781246724039,131.59771876663197,1.5888534956206282,626.398707798309,284.58298758713795,164.20363791925973,164.20363791925973,12.36133556175156,5.669027203061479,69.27398571106035,8.494390877866445,1.1508125222304775,8.84918902705252,1.5056106714166102,0.01207356412034932,0.9999999999999996,2.7266650910134036,0.9999999999999996,2.7266650910134036,0.9999999999999996,0.4002663036835527,0.9999999999999996,0.14120459300232147
69920.0,45.562483843637516,61.204848253981886,77.16360634719156,27.18069272881178,15.435781246688975,131.59771860680146,1.5888534987547303,626.3987077989073,284.5829875864886,164.20363791925973,164.20363791925973,12.361335561738974,5.669027203075845,69.27398576369582,8.494390877867662,1.1508125222327925,8.849189027050205,1.5056106714153932,0.012073564158828909,0.9999999999999996,2.7266650910134036,0.9999999999999996,2.7266650910134036,0.9999999999999996,0.4002663036831452,0.9999999999999996,0.14120459300267932
70000.0,45.562483843509554,61.20484825405174,77.16360634709167,27.180692728882768,15.435781246592159,131.59771816673697,1.5888535073936318,626.3987078005504,284.58298758469573,164.20363791925973,164.20363791925973,12.361335561704376,5.669027203115513,69.27398590904515,8.494390877871005,1.1508125222391843,8.849189027043813,1.5056106714120503,0.012073564264849353,0.9999999999999996,2.7266650910134036,0.9999999999999996,2.7266650910134036,0.9999999999999996,0.4002663036820249,0.9999999999999996,0.14120459300366736
70080.0,45.56248384352371,61.204848254044066,77.16360634710273,27.180692728874966,15.435781246602867,131.5977182152316,1.588853506440231,626.3987078003698,284.58298758489406,164.20363791925973,164.20363791925973,12.361335561708183,5.669027203111125,69.27398589296631,8.49439087787064,1.1508125222384773,8.849189027044522,1.5056106714124176,0.012073564253155351,0.9999999999999996,2.7266650910134036,0.9999999999999996,2.7266650910134036,0.9999999999999996,0.40026630368214816,0.9999999999999996,0.1412045930035581
70160.0,45.56248384353289,61.2048482540391,77.16360634710989,27.180692728869925,15.435781246609814,131.59771824661783,1.58885350582257,626.3987078002532,284.5829875850227,164.20363791925973,164.20363791925973,12.361335561710645,5.6690272031082785,69.27398588253325,8.494390877870401,1.1508125222380186,8.84918902704498,1.5056106714126551,0.012073564245582235,0.9999999999999996,2.7266650910134036,0.9999999999999996,2.7266650910134036,0.9999999999999996,0.40026630368222793,0.9999999999999996,0.14120459300348714
70240.0,45.5624838435371,61.20484825403686,77.16360634711317,27.180692728867648,15.435781246613002,131.5977182608957,1.5888535055406485,626.3987078002004,284.5829875850817,164.20363791925973,164.20363791925973,12.36133556171176,5.669027203106973,69.27398587774597,8.494390877870293,1.150812522237808,8.84918902704519,1.5056106714127624,0.012073564242130002,0.9999999999999996,2.7266650910134036,0.9999999999999996,2.7266650910134036,0.9999999999999996,0.400266303682264,0.9999999999999996,0.14120459300345464
70320.0,45.56248384353634,61.20484825403733,77.16360634711259,27.180692728868127,15.435781246612429,131.59771825806519,1.5888535055944673,626.3987078002116,284.5829875850711,164.20363791925973,164.20363791925973,12.36133556171153,5.669027203107207,69.27398587860446,8.494390877870316,1.150812522237846,8.849189027045153,1.5056106714127397,0.012073564242798655,0.9999999999999996,2.7266650910134036,0.9999999999999996,2.7266650910134036,0.9999999999999996,0.4002663036822565,0.9999999999999996,0.14120459300346047
70400.0,45.562483843530615,61.20484825404052,77.16360634710811,27.180692728871367,15.435781246608094,131.5977182381263,1.5888535059840254,626.3987078002866,284.5829875849908,164.20363791925973,164.20363791925973,12.361335561709954,5.669027203108984,69.27398588510873,8.494390877870469,1.1508125222381322,8.849189027044867,1.5056106714125872,0.012073564247588185,0.9999999999999996,2.7266650910134036,0.9999999999999996,2.7266650910134036,0.9999999999999996,0.40026630368220556,0.9999999999999996,0.14120459300350474
70480.0,45.56248384351992,61.204848254046425,77.16360634709977,27.180692728877368,15.435781246599998,131.59771820107906,1.5888535067093237,626.3987078004255,284.5829875848409,164.20363791925973,164.20363791925973,12.36133556170703,5.6690272031123,69.27398589725878,8.494390877870751,1.1508125222386667,8.849189027044332,1.5056106714123045,0.012073564256498602,0.9999999999999996,2.7266650910134036,0.9999999999999996,2.7266650910134036,0.9999999999999996,0.40026630368211086,0.9999999999999996,0.14120459300358734
70560.0,45.562483843504246,61.204848254055044,77.16360634708754,27.180692728886132,15.435781246588142,131.5977181469234,1.5888535077703616,626.3987078006284,284.5829875846214,164.20363791925973,164.20363791925973,12.361335561702761,5.669027203117158,69.27398591505461,8.494390877871163,1.1508125222394494,8.849189027043549,1.505610671411892,0.012073564269529906,0.9999999999999996,2.7266650910134036,0.9999999999999996,2.7266650910134036,0.9999999999999996,0.40026630368197263,0.9999999999999996,0.14120459300370833
70640.0,45.56248384348361,61.204848254066384,77.16360634707142,27.180692728897654,15.435781246572525,131.5977180756594,1.5888535091671394,626.3987078008951,284.58298758433216,164.20363791925973,164.20363791925973,12.361335561697148,5.669027203123556,69.27398593849622,8.494390877871707,1.1508125222404804,8.849189027042518,1.5056106714113493,0.01207356428668209,0.9999999999999996,2.7266650910134036,0.9999999999999996,2.7266650910134036,0.9999999999999996,0.40026630368179084,0.9999999999999996,0.1412045930038677
70720.0,45.562483843458,61.20484825408044,77.16360634705144,27.180692728911936,15.435781246553148,131.597717987287,1.588853510899657,626.3987078012257,284.5829875839733,164.20363791925973,164.20363791925973,12.361335561690186,5.669027203131495,69.2739859675836,8.49439087787238,1.1508125222417598,8.84918902704124,1.5056106714106767,0.012073564307955158,0.9999999999999996,2.7266650910134036,0.9999999999999996,2.7266650910134036,0.9999999999999996,0.4002663036815654,0.9999999999999996,0.14120459300406546
70800.0,45.562483843427415,61.20484825409721,77.16360634702757,27.180692728928978,15.43578124653001,131.59771788180623,1.5888535129679144,626.39870780162,284.5829875835448,164.20363791925973,164.20363791925973,12.36133556168188,5.669027203140975,69.27398600231676,8.494390877873181,1.1508125222432875,8.849189027039712,1.5056106714098743,0.01207356433334911,0.9999999999999996,2.7266650910134036,0.9999999999999996,2.7266650910134036,0.9999999999999996,0.40026630368129645,0.9999999999999996,0.14120459300430155
70880.0,45.56248384339187,61.2048482541167,77.16360634699983,27.18069272894878,15.43578124650311,131.5977177592171,1.5888535153719117,626.3987078020784,284.5829875830467,164.20363791925973,164.20363791925973,12.361335561672227,5.669027203151996,69.27398604269571,8.494390877874114,1.1508125222450634,8.849189027037935,1.5056106714089417,0.012073564362863949,0.9999999999999996,2.7266650910134036,0.9999999999999996,2.7266650910134036,0.9999999999999996,0.40026630368098387,0.9999999999999996,0.14120459300457608
70960.0,45.56248384342137,61.20484825410061,77.16360634702284,27.180692728932435,15.435781246525432,131.5977178606213,1.5888535133808217,626.3987078017002,284.58298758346007,164.20363791925973,164.20363791925973,12.3613355616802,5.669027203142851,69.27398600918401,8.494390877873345,1.1508125222435897,8.849189027039408,1.5056106714097113,0.012073564338430393,0.9999999999999996,2.7266650910134036,0.9999999999999996,2.7266650910134036,0.9999999999999996,0.4002663036812421,0.9999999999999996,0.1412045930043483
71040.0,45.562483843452256,61.20484825408377,77.16360634704695,27.18069272891532,15.435781246548801,131.59771796679837,1.5888535112961246,626.3987078013041,284.5829875838928,164.20363791925973,164.20363791925973,12.361335561688547,5.669027203133275,69.27398597409974,8.49439087787254,1.1508125222420469,8.849189027040952,1.5056106714105173,0.012073564312847633,0.9999999999999996,2.7266650910134036,0.9999999999999996,2.7266650910134036,0.9999999999999996,0.40026630368151234,0.9999999999999996,0.14120459300410979
71120.0,45.562483843481544,61.204848254067805,77.1636063470698,27.180692728899096,15.435781246570958,131.5977180674583,1.5888535093197276,626.3987078009286,284.5829875843031,164.20363791925973,164.20363791925973,12.36133556169646,5.669027203124198,69.27398594083746,8.494390877871774,1.150812522240584,8.849189027042414,1.5056106714112816,0.012073564288594013,0.9999999999999996,2.7266650910134036,0.9999999999999996,2.7266650910134036,0.9999999999999996,0.4002663036817686,0.9999999999999996,0.1412045930038837
71200.0,45.56248384350922,61.20484825405271,77.1636063470914,27.180692728883763,15.435781246591901,131.59771816260104,1.5888535074516312,626.3987078005738,284.58298758469095,164.20363791925973,164.20363791925973,12.36133556170394,5.6690272031156175,69.27398590939717,8.494390877871053,1.1508125222392014,8.849189027043796,1.5056106714120037,0.01207356426566954,0.9999999999999996,2.7266650910134036,0.9999999999999996,2.7266650910134036,0.9999999999999996,0.40026630368201077,0.9999999999999996,0.14120459300366997
71280.0,45.5624838435353,61.2048482540385,77.16360634711175,27.180692728869317,15.43578124661163,131.59771825222663,1.5888535056918351,626.3987078002394,284.58298758505634,164.20363791925973,164.20363791925973,12.361335561710986,5.669027203107534,69.27398587977885,8.494390877870373,1.1508125222378989,8.8491890270451,1.505610671412684,0.012073564244074209,0.9999999999999996,2.7266650910134036,0.9999999999999996,2.7266650910134036,0.9999999999999996,0.4002663036822389,0.9999999999999996,0.14120459300346863
71360.0,45.56248384355977,61.20484825402516,77.16360634713085,27.180692728855764,15.435781246630146,131.59771833633505,1.5888535040403395,626.3987077999258,284.5829875853992,164.20363791925973,164.20363791925973,12.361335561717597,5.669027203099948,69.27398585198252,8.494390877869735,1.1508125222366765,8.849189027046322,1.5056106714133224,0.012073564223808021,0.9999999999999996,2.7266650910134036,0.9999999999999996,2.7266650910134036,0.9999999999999996,0.400266303682453,0.9999999999999996,0.14120459300327967
71440.0,45.56248384358264,61.204848254012695,77.1636063471487,27.1806927288431,15.435781246647448,131.59771841492633,1.5888535024971442,626.3987077996326,284.5829875857196,164.20363791925973,164.20363791925973,12.361335561723775,5.66902720309286,69.27398582600816,8.494390877869138,1.150812522235534,8.849189027047464,1.5056106714139188,0.012073564204870971,0.9999999999999996,2.7266650910134036,0.9999999999999996,2.7266650910134036,0.9999999999999996,0.4002663036826531,0.9999999999999996,0.14120459300310312
71520.0,45.56248384360391,61.20484825400111,77.1636063471653,27.180692728831325,15.435781246663534,131.59771848800042,1.5888535010622493,626.3987077993601,284.5829875860175,164.20363791925973,164.20363791925973,12.361335561729518,5.6690272030862685,69.27398580185579,8.494390877868584,1.150812522234472,8.849189027048526,1.5056106714144735,0.012073564187263072,0.9999999999999996,2.7266650910134036,0.9999999999999996,2.7266650910134036,0.9999999999999996,0.400266303682839,0.9999999999999996,0.14120459300293894
71600.0,45.56248384362356,61.2048482539904,77.16360634718065,27.18069272882044,15.43578124667841,131.59771855555738,1.588853499735655,626.3987077991081,284.582987586293,164.20363791925973,164.20363791925973,12.36133556173483,5.669027203080174,69.2739857795254,8.49439087786807,1.15081252223349,8.849189027049508,1.505610671414986,0.012073564170984312,0.9999999999999996,2.7266650910134036,0.9999999999999996,2.7266650910134036,0.9999999999999996,0.400266303683011,0.9999999999999996,0.14120459300278712
71680.0,45.56248384364162,61.20484825398056,77.16360634719473,27.180692728810442,15.435781246692072,131.59771861759717,1.5888534985173608,626.3987077988768,284.582987586546,164.20363791925973,164.20363791925973,12.361335561739704,5.6690272030745765,69.273985759017,8.4943908778676,1.150812522232588,8.849189027050409,1.5056106714154567,0.012073564156034696,0.9999999999999996,2.7266650910134036,0.9999999999999996,2.7266650910134036,0.9999999999999996,0.40026630368316884,0.9999999999999996,0.1412045930026477
71760.0,45.56248384365807,61.2048482539716,77.16360634720758,27.180692728801336,15.435781246704519,131.5977186741198,1.5888534974073671,626.3987077986661,284.5829875867765,164.20363791925973,164.20363791925973,12.361335561744147,5.6690272030694775,69.27398574033057,8.494390877867172,1.1508125222317664,8.849189027051231,1.5056106714158857,0.01207356414241422,0.9999999999999996,2.7266650910134036,0.9999999999999996,2.7266650910134036,0.9999999999999996,0.4002663036833127,0.9999999999999996,0.1412045930025207
71840.0,45.56248384367292,61.20484825396351,77.16360634721916,27.18069272879312,15.435781246715752,131.59771872512528,1.588853496405674,626.3987077984759,284.58298758698453,164.20363791925973,164.20363791925973,12.361335561748154,5.669027203064875,69.27398572346613,8.494390877866785,1.1508125222310246,8.849189027051974,1.5056106714162725,0.01207356413012289,0.9999999999999996,2.7266650910134036,0.9999999999999996,2.7266650910134036,0.9999999999999996,0.4002663036834425,0.9999999999999996,0.14120459300240606
71920.0,45.56248384368616,61.2048482539563,77.1636063472295,27.180692728785793,15.435781246725771,131.59771877061357,1.588853495512281,626.3987077983064,284.58298758717007,164.20363791925973,164.20363791925973,12.361335561751728,5.669027203060769,69.27398570842367,8.494390877866438,1.1508125222303631,8.849189027052635,1.5056106714166175,0.012073564119160704,0.9999999999999996,2.7266650910134036,0.9999999999999996,2.7266650910134036,0.9999999999999996,0.4002663036835582,0.9999999999999996,0.14120459300230379
72000.0,45.562483843697805,61.20484825394997,77.16360634723858,27.18069272877936,15.435781246734578,131.59771881058472,1.5888534947271886,626.3987077981574,284.58298758733315,164.20363791925973,164.20363791925973,12.361335561754867,5.669027203057161,69.2739856952032,8.494390877866136,1.1508125222297818,8.849189027053216,1.5056106714169206,0.012073564109527658,0.9999999999999996,2.7266650910134036,0.9999999999999996,2.7266650910134036,0.9999999999999996,0.40026630368365984,0.9999999999999996,0.1412045930022139
72080.0,45.56248384370784,61.20484825394451,77.16360634724641,27.18069272877381,15.43578124674217,131.5977188450387,1.5888534940503964,626.398707798029,284.5829875874738,164.20363791925973,164.20363791925973,12.361335561757574,5.669027203054051,69.2739856838047,8.494390877865875,1.1508125222292804,8.849189027053717,1.505610671417182,0.012073564101223757,0.9999999999999996,2.7266650910134036,0.9999999999999996,2.7266650910134036,0.9999999999999996,0.40026630368374744,0.9999999999999996,0.14120459300213645
72160.0,45.56248384371627,61.20484825393993,77.163606347253,27.180692728769156,15.43578124674855,131.59771887397554,1.5888534934819047,626.3987077979212,284.5829875875919,164.20363791925973,164.20363791925973,12.361335561759846,5.669027203051437,69.27398567422819,8.494390877865655,1.1508125222288592,8.84918902705414,1.5056106714174011,0.012073564094249,0.9999999999999996,2.7266650910134036,0.9999999999999996,2.7266650910134036,0.9999999999999996,0.40026630368382105,0.9999999999999996,0.14120459300207133
72240.0,45.56248384372309,61.20484825393622,77.16360634725832,27.180692728765386,15.435781246753715,131.5977188973952,1.5888534930217135,626.398707797834,284.58298758768757,164.20363791925973,164.20363791925973,12.361335561761683,5.66902720304932,69.27398566647365,8.494390877865477,1.1508125222285184,8.84918902705448,1.5056106714175785,0.012073564088603383,0.9999999999999996,2.7266650910134036,0.9999999999999996,2.7266650910134036,0.9999999999999996,0.40026630368388055,0.9999999999999996,0.14120459300201862
72320.0,45.56248384372832,61.20484825393339,77.1636063472624,27.180692728762512,15.435781246757667,131.59771891529772,1.5888534926698226,626.3987077977675,284.5829875877607,164.20363791925973,164.20363791925973,12.361335561763088,5.669027203047702,69.2739856605411,8.494390877865342,1.1508125222282575,8.84918902705474,1.505610671417714,0.01207356408428691,0.9999999999999996,2.7266650910134036,0.9999999999999996,2.7266650910134036,0.9999999999999996,0.4002663036839261,0.9999999999999996,0.14120459300197832
72400.0,45.56248384373194,61.20484825393143,77.16360634726523,27.180692728760523,15.435781246760406,131.59771892768305,1.5888534924262323,626.3987077977215,284.58298758781143,164.20363791925973,164.20363791925973,12.361335561764058,5.669027203046579,69.27398565643054,8.49439087786525,1.1508125222280765,8.849189027054921,1.5056106714178077,0.012073564081299584,0.9999999999999996,2.7266650910134036,0.9999999999999996,2.7266650910134036,0.9999999999999996,0.40026630368395744,0.9999999999999996,0.14120459300195035
72480.0,45.56248384373396,61.20484825393035,77.1636063472668,27.180692728759425,15.43578124676193,131.59771893455124,1.588853492290942,626.3987077976961,284.5829875878397,164.20363791925973,164.20363791925973,12.361335561764593,5.669027203045955,69.27398565414195,8.494390877865197,1.150812522227976,8.849189027055022,1.5056106714178594,0.012073564079641394,0.9999999999999996,2.7266650910134036,0.9999999999999996,2.7266650910134036,0.9999999999999996,0.40026630368397476,0.9999999999999996,0.14120459300193478
72560.0,45.56248384373436,61.20484825393015,77.16360634726712,27.18069272875922,15.435781246762241,131.59771893590226,1.5888534922639526,626.3987077976914,284.5829875878454,164.20363791925973,164.20363791925973,12.361335561764696,5.669027203045828,69.27398565367534,8.494390877865188,1.1508125222279555,8.849189027055042,1.5056106714178692,0.012073564079312354,0.9999999999999996,2.7266650910134036,0.9999999999999996,2.7266650910134036,0.9999999999999996,0.4002663036839781,0.9999999999999996,0.14120459300193164
72640.0,45.562483843733176,61.20484825393082,77.1636063472662,27.1806927287599,15.435781246761339,131.59771893173613,1.5888534923452633,626.3987077977071,284.5829875878287,164.20363791925973,164.20363791925973,12.361335561764363,5.6690272030461974,69.27398565503073,8.49439087786522,1.150812522228015,8.849189027054983,1.505610671417837,0.012073564080312451,0.9999999999999996,2.7266650910134036,0.9999999999999996,2.7266650910134036,0.9999999999999996,0.4002663036839673,0.9999999999999996,0.14120459300194083
72720.0,45.56248384373038,61.20484825393237,77.16360634726401,27.180692728761475,15.435781246759221,131.59771892205282,1.5888534925348743,626.3987077977436,284.58298758778955,164.20363791925973,164.20363791925973,12.361335561763598,5.669027203047065,69.27398565820809,8.494390877865294,1.1508125222281547,8.849189027054843,1.5056106714177628,0.012073564082641696,0.9999999999999996,2.7266650910134036,0.9999999999999996,2.7266650910134036,0.9999999999999996,0.40026630368394256,0.9999999999999996,0.14120459300196245
72800.0,45.56248384372598,61.20484825393479,77.16360634726057,27.180692728763937,15.435781246755893,131.59771890685235,1.5888534928327858,626.3987077978005,284.58298758772787,164.20363791925973,164.20363791925973,12.361335561762397,5.669027203048429,69.27398566320743,8.49439087786541,1.1508125222283745,8.849189027054623,1.505610671417647,0.012073564086300082,0.9999999999999996,2.7266650910134036,0.9999999999999996,2.7266650910134036,0.9999999999999996,0.40026630368390365,0.9999999999999996,0.14120459300199645
72880.0,45.56248384371997,61.20484825393809,77.1636063472559,27.180692728767287,15.435781246751349,131.59771888613474,1.5888534932389977,626.398707797878,284.58298758764374,164.20363791925973,164.20363791925973,12.361335561760763,5.669027203050291,69.27398567002876,8.494390877865568,1.1508125222286745,8.849189027054324,1.505610671417489,0.012073564091287611,0.9999999999999996,2.7266650910134036,0.9999999999999996,2.7266650910134036,0.9999999999999996,0.40026630368385074,0.9999999999999996,0.1412045930020428
72960.0,45.56248384371236,61.20484825394226,77.16360634724995,27.18069272877153,15.435781246745591,131.59771885989997,1.5888534937535101,626.3987077979763,284.5829875875371,164.20363791925973,164.20363791925973,12.361335561758695,5.66902720305265,69.27398567867206,8.494390877865767,1.1508125222290546,8.849189027053944,1.5056106714172892,0.012073564097604282,0.9999999999999996,2.7266650910134036,0.9999999999999996,2.7266650910134036,0.9999999999999996,0.40026630368378374,0.9999999999999996,0.14120459300210156
73040.0,45.56248384370315,61.20484825394731,77.16360634724276,27.18069272877666,15.435781246738621,131.59771882814803,1.5888534943763228,626.398707798095,284.582987587408,164.20363791925973,164.20363791925973,12.361335561756194,5.669027203055506,69.27398568913736,8.494390877866008,1.150812522229515,8.849189027053484,1.5056106714170476,0.012073564105250097,0.9999999999999996,2.7266650910134036,0.9999999999999996,2.7266650910134036,0.9999999999999996,0.40026630368370275,0.9999999999999996,0.14120459300217267
73120.0,45.56248384369233,61.20484825395324,77.16360634723432,27.18069272878268,15.435781246730436,131.59771879087893,1.588853495107436,626.3987077982343,284.58298758725647,164.20363791925973,164.20363791925973,12.361335561753258,5.669027203058859,69.27398570142464,8.494390877866293,1.1508125222300551,8.849189027052942,1.505610671416764,0.012073564114225055,0.9999999999999996,2.7266650910134036,0.9999999999999996,2.7266650910134036,0.9999999999999996,0.4002663036836077,0.9999999999999996,0.1412045930022562
73200.0,45.56248384367991,61.20484825396004,77.16360634722463,27.180692728789595,15.435781246721039,131.59771874809266,1.5888534959468494,626.3987077983943,284.5829875870824,164.20363791925973,164.20363791925973,12.361335561749888,5.66902720306271,69.27398571553388,8.494390877866618,1.1508125222306758,8.849189027052322,1.5056106714164386,0.012073564124529155,0.9999999999999996,2.7266650910134036,0.9999999999999996,2.7266650910134036,0.9999999999999996,0.4002663036834986,0.9999999999999996,0.14120459300235214
73280.0,45.56248384366588,61.20484825396771,77.16360634721367,27.180692728797393,15.435781246710427,131.59771869978923,1.5888534968945636,626.3987077985748,284.5829875868859,164.20363791925973,164.20363791925973,12.361335561746083,5.669027203067058,69.27398573146512,8.494390877866985,1.1508125222313763,8.849189027051622,1.505610671416071,0.012073564136162403,0.9999999999999996,2.7266650910134036,0.9999999999999996,2.7266650910134036,0.9999999999999996,0.40026630368337535,0.9999999999999996,0.14120459300246044
73360.0,45.562483843650256,61.204848253976266,77.16360634720148,27.180692728806086,15.435781246698602,131.59771864596865,1.5888534979505777,626.398707798776,284.58298758666695,164.20363791925973,164.20363791925973,12.361335561741846,5.669027203071903,69.27398574921834,8.494390877867396,1.150812522232157,8.84918902705084,1.5056106714156618,0.012073564149124787,0.9999999999999996,2.7266650910134036,0.9999999999999996,2.7266650910134036,0.9999999999999996,0.4002663036832382,0.9999999999999996,0.14120459300258112
73440.0,45.56248384363302,61.204848253985695,77.16360634718804,27.180692728815664,15.435781246685563,131.59771858663092,1.5888534991148926,626.3987077989976,284.5829875864255,164.20363791925973,164.20363791925973,12.361335561737175,5.6690272030772455,69.27398576879354,8.494390877867847,1.1508125222330179,8.849189027049981,1.5056106714152107,0.012073564163416317,0.9999999999999996,2.7266650910134036,0.9999999999999996,2.7266650910134036,0.9999999999999996,0.40026630368308697,0.9999999999999996,0.14120459300271418
73520.0,45.56248384361418,61.204848253996,77.16360634717333,27.180692728826138,15.43578124667131,131.59771852177602,1.5888535003875077,626.39870779924,284.58298758616155,164.20363791925973,164.20363791925973,12.361335561732067,5.669027203083084,69.27398579019072,8.494390877868339,1.150812522233959,8.84918902704904,1.5056106714147175,0.012073564179036992,0.9999999999999996,2.7266650910134036,0.9999999999999996,2.7266650910134036,0.9999999999999996,0.4002663036829216,0.9999999999999996,0.14120459300285962
73600.0,45.56248384359374,61.204848254007175,77.16360634715738,27.180692728837496,15.435781246655845,131.59771845140395,1.588853501768423,626.398707799503,284.5829875858751,164.20363791925973,164.20363791925973,12.361335561726529,5.6690272030894215,69.2739858134099,8.494390877868874,1.1508125222349799,8.849189027048018,1.5056106714141824,0.012073564195986807,0.9999999999999996,2.7266650910134036,0.9999999999999996,2.7266650910134036,0.9999999999999996,0.40026630368274224,0.9999999999999996,0.14120459300301746
73680.0,45.5624838435717,61.20484825401923,77.16360634714017,27.180692728849746,15.435781246639165,131.59771837551472,1.5888535032576392,626.3987077997864,284.58298758556623,164.20363791925973,164.20363791925973,12.361335561720555,5.669027203096255,69.27398583845104,8.494390877869451,1.1508125222360812,8.849189027046917,1.5056106714136055,0.012073564214265768,0.9999999999999996,2.7266650910134036,0.9999999999999996,2.7266650910134036,0.9999999999999996,0.4002663036825488,0.9999999999999996,0.1412045930031877
73760.0,45.562483843548044,61.20484825403216,77.16360634712171,27.180692728862887,15.435781246621271,131.59771829410835,1.5888535048551555,626.3987078000905,284.5829875852349,164.20363791925973,164.20363791925973,12.361335561714148,5.669027203103587,69.27398586531417,8.494390877870071,1.1508125222372625,8.849189027045735,1.5056106714129867,0.01207356423387387,0.9999999999999996,2.7266650910134036,0.9999999999999996,2.7266650910134036,0.9999999999999996,0.40026630368234134,0.9999999999999996,0.1412045930033703
73840.0,45.56248384352279,61.20484825404597,77.163606347102,27.180692728876917,15.435781246602163,131.59771820718478,1.5888535065609721,626.3987078004152,284.58298758488104,164.20363791925973,164.20363791925973,12.361335561707305,5.6690272031114155,69.27398589399928,8.49439087787073,1.150812522238524,8.849189027044474,1.5056106714123259,0.012073564254811117,0.9999999999999996,2.7266650910134036,0.9999999999999996,2.7266650910134036,0.9999999999999996,0.40026630368211974,0.9999999999999996,0.1412045930035653
73920.0,45.56248384349593,61.20484825406065,77.16360634708104,27.180692728891838,15.435781246581843,131.59771811474408,1.5888535083750894,626.3987078007606,284.58298758450474,164.20363791925973,164.20363791925973,12.36133556170003,5.669027203119741,69.27398592450638,8.494390877871433,1.1508125222398655,8.849189027043133,1.5056106714116233,0.012073564277077505,0.9999999999999996,2.7266650910134036,0.9999999999999996,2.7266650910134036,0.9999999999999996,0.40026630368188415,0.9999999999999996,0.14120459300377267
74000.0,45.562483843467476,61.204848254076204,77.16360634705883,27.180692728907648,15.435781246560309,131.59771801678622,1.5888535102975068,626.3987078011264,284.5829875841059,164.20363791925973,164.20363791925973,12.36133556169232,5.6690272031285645,69.27398595683546,8.494390877872178,1.1508125222412873,8.84918902704171,1.5056106714108786,0.012073564300673035,0.9999999999999996,2.7266650910134036,0.9999999999999996,2.7266650910134036,0.9999999999999996,0.40026630368163457,0.9999999999999996,0.14120459300399243
74080.0,45.562483843437406,61.20484825409264,77.16360634703537,27.180692728924345,15.43578124653756,131.5977179133112,1.5888535123282248,626.398707801513,284.5829875836847,164.20363791925973,164.20363791925973,12.361335561684177,5.669027203137884,69.27398599098652,8.494390877872965,1.1508125222427892,8.84918902704021,1.505610671410092,0.01207356432559771,0.9999999999999996,2.7266650910134036,0.9999999999999996,2.7266650910134036,0.9999999999999996,0.4002663036813709,0.9999999999999996,0.14120459300422458
74160.0,45.56248384340574,61.20484825410995,77.16360634701066,27.180692728941935,15.4357812465136,131.59771780431902,1.588853514467243,626.39870780192,284.58298758324094,164.20363791925973,164.20363791925973,12.361335561675599,5.669027203147702,69.27398602695955,8.494390877873792,1.150812522244371,8.849189027038626,1.5056106714092636,0.012073564351851526,0.9999999999999996,2.7266650910134036,0.9999999999999996,2.7266650910134036,0.9999999999999996,0.40026630368109306,0.9999999999999996,0.14120459300446914
74240.0,45.56248384337246,61.20484825412813,77.16360634698468,27.180692728960413,15.435781246488423,131.59771768980966,1.5888535167145619,626.3987078023476,284.58298758277476,164.20363791925973,164.20363791925973,12.361335561666587,5.6690272031580164,69.27398606475458,8.494390877874663,1.1508125222460333,8.849189027036966,1.5056106714083934,0.01207356437943449,0.9999999999999996,2.7266650910134036,0.9999999999999996,2.7266650910134036,0.9999999999999996,0.4002663036808013,0.9999999999999996,0.14120459300472604
74320.0,45.56248384335336,61.204848254138575,77.16360634696977,27.180692728971028,15.43578124647397,131.59771762405146,1.5888535180050227,626.3987078025933,284.58298758250703,164.20363791925973,164.20363791925973,12.361335561661411,5.669027203163939,69.27398608645503,8.494390877875164,1.1508125222469876,8.849189027036012,1.5056106714078934,0.012073564395273644,0.9999999999999996,2.7266650910134036,0.9999999999999996,2.7266650910134036,0.9999999999999996,0.4002663036806337,0.9999999999999996,0.14120459300487356
74400.0,45.562483843349646,61.204848254140614,77.16360634696687,27.180692728973103,15.435781246471159,131.59771761124057,1.588853518256265,626.3987078026413,284.58298758245496,164.20363791925973,164.20363791925973,12.3613355616604,5.669027203165091,69.27398609067555,8.494390877875261,1.1508125222471732,8.849189027035827,1.505610671407796,0.012073564398358163,0.9999999999999996,2.7266650910134036,0.9999999999999996,2.7266650910134036,0.9999999999999996,0.4002663036806009,0.9999999999999996,0.14120459300490226
74480.0,45.5624838433458,61.204848254142725,77.16360634696386,27.180692728975245,15.435781246468249,131.59771759798414,1.5888535185162638,626.398707802691,284.5829875824011,164.20363791925973,164.20363791925973,12.361335561659356,5.669027203166283,69.27398609504365,8.494390877875363,1.1508125222473653,8.849189027035633,1.505610671407695,0.012073564401550094,0.9999999999999996,2.7266650910134036,0.9999999999999996,2.7266650910134036,0.9999999999999996,0.4002663036805671,0.9999999999999996,0.14120459300493193
74560.0,45.56248384334182,61.204848254144906,77.16360634696076,27.180692728977462,15.435781246465242,131.59771758428218,1.588853518785019,626.3987078027423,284.58298758234537,164.20363791925973,164.20363791925973,12.361335561658276,5.6690272031675155,69.27398609955937,8.494390877875468,1.1508125222475638,8.849189027035436,1.5056106714075905,0.012073564404849444,0.9999999999999996,2.7266650910134036,0.9999999999999996,2.7266650910134036,0.9999999999999996,0.4002663036805321,0.9999999999999996,0.14120459300496263
74640.0,45.562483843337716,61.20484825414716,77.16360634695756,27.18069272897975,15.435781246462135,131.59771757013468,1.5888535190625306,626.3987078027952,284.58298758228784,164.20363791925973,164.20363791925973,12.361335561657162,5.669027203168788,69.27398610422269,8.494390877875574,1.150812522247769,8.84918902703523,1.5056106714074826,0.012073564408256209,0.9999999999999996,2.7266650910134036,0.9999999999999996,2.7266650910134036,0.9999999999999996,0.4002663036804961,0.9999999999999996,0.14120459300499433
74720.0,45.56248384333348,61.20484825414948,77.16360634695425,27.180692728982113,15.43578124645893,131.59771755554164,1.588853519348799,626.3987078028499,284.58298758222855,164.20363791925973,164.20363791925973,12.361335561656011,5.669027203170101,69.27398610903359,8.494390877875686,1.1508125222479806,8.849189027035019,1.5056106714073716,0.012073564411770389,0.9999999999999996,2.7266650910134036,0.9999999999999996,2.7266650910134036,0.9999999999999996,0.40026630368045885,0.9999999999999996,0.14120459300502702
74800.0,45.56248384332912,61.20484825415188,77.16360634695084,27.180692728984543,15.435781246455626,131.59771754050303,1.5888535196438238,626.3987078029062,284.58298758216733,164.20363791925973,164.20363791925973,12.361335561654826,5.669027203171455,69.2739861139921,8.4943908778758,1.1508125222481986,8.8491890270348,1.505610671407257,0.012073564415391992,0.9999999999999996,2.7266650910134036,0.9999999999999996,2.7266650910134036,0.9999999999999996,0.40026630368042043,0.9999999999999996,0.14120459300506077
74880.0,45.56248384332462,61.204848254154335,77.16360634694733,27.180692728987047,15.435781246452226,131.5977175250189,1.588853519947605,626.398707802964,284.58298758210435,164.20363791925973,164.20363791925973,12.361335561653608,5.669027203172848,69.2739861190982,8.494390877875919,1.1508125222484231,8.849189027034576,1.5056106714071391,0.012073564419121005,0.9999999999999996,2.7266650910134036,0.9999999999999996,2.7266650910134036,0.9999999999999996,0.40026630368038096,0.9999999999999996,0.14120459300509547
74960.0,45.562483843319995,61.20484825415687,77.16360634694372,27.180692728989623,15.435781246448727,131.59771750908925,1.5888535202601428,626.3987078030237,284.58298758203955,164.20363791925973,164.20363791925973,12.361335561652352,5.669027203174282,69.27398612435191,8.49439087787604,1.1508125222486543,8.849189027034345,1.5056106714070179,0.012073564422957437,0.9999999999999996,2.7266650910134036,0.9999999999999996,2.7266650910134036,0.9999999999999996,0.4002663036803403,0.9999999999999996,0.14120459300513116
75040.0,45.56248384331524,61.20484825415947,77.16360634694001,27.18069272899227,15.435781246445128,131.59771749271403,1.5888535205814371,626.398707803085,284.58298758197293,164.20363791925973,164.20363791925973,12.361335561651064,5.669027203175756,69.27398612975321,8.494390877876164,1.1508125222488916,8.849189027034107,1.5056106714068933,0.012073564426901285,0.9999999999999996,2.7266650910134036,0.9999999999999996,2.7266650910134036,0.9999999999999996,0.40026630368029864,0.9999999999999996,0.1412045930051679
75120.0,45.56248384331035,61.20484825416215,77.1636063469362,27.180692728994988,15.435781246441431,131.5977174758933,1.588853520911488,626.3987078031479,284.5829875819045,164.20363791925973,164.20363791925973,12.361335561649739,5.66902720317727,69.27398613530211,8.494390877876292,1.1508125222491357,8.849189027033864,1.5056106714067652,0.01207356443095255,0.9999999999999996,2.7266650910134036,0.9999999999999996,2.7266650910134036,0.9999999999999996,0.40026630368025573,0.9999999999999996,0.1412045930052056
75200.0,45.56248384330534,61.204848254164894,77.1636063469323,27.180692728997776,15.435781246437637,131.597717458627,1.5888535212502954,626.3987078032125,284.58298758183423,164.20363791925973,164.20363791925973,12.36133556164838,5.669027203178826,69.2739861409986,8.494390877876423,1.1508125222493863,8.849189027033614,1.5056106714066337,0.012073564435111234,0.9999999999999996,2.7266650910134036,0.9999999999999996,2.7266650910134036,0.9999999999999996,0.4002663036802117,0.9999999999999996,0.14120459300524435
75280.0,45.56248384330019,61.20484825416771,77.16360634692828,27.18069272900064,15.435781246433745,131.59771744091518,1.5888535215978592,626.3987078032787,284.58298758176215,164.20363791925973,164.20363791925973,12.361335561646985,5.66902720318042,69.2739861468427,8.494390877876558,1.1508125222496433,8.849189027033356,1.505610671406499,0.01207356443937733,0.9999999999999996,2.7266650910134036,0.9999999999999996,2.7266650910134036,0.9999999999999996,0.4002663036801665,0.9999999999999996,0.14120459300528407
75360.0,45.56248384329491,61.2048482541706,77.16360634692415,27.18069272900357,15.435781246429753,131.5977174227578,1.5888535219541797,626.3987078033466,284.5829875816882,164.20363791925973,164.20363791925973,12.361335561645555,5.669027203182056,69.2739861528344,8.494390877876697,1.1508125222499068,8.849189027033093,1.5056106714063608,0.012073564443750847,0.9999999999999996,2.7266650910134036,0.9999999999999996,2.7266650910134036,0.9999999999999996,0.4002663036801203,0.9999999999999996,0.1412045930053248
75440.0,45.56248384328951,61.204848254173555,77.16360634691993,27.180692729006577,15.435781246425663,131.5977174041549,1.5888535223192566,626.3987078034162,284.5829875816125,164.20363791925973,164.20363791925973,12.361335561644092,5.669027203183731,69.27398615897368,8.494390877876837,1.1508125222501768,8.849189027032823,1.5056106714062194,0.012073564448231775,0.9999999999999996,2.7266650910134036,0.9999999999999996,2.7266650910134036,0.9999999999999996,0.4002663036800729,0.9999999999999996,0.14120459300536656
75520.0,45.56248384328398,61.20484825417658,77.16360634691561,27.180692729009657,15.435781246421476,131.59771738510645,1.5888535226930902,626.3987078034875,284.58298758153495,164.20363791925973,164.20363791925973,12.361335561642592,5.669027203185447,69.27398616526058,8.494390877876983,1.1508125222504533,8.849189027032546,1.5056106714060744,0.012073564452820124,0.9999999999999996,2.7266650910134036,0.9999999999999996,2.7266650910134036,0.9999999999999996,0.4002663036800243,0.9999999999999996,0.1412045930054093
75600.0,45.56248384327831,61.20484825417968,77.1636063469112,27.180692729012804,15.43578124641719,131.59771736561245,1.5888535230756802,626.3987078035603,284.5829875814556,164.20363791925973,164.20363791925973,12.361335561641058,5.669027203187203,69.27398617169507,8.49439087787713,1.1508125222507362,8.849189027032264,1.505610671405926,0.01207356445751589,0.9999999999999996,2.7266650910134036,0.9999999999999996,2.7266650910134036,0.9999999999999996,0.4002663036799746,0.9999999999999996,0.14120459300545302
75680.0,45.56248384327252,61.20484825418285,77.16360634690668,27.180692729016023,15.435781246412803,131.59771734567292,1.5888535234670267,626.3987078036349,284.58298758137437,164.20363791925973,164.20363791925973,12.361335561639489,5.669027203189,69.27398617827716,8.494390877877283,1.1508125222510257,8.849189027031974,1.5056106714057744,0.01207356446231907,0.9999999999999996,2.7266650910134036,0.9999999999999996,2.7266650910134036,0.9999999999999996,0.4002663036799239,0.9999999999999996,0.14120459300549779
75760.0,45.56248384326659,61.20484825418609,77.16360634690206,27.180692729019317,15.435781246408322,131.59771732528785,1.5888535238671295,626.3987078037111,284.5829875812914,164.20363791925973,164.20363791925973,12.361335561637885,5.669027203190836,69.27398618500685,8.494390877877438,1.1508125222513217,8.849189027031677,1.5056106714056194,0.012073564467229668,0.9999999999999996,2.7266650910134036,0.9999999999999996,2.7266650910134036,0.9999999999999996,0.4002663036798719,0.9999999999999996,0.14120459300554353
75840.0,45.56248384326053,61.2048482541894,77.16360634689732,27.18069272902268,15.43578124640374,131.59771730445723,1.5888535242759891,626.398707803789,284.5829875812065,164.20363791925973,164.20363791925973,12.361335561636245,5.669027203192713,69.27398619188413,8.494390877877596,1.1508125222516241,8.849189027031375,1.505610671405461,0.012073564472247686,0.9999999999999996,2.7266650910134036,0.9999999999999996,2.7266650910134036,0.9999999999999996,0.40026630367981875,0.9999999999999996,0.14120459300559027
75920.0,45.56248384325435,61.204848254192775,77.1636063468925,27.180692729026116,15.43578124639906,131.59771728318108,1.588853524693605,626.3987078038684,284.5829875811199,164.20363791925973,164.20363791925973,12.361335561634572,5.669027203194631,69.27398619890901,8.494390877877757,1.150812522251933,8.849189027031066,1.5056106714052993,0.012073564477373115,0.9999999999999996,2.7266650910134036,0.9999999999999996,2.7266650910134036,0.9999999999999996,0.40026630367976457,0.9999999999999996,0.14120459300563803
76000.0,45.56248384324803,61.20484825419623,77.16360634688758,27.180692729029623,15.435781246394283,131.5977172614594,1.5888535251199778,626.3987078039497,284.5829875810314,164.20363791925973,164.20363791925973,12.361335561632862,5.669027203196588,69.2739862060815,8.494390877877922,1.1508125222522485,8.84918902703075,1.505610671405134,0.012073564482605962,0.9999999999999996,2.7266650910134036,0.9999999999999996,2.7266650910134036,0.9999999999999996,0.4002663036797092,0.9999999999999996,0.1412045930056868
76080.0,45.56248384324159,61.20484825419975,77.16360634688255,27.1806927290332,15.435781246389407,131.59771723929217,1.5888535255551068,626.3987078040325,284.5829875809411,164.20363791925973,164.20363791925973,12.361335561631119,5.669027203198586,69.27398621340159,8.494390877878091,1.1508125222525705,8.849189027030429,1.5056106714049655,0.012073564487946227,0.9999999999999996,2.7266650910134036,0.9999999999999996,2.7266650910134036,0.9999999999999996,0.40026630367965277,0.9999999999999996,0.14120459300573654
76160.0,45.562483843235015,61.20484825420334,77.16360634687742,27.180692729036853,15.435781246384431,131.5977172166794,1.5888535259989924,626.3987078041171,284.58298758084896,164.20363791925973,164.20363791925973,12.361335561629339,5.669027203200624,69.27398622086926,8.494390877878264,1.1508125222528989,8.8491890270301,1.5056106714047937,0.012073564493393906,0.9999999999999996,2.7266650910134036,0.9999999999999996,2.7266650910134036,0.9999999999999996,0.40026630367959515,0.9999999999999996,0.1412045930057873
76240.0,45.56248384322831,61.20484825420701,77.16360634687217,27.180692729040576,15.435781246379358,131.5977171936211,1.5888535264516346,626.3987078042032,284.58298758075506,164.20363791925973,164.20363791925973,12.361335561627525,5.6690272032027025,69.27398622848453,8.49439087787844,1.1508125222532337,8.849189027029766,1.5056106714046182,0.012073564498949004,0.9999999999999996,2.7266650910134036,0.9999999999999996,2.7266650910134036,0.9999999999999996,0.4002663036795365,0.9999999999999996,0.14120459300583907
76320.0,45.56248384322147,61.20484825421074,77.16360634686684,27.18069272904437,15.435781246374187,131.59771717011722,1.5888535269130333,626.398707804291,284.5829875806593,164.20363791925973,164.20363791925973,12.361335561625678,5.669027203204821,69.27398623624741,8.494390877878617,1.1508125222535752,8.849189027029425,1.5056106714044395,0.01207356450461152,0.9999999999999996,2.7266650910134036,0.9999999999999996,2.7266650910134036,0.9999999999999996,0.40026630367947663,0.9999999999999996,0.14120459300589183
76400.0,45.56248384321451,61.20484825421454,77.16360634686141,27.180692729048236,15.435781246368919,131.59771714616784,1.5888535273831883,626.3987078043805,284.5829875805617,164.20363791925973,164.20363791925973,12.361335561623793,5.66902720320698,69.27398624415788,8.4943908778788,1.150812522253923,8.849189027029077,1.5056106714042574,0.012073564510381449,0.9999999999999996,2.7266650910134036,0.9999999999999996,2.7266650910134036,0.9999999999999996,0.40026630367941557,0.9999999999999996,0.14120459300594562
76480.0,45.56248384320741,61.20484825421841,77.16360634685587,27.180692729052172,15.43578124636355,131.59771712177292,1.5888535278621,626.3987078044717,284.5829875804623,164.20363791925973,164.20363791925973,12.361335561621875,5.669027203209179,69.27398625221595,8.494390877878985,1.1508125222542773,8.849189027028721,1.505610671404072,0.012073564516258796,0.9999999999999996,2.7266650910134036,0.9999999999999996,2.7266650910134036,0.9999999999999996,0.4002663036793535,0.9999999999999996,0.14120459300600038
76560.0,45.562483843200184,61.20484825422236,77.16360634685023,27.18069272905618,15.435781246358085,131.59771709693243,1.5888535283497682,626.3987078045644,284.5829875803611,164.20363791925973,164.20363791925973,12.36133556161992,5.669027203211419,69.27398626042162,8.494390877879173,1.1508125222546384,8.84918902702836,1.5056106714038833,0.012073564522243561,0.9999999999999996,2.7266650910134036,0.9999999999999996,2.7266650910134036,0.9999999999999996,0.40026630367929017,0.9999999999999996,0.14120459300605617
76640.0,45.56248384319283,61.20484825422638,77.16360634684449,27.18069272906026,15.43578124635252,131.5977170716464,1.588853528846193,626.3987078046589,284.582987580258,164.20363791925973,164.20363791925973,12.361335561617933,5.669027203213699,69.27398626877489,8.494390877879367,1.1508125222550056,8.849189027027993,1.5056106714036912,0.012073564528335742,0.9999999999999996,2.7266650910134036,0.9999999999999996,2.7266650910134036,0.9999999999999996,0.40026630367922583,0.9999999999999996,0.141204593006113
76720.0,45.56248384318535,61.20484825423046,77.16360634683865,27.180692729064415,15.435781246346856,131.59771704591486,1.5888535293513741,626.3987078047551,284.58298758015314,164.20363791925973,164.20363791925973,12.36133556161591,5.669027203216019,69.27398627727575,8.494390877879562,1.1508125222553796,8.84918902702762,1.5056106714034956,0.012073564534535338,0.9999999999999996,2.7266650910134036,0.9999999999999996,2.7266650910134036,0.9999999999999996,0.40026630367916033,0.9999999999999996,0.14120459300617075
76800.0,45.56248384317773,61.20484825423462,77.16360634683271,27.18069272906864,15.435781246341095,131.59771701973776,1.588853529865312,626.3987078048528,284.58298758004645,164.20363791925973,164.20363791925973,12.361335561613851,5.66902720321838,69.27398628592422,8.494390877879761,1.15081252225576,8.84918902702724,1.5056106714032966,0.012073564540842354,0.9999999999999996,2.7266650910134036,0.9999999999999996,2.7266650910134036,0.9999999999999996,0.40026630367909366,0.9999999999999996,0.14120459300622956
76880.0,45.562483843169986,61.20484825423885,77.16360634682667,27.180692729072934,15.435781246335235,131.5977169931151,1.5888535303880063,626.3987078049523,284.582987579938,164.20363791925973,164.20363791925973,12.361335561611757,5.6690272032207805,69.27398629472029,8.494390877879963,1.1508125222561467,8.849189027026853,1.5056106714030943,0.012073564547256785,0.9999999999999996,2.7266650910134036,0.9999999999999996,2.7266650910134036,0.9999999999999996,0.4002663036790258,0.9999999999999996,0.14120459300628935
76960.0,45.56248384316211,61.20484825424314,77.16360634682052,27.180692729077304,15.435781246329277,131.59771696604696,1.588853530919457,626.3987078050534,284.58298757982766,164.20363791925973,164.20363791925973,12.361335561609629,5.669027203223221,69.27398630366395,8.494390877880168,1.15081252225654,8.849189027026458,1.5056106714028885,0.012073564553778627,0.9999999999999996,2.7266650910134036,0.9999999999999996,2.7266650910134036,0.9999999999999996,0.40026630367895694,0.9999999999999996,0.14120459300635016
77040.0,45.562483843154105,61.20484825424751,77.16360634681428,27.18069272908174,15.435781246323222,131.59771693853324,1.5888535314596643,626.3987078051562,284.5829875797155,164.20363791925973,164.20363791925973,12.361335561607465,5.669027203225702,69.27398631275521,8.494390877880377,1.1508125222569399,8.849189027026059,1.5056106714026796,0.012073564560407894,0.9999999999999996,2.7266650910134036,0.9999999999999996,2.7266650910134036,0.9999999999999996,0.4002663036788868,0.9999999999999996,0.14120459300641194
77120.0,45.56248384314597,61.20484825425195,77.16360634680792,27.180692729086253,15.435781246317067,131.59771691057398,1.5888535320086281,626.3987078052606,284.58298757960154,164.20363791925973,164.20363791925973,12.361335561605268,5.669027203228223,69.27398632199407,8.49439087788059,1.1508125222573462,8.849189027025654,1.505610671402467,0.012073564567144571,0.9999999999999996,2.7266650910134036,0.9999999999999996,2.7266650910134036,0.9999999999999996,0.4002663036788157,0.9999999999999996,0.14120459300647475
77200.0,45.562483843137706,61.204848254256454,77.16360634680147,27.180692729090836,15.435781246310814,131.59771688216918,1.5888535325663484,626.3987078053667,284.58298757948575,164.20363791925973,164.20363791925973,12.361335561603033,5.669027203230786,69.27398633138053,8.494390877880805,1.150812522257759,8.84918902702524,1.5056106714022512,0.012073564573988671,0.9999999999999996,2.7266650910134036,0.9999999999999996,2.7266650910134036,0.9999999999999996,0.4002663036787434,0.9999999999999996,0.14120459300653856
77280.0,45.562483843129314,61.20484825426104,77.16360634679492,27.18069272909549,15.435781246304463,131.59771685331884,1.5888535331328253,626.3987078054745,284.58298757936814,164.20363791925973,164.20363791925973,12.361335561600766,5.669027203233388,69.27398634091458,8.494390877881026,1.1508125222581782,8.84918902702482,1.505610671402032,0.012073564580940183,0.9999999999999996,2.7266650910134036,0.9999999999999996,2.7266650910134036,0.9999999999999996,0.40026630367866994,0.9999999999999996,0.1412045930066034
77360.0,45.56248384312079,61.20484825426569,77.16360634678827,27.180692729100215,15.435781246298014,131.59771682402297,1.5888535337080587,626.3987078055839,284.5829875792487,164.20363791925973,164.20363791925973,12.361335561598462,5.6690272032360305,69.27398635059623,8.494390877881248,1.150812522258604,8.849189027024396,1.5056106714018096,0.012073564587999113,0.9999999999999996,2.7266650910134036,0.9999999999999996,2.7266650910134036,0.9999999999999996,0.4002663036785954,0.9999999999999996,0.1412045930066692
77440.0,45.56248384311213,61.20484825427041,77.16360634678152,27.180692729105015,15.435781246291466,131.59771679428155,1.5888535342920487,626.3987078056949,284.58298757912746,164.20363791925973,164.20363791925973,12.361335561596125,5.669027203238713,69.27398636042548,8.494390877881473,1.1508125222590362,8.849189027023963,1.5056106714015836,0.01207356459516546,0.9999999999999996,2.7266650910134036,0.9999999999999996,2.7266650910134036,0.9999999999999996,0.4002663036785197,0.9999999999999996,0.14120459300673605
77520.0,45.56248384310335,61.2048482542752,77.16360634677466,27.180692729109882,15.43578124628482,131.5977167640946,1.5888535348847952,626.3987078058076,284.5829875790044,164.20363791925973,164.20363791925973,12.361335561593751,5.669027203241436,69.27398637040234,8.494390877881703,1.1508125222594752,8.849189027023524,1.5056106714013542,0.012073564602439222,0.9999999999999996,2.7266650910134036,0.9999999999999996,2.7266650910134036,0.9999999999999996,0.40026630367844285,0.9999999999999996,0.14120459300680385
77600.0,45.562483843094434,61.204848254280066,77.16360634676771,27.180692729114824,15.435781246278076,131.59771673346208,1.588853535486298,626.3987078059221,284.58298757887945,164.20363791925973,164.20363791925973,12.361335561591343,5.669027203244199,69.27398638052678,8.494390877881935,1.1508125222599204,8.84918902702308,1.5056106714011215,0.012073564609820403,0.9999999999999996,2.7266650910134036,0.9999999999999996,2.7266650910134036,0.9999999999999996,0.40026630367836485,0.9999999999999996,0.1412045930068727
77680.0,45.562483842997864,61.20484825433309,77.16360634669235,27.18069272916873,15.435781246205023,131.59771640114724,1.588853542007822,626.3987078071697,284.5829875775267,164.20363791925973,164.20363791925973,12.361335561565106,5.669027203274131,69.27398649019413,8.494390877884475,1.1508125222647432,8.849189027018255,1.505610671398583,0.012073564689865477,0.9999999999999996,2.7266650910134036,0.9999999999999996,2.7266650910134036,0.9999999999999996,0.40026630367751526,0.9999999999999996,0.1412045930076182
77760.0,45.56248384299772,61.20484825433315,77.16360634669225,27.180692729168786,15.435781246204918,131.59771640068934,1.588853542016931,626.398707807171,284.58298757752476,164.20363791925973,164.20363791925973,12.361335561565076,5.669027203274173,69.27398649035058,8.494390877884477,1.15081252226475,8.84918902701825,1.5056106713985804,0.012073564689976706,0.9999999999999996,2.7266650910134036,0.9999999999999996,2.7266650910134036,0.9999999999999996,0.4002663036775143,0.9999999999999996,0.14120459300761928
77840.0,45.56248384299759,61.20484825433321,77.16360634669213,27.18069272916884,15.435781246204813,131.59771640023143,1.5888535420260397,626.3987078071723,284.58298757752283,164.20363791925973,164.20363791925973,12.361335561565047,5.669027203274216,69.27398649050701,8.49439087788448,1.150812522264757,8.849189027018243,1.5056106713985777,0.01207356469008793,0.9999999999999996,2.7266650910134036,0.9999999999999996,2.7266650910134036,0.9999999999999996,0.4002663036775133,0.9999999999999996,0.14120459300762034
77920.0,45.56248384299745,61.204848254333264,77.16360634669202,27.180692729168896,15.435781246204709,131.59771639977356,1.5888535420351486,626.3987078071737,284.5829875775209,164.20363791925973,164.20363791925973,12.361335561565017,5.669027203274259,69.27398649066345,8.494390877884483,1.1508125222647638,8.849189027018236,1.505610671398575,0.012073564690199157,0.9999999999999996,2.7266650910134036,0.9999999999999996,2.7266650910134036,0.9999999999999996,0.40026630367751237,0.9999999999999996,0.14120459300762142
78000.0,45.56248384299731,61.20484825433332,77.16360634669192,27.180692729168953,15.435781246204606,131.59771639931566,1.5888535420442575,626.3987078071749,284.58298757751896,164.20363791925973,164.20363791925973,12.361335561564989,5.669027203274301,69.2739864908199,8.494390877884486,1.1508125222647707,8.849189027018229,1.5056106713985724,0.012073564690310385,0.9999999999999996,2.7266650910134036,0.9999999999999996,2.7266650910134036,0.9999999999999996,0.4002663036775115,0.9999999999999996,0.14120459300762248
78080.0,45.562483842997175,61.20484825433337,77.16360634669181,27.18069272916901,15.4357812462045,131.59771639885776,1.5888535420533663,626.3987078071763,284.58298757751703,164.20363791925973,164.20363791925973,12.361335561564958,5.669027203274344,69.27398649097633,8.494390877884488,1.1508125222647776,8.849189027018221,1.50561067139857,0.012073564690421614,0.9999999999999996,2.7266650910134036,0.9999999999999996,2.7266650910134036,0.9999999999999996,0.4002663036775105,0.9999999999999996,0.14120459300762353
78160.0,45.56248384299704,61.20484825433343,77.16360634669171,27.180692729169067,15.435781246204396,131.59771639839985,1.5888535420624752,626.3987078071775,284.5829875775151,164.20363791925973,164.20363791925973,12.36133556156493,5.6690272032743865,69.27398649113277,8.494390877884491,1.1508125222647845,8.849189027018214,1.5056106713985673,0.012073564690532843,0.9999999999999996,2.7266650910134036,0.9999999999999996,2.7266650910134036,0.9999999999999996,0.4002663036775096,0.9999999999999996,0.14120459300762458
78240.0,45.5624838429969,61.204848254333484,77.1636063466916,27.18069272916912,15.435781246204291,131.59771639794195,1.588853542071584,626.3987078071788,284.58298757751317,164.20363791925973,164.20363791925973,12.3613355615649,5.669027203274429,69.27398649128921,8.494390877884493,1.1508125222647914,8.849189027018207,1.5056106713985646,0.01207356469064407,0.9999999999999996,2.7266650910134036,0.9999999999999996,2.7266650910134036,0.9999999999999996,0.40026630367750854,0.9999999999999996,0.14120459300762564
78320.0,45.56248384299676,61.20484825433354,77.16360634669148,27.180692729169177,15.435781246204188,131.59771639748405,1.5888535420806928,626.3987078071801,284.58298757751123,164.20363791925973,164.20363791925973,12.361335561564871,5.669027203274472,69.27398649144565,8.494390877884497,1.1508125222647982,8.8491890270182,1.505610671398562,0.012073564690755297,0.9999999999999996,2.7266650910134036,0.9999999999999996,2.7266650910134036,0.9999999999999996,0.40026630367750765,0.9999999999999996,0.14120459300762672
78400.0,45.56248384299663,61.20484825433359,77.16360634669138,27.180692729169234,15.435781246204083,131.59771639702615,1.5888535420898016,626.3987078071814,284.5829875775093,164.20363791925973,164.20363791925973,12.361335561564841,5.669027203274514,69.27398649160209,8.494390877884499,1.1508125222648051,8.849189027018195,1.5056106713985593,0.012073564690866524,0.9999999999999996,2.7266650910134036,0.9999999999999996,2.7266650910134036,0.9999999999999996,0.4002663036775067,0.9999999999999996,0.14120459300762778
78480.0,45.562483842996485,61.20484825433365,77.16360634669127,27.18069272916929,15.435781246203979,131.59771639656825,1.5888535420989105,626.3987078071827,284.58298757750737,164.20363791925973,164.20363791925973,12.361335561564813,5.669027203274557,69.27398649175854,8.494390877884502,1.150812522264812,8.849189027018188,1.5056106713985566,0.012073564690977754,0.9999999999999996,2.7266650910134036,0.9999999999999996,2.7266650910134036,0.9999999999999996,0.40026630367750576,0.9999999999999996,0.14120459300762886
78560.0,45.56248384299635,61.204848254333704,77.16360634669117,27.180692729169348,15.435781246203874,131.59771639611034,1.5888535421080192,626.398707807184,284.58298757750543,164.20363791925973,164.20363791925973,12.361335561564783,5.6690272032746,69.27398649191497,8.494390877884504,1.150812522264819,8.84918902701818,1.505610671398554,0.01207356469108898,0.9999999999999996,2.7266650910134036,0.9999999999999996,2.7266650910134036,0.9999999999999996,0.4002663036775048,0.9999999999999996,0.1412045930076299
78640.0,45.562483842996215,61.20484825433376,77.16360634669105,27.1806927291694,15.43578124620377,131.59771639565247,1.5888535421171281,626.3987078071854,284.5829875775035,164.20363791925973,164.20363791925973,12.361335561564754,5.669027203274643,69.27398649207142,8.494390877884507,1.1508125222648258,8.849189027018173,1.5056106713985513,0.012073564691200207,0.9999999999999996,2.7266650910134036,0.9999999999999996,2.7266650910134036,0.9999999999999996,0.4002663036775039,0.9999999999999996,0.14120459300763097
78720.0,45.56248384299607,61.20484825433382,77.16360634669094,27.180692729169458,15.435781246203666,131.59771639519457,1.5888535421262369,626.3987078071866,284.58298757750157,164.20363791925973,164.20363791925973,12.361335561564724,5.669027203274686,69.27398649222785,8.49439087788451,1.1508125222648327,8.849189027018166,1.5056106713985487,0.012073564691311432,0.9999999999999996,2.7266650910134036,0.9999999999999996,2.7266650910134036,0.9999999999999996,0.4002663036775029,0.9999999999999996,0.14120459300763205
78800.0,45.56248384299594,61.20484825433387,77.16360634669084,27.180692729169515,15.435781246203561,131.59771639473666,1.5888535421353458,626.3987078071879,284.58298757749964,164.20363791925973,164.20363791925973,12.361335561564696,5.669027203274728,69.27398649238428,8.494390877884513,1.1508125222648398,8.84918902701816,1.505610671398546,0.01207356469142266,0.9999999999999996,2.7266650910134036,0.9999999999999996,2.7266650910134036,0.9999999999999996,0.400266303677502,0.9999999999999996,0.1412045930076331
78880.0,45.5624838429958,61.204848254333925,77.16360634669073,27.18069272916957,15.435781246203458,131.59771639427876,1.5888535421444545,626.3987078071892,284.5829875774977,164.20363791925973,164.20363791925973,12.361335561564665,5.669027203274771,69.27398649254073,8.494390877884515,1.1508125222648466,8.849189027018152,1.5056106713985435,0.01207356469153389,0.9999999999999996,2.7266650910134036,0.9999999999999996,2.7266650910134036,0.9999999999999996,0.400266303677501,0.9999999999999996,0.1412045930076342
78960.0,45.56248384299566,61.20484825433398,77.16360634669063,27.18069272916963,15.435781246203353,131.59771639382086,1.5888535421535634,626.3987078071905,284.58298757749577,164.20363791925973,164.20363791925973,12.361335561564637,5.669027203274814,69.27398649269716,8.494390877884518,1.1508125222648535,8.849189027018145,1.5056106713985409,0.012073564691645118,0.9999999999999996,2.7266650910134036,0.9999999999999996,2.7266650910134036,0.9999999999999996,0.4002663036775001,0.9999999999999996,0.14120459300763524
79040.0,45.562483842995526,61.20484825433404,77.16360634669051,27.18069272916968,15.435781246203248,131.59771639336296,1.5888535421626722,626.3987078071918,284.58298757749384,164.20363791925973,164.20363791925973,12.361335561564607,5.669027203274856,69.27398649285361,8.49439087788452,1.1508125222648604,8.84918902701814,1.5056106713985382,0.012073564691756343,0.9999999999999996,2.7266650910134036,0.9999999999999996,2.7266650910134036,0.9999999999999996,0.40026630367749916,0.9999999999999996,0.1412045930076363
79120.0,45.56248384299539,61.204848254334095,77.1636063466904,27.18069272916974,15.435781246203144,131.59771639290506,1.588853542171781,626.3987078071931,284.5829875774919,164.20363791925973,164.20363791925973,12.361335561564578,5.669027203274899,69.27398649301004,8.494390877884523,1.1508125222648673,8.849189027018133,1.5056106713985355,0.012073564691867572,0.9999999999999996,2.7266650910134036,0.9999999999999996,2.7266650910134036,0.9999999999999996,0.40026630367749816,0.9999999999999996,0.14120459300763735
79200.0,45.56248384299525,61.204848254334145,77.1636063466903,27.180692729169795,15.43578124620304,131.59771639244715,1.5888535421808898,626.3987078071943,284.58298757749,164.20363791925973,164.20363791925973,12.361335561564548,5.669027203274942,69.27398649316649,8.494390877884525,1.1508125222648742,8.849189027018125,1.5056106713985329,0.0120735646919788,0.9999999999999996,2.7266650910134036,0.9999999999999996,2.7266650910134036,0.9999999999999996,0.4002663036774972,0.9999999999999996,0.1412045930076384
79280.0,45.562483842995114,61.2048482543342,77.16360634669019,27.180692729169852,15.435781246202936,131.59771639198925,1.5888535421899987,626.3987078071957,284.58298757748804,164.20363791925973,164.20363791925973,12.361335561564518,5.669027203274984,69.27398649332292,8.494390877884529,1.150812522264881,8.849189027018118,1.5056106713985302,0.01207356469209003,0.9999999999999996,2.7266650910134036,0.9999999999999996,2.7266650910134036,0.9999999999999996,0.4002663036774962,0.9999999999999996,0.1412045930076395
79360.0,45.56248384299498,61.20484825433426,77.16360634669009,27.18069272916991,15.435781246202831,131.59771639153138,1.5888535421991075,626.398707807197,284.5829875774861,164.20363791925973,164.20363791925973,12.36133556156449,5.669027203275027,69.27398649347937,8.49439087788453,1.150812522264888,8.849189027018111,1.5056106713985276,0.012073564692201253,0.9999999999999996,2.7266650910134036,0.9999999999999996,2.7266650910134036,0.9999999999999996,0.4002663036774953,0.9999999999999996,0.14120459300764054
79440.0,45.56248384299484,61.204848254334316,77.16360634668997,27.180692729169962,15.435781246202726,131.59771639107348,1.5888535422082164,626.3987078071983,284.5829875774842,164.20363791925973,164.20363791925973,12.36133556156446,5.6690272032750695,69.2739864936358,8.494390877884534,1.1508125222648948,8.849189027018104,1.505610671398525,0.012073564692312482,0.9999999999999996,2.7266650910134036,0.9999999999999996,2.7266650910134036,0.9999999999999996,0.4002663036774944,0.9999999999999996,0.1412045930076416
79520.0,45.5624838429947,61.20484825433437,77.16360634668986,27.18069272917002,15.435781246202623,131.59771639061557,1.5888535422173253,626.3987078071996,284.58298757748224,164.20363791925973,164.20363791925973,12.361335561564431,5.669027203275112,69.27398649379225,8.494390877884536,1.1508125222649017,8.849189027018097,1.5056106713985222,0.01207356469242371,0.9999999999999996,2.7266650910134036,0.9999999999999996,2.7266650910134036,0.9999999999999996,0.4002663036774934,0.9999999999999996,0.14120459300764268
79600.0,45.56248384299456,61.20484825433442,77.16360634668976,27.180692729170076,15.435781246202518,131.59771639015767,1.588853542226434,626.3987078072009,284.5829875774803,164.20363791925973,164.20363791925973,12.3613355615644,5.669027203275155,69.27398649394868,8.49439087788454,1.1508125222649086,8.84918902701809,1.5056106713985196,0.01207356469253494,0.9999999999999996,2.7266650910134036,0.9999999999999996,2.7266650910134036,0.9999999999999996,0.40026630367749244,0.9999999999999996,0.1412045930076437
79680.0,45.562483842994425,61.20484825433448,77.16360634668965,27.180692729170133,15.435781246202414,131.59771638969977,1.588853542235543,626.3987078072022,284.5829875774784,164.20363791925973,164.20363791925973,12.361335561564372,5.669027203275197,69.27398649410512,8.494390877884541,1.1508125222649155,8.849189027018085,1.505610671398517,0.012073564692646168,0.9999999999999996,2.7266650910134036,0.9999999999999996,2.7266650910134036,0.9999999999999996,0.4002663036774915,0.9999999999999996,0.1412045930076448
79760.0,45.56248384299429,61.204848254334536,77.16360634668955,27.18069272917019,15.435781246202309,131.59771638924187,1.5888535422446517,626.3987078072034,284.58298757747644,164.20363791925973,164.20363791925973,12.361335561564342,5.669027203275241,69.27398649426156,8.494390877884545,1.1508125222649224,8.849189027018078,1.5056106713985145,0.012073564692757393,0.9999999999999996,2.7266650910134036,0.9999999999999996,2.7266650910134036,0.9999999999999996,0.40026630367749055,0.9999999999999996,0.14120459300764587
79840.0,45.56248384299415,61.20484825433459,77.16360634668943,27.180692729170243,15.435781246202206,131.59771638878397,1.5888535422537606,626.3987078072048,284.5829875774745,164.20363791925973,164.20363791925973,12.361335561564314,5.6690272032752835,69.273986494418,8.494390877884546,1.1508125222649292,8.84918902701807,1.5056106713985118,0.012073564692868622,0.9999999999999996,2.7266650910134036,0.9999999999999996,2.7266650910134036,0.9999999999999996,0.40026630367748967,0.9999999999999996,0.14120459300764693
79920.0,45.56248384299401,61.20484825433465,77.16360634668933,27.1806927291703,15.435781246202101,131.59771638832606,1.5888535422628693,626.398707807206,284.5829875774726,164.20363791925973,164.20363791925973,12.361335561564283,5.669027203275326,69.27398649457444,8.49439087788455,1.1508125222649361,8.849189027018063,1.5056106713985091,0.01207356469297985,0.9999999999999996,2.7266650910134036,0.9999999999999996,2.7266650910134036,0.9999999999999996,0.4002663036774886,0.9999999999999996,0.141204593007648
80000.0,45.56248384299388,61.2048482543347,77.16360634668922,27.180692729170357,15.435781246201996,131.59771638786816,1.5888535422719783,626.3987078072074,284.58298757747065,164.20363791925973,164.20363791925973,12.361335561564255,5.669027203275369,69.27398649473088,8.494390877884552,1.150812522264943,8.849189027018056,1.5056106713985065,0.01207356469309108,0.9999999999999996,2.7266650910134036,0.9999999999999996,2.7266650910134036,0.9999999999999996,0.4002663036774877,0.9999999999999996,0.14120459300764907
