0, 1000, 0, 0, 0, 0, 0, 0, 0, 0, 0, 0, 0, 0, 0, 16.6054, 16.6054, 16.6054, 0, 16.6054, 16.6054, 16.6054, 0, 16.6054, 16.6054, 16.6054, 0, 0, 16.6054, 16.6054, 16.6054, 0
80, 1000, 0, 0, 2.88248, 28.7787, 24.6099, 4.35035, 32.7273, 3.35136, 15.6365, 0.00600999, 0.165888, 50, 101.224, 16.6054, 16.6054, 16.6054, 101.224, 16.6054, 16.6054, 16.6054, 47.3848, 12.6923, 16.6054, 16.6054, 3.91313, 30.362, 16.5849, 16.6054, 16.6054, 0.0204693
160, 1000, 0, 0, 23.5467, 72.1074, 57.0118, 17.8879, 65.214, 5.24644, 58.4348, 0.264867, 8.94255, 50, 164.87, 16.6054, 16.6054, 16.6054, 164.87, 16.6054, 16.6054, 16.6054, 52.8082, 4.28243, 16.6054, 16.6054, 12.323, 48.6801, 15.5044, 16.6054, 16.6054, 1.10103
240, 1000, 0, 0, 64.6851, 116.747, 64.8646, 24.5317, 76.3994, 8.63313, 110.432, 0.912471, 32.3887, 50, 204.888, 16.6054, 16.6054, 16.6054, 204.888, 16.6054, 16.6054, 16.6054, 41.4527, 1.83606, 16.6054, 16.6054, 14.7693, 56.6697, 13.151, 16.6054, 16.6054, 3.45438
320, 1000, 0, 0, 116.712, 155.486, 53.196, 28.8829, 82.7291, 15.0763, 158.931, 1.70922, 61.6124, 50, 230.05, 16.6054, 16.6054, 16.6054, 230.05, 16.6054, 16.6054, 16.6054, 30.2161, 1.06709, 16.6054, 16.6054, 15.5383, 57.5411, 11.0532, 16.6054, 16.6054, 5.55224
400, 1000, 0, 0, 173.109, 188.54, 35.7641, 32.3749, 87.3317, 27.4359, 195.077, 2.5574, 92.846, 50, 245.871, 16.6054, 16.6054, 16.6054, 245.871, 16.6054, 16.6054, 16.6054, 21.6456, 0.734141, 16.6054, 16.6054, 15.8712, 54.7397, 9.44534, 16.6054, 16.6054, 7.16005
480, 1000, 0, 0, 230.166, 216.837, 22.5038, 35.296, 90.9057, 47.8411, 214.518, 3.40735, 124.21, 50, 255.818, 16.6054, 16.6054, 16.6054, 255.818, 16.6054, 16.6054, 16.6054, 15.5338, 0.558053, 16.6054, 16.6054, 16.0473, 50.4551, 8.24356, 16.6054, 16.6054, 8.36183
560, 1000, 0, 0, 285.765, 241.2, 15.0228, 37.7876, 93.7835, 73.4018, 220.002, 4.23044, 154.621, 50, 262.073, 16.6054, 16.6054, 16.6054, 262.073, 16.6054, 16.6054, 16.6054, 11.2823, 0.452352, 16.6054, 16.6054, 16.153, 45.8716, 7.33958, 16.6054, 16.6054, 9.26581
640, 1000, 0, 0, 338.731, 262.29, 10.9278, 39.9388, 96.1589, 99.4681, 217.016, 5.01105, 183.484, 50, 266.006, 16.6054, 16.6054, 16.6054, 266.006, 16.6054, 16.6054, 16.6054, 8.35239, 0.383212, 16.6054, 16.6054, 16.2222, 41.5569, 6.6485, 16.6054, 16.6054, 9.95689
720, 1000, 0, 0, 388.468, 280.643, 8.4953, 41.8125, 98.1555, 123.401, 209.392, 5.74154, 210.508, 50, 268.478, 16.6054, 16.6054, 16.6054, 268.478, 16.6054, 16.6054, 16.6054, 6.33665, 0.335117, 16.6054, 16.6054, 16.2703, 37.7383, 6.11034, 16.6054, 16.6054, 10.495
800, 1000, 0, 0, 434.73, 296.689, 6.91793, 43.455, 99.857, 144.222, 199.335, 6.41916, 235.584, 50, 270.033, 16.6054, 16.6054, 16.6054, 270.033, 16.6054, 16.6054, 16.6054, 4.94555, 0.300088, 16.6054, 16.6054, 16.3053, 34.4682, 5.68375, 16.6054, 16.6054, 10.9216
880, 1000, 0, 0, 477.483, 310.777, 5.82017, 44.9025, 101.322, 161.766, 188.137, 7.04401, 258.713, 50, 271.011, 16.6054, 16.6054, 16.6054, 271.011, 16.6054, 16.6054, 16.6054, 3.97907, 0.273655, 16.6054, 16.6054, 16.3317, 31.7172, 5.34007, 16.6054, 16.6054, 11.2653
960, 1000, 0, 0, 516.816, 323.194, 5.0135, 46.1834, 102.595, 176.225, 176.566, 7.6179, 279.959, 50, 271.625, 16.6054, 16.6054, 16.6054, 271.625, 16.6054, 16.6054, 16.6054, 3.30105, 0.25314, 16.6054, 16.6054, 16.3522, 29.4234, 5.05919, 16.6054, 16.6054, 11.5462
1040, 1000, 0, 0, 552.89, 334.175, 4.39527, 47.3209, 103.709, 187.933, 165.09, 8.1435, 299.419, 50, 272.012, 16.6054, 16.6054, 16.6054, 272.012, 16.6054, 16.6054, 16.6054, 2.81949, 0.236857, 16.6054, 16.6054, 16.3685, 27.5169, 4.82672, 16.6054, 16.6054, 11.7787
1120, 1000, 0, 0, 585.899, 343.915, 3.90554, 48.3339, 104.688, 197.261, 153.984, 8.62392, 317.208, 50, 272.255, 16.6054, 16.6054, 16.6054, 272.255, 16.6054, 16.6054, 16.6054, 2.47242, 0.22369, 16.6054, 16.6054, 16.3817, 25.9319, 4.63221, 16.6054, 16.6054, 11.9732
1200, 1000, 0, 0, 616.057, 352.577, 3.50721, 49.2384, 105.552, 204.568, 143.405, 9.06244, 333.446, 50, 272.408, 16.6054, 16.6054, 16.6054, 272.408, 16.6054, 16.6054, 16.6054, 2.21809, 0.212878, 16.6054, 16.6054, 16.3925, 24.6102, 4.46788, 16.6054, 16.6054, 12.1375
1280, 1000, 0, 0, 643.575, 360.3, 3.17624, 50.0475, 106.319, 210.18, 133.438, 9.46232, 348.254, 50, 272.504, 16.6054, 16.6054, 16.6054, 272.504, 16.6054, 16.6054, 16.6054, 2.02832, 0.203886, 16.6054, 16.6054, 16.4015, 23.5035, 4.3279, 16.6054, 16.6054, 12.2775
1360, 1000, 0, 0, 668.664, 367.198, 2.8964, 50.7728, 107.001, 214.385, 124.116, 9.82668, 361.748, 50, 272.564, 16.6054, 16.6054, 16.6054, 272.564, 16.6054, 16.6054, 16.6054, 1.88403, 0.196326, 16.6054, 16.6054, 16.4091, 22.5718, 4.20778, 16.6054, 16.6054, 12.3976
1440, 1000, 0, 0, 691.522, 373.372, 2.65635, 51.4239, 107.609, 217.427, 115.444, 10.1585, 374.036, 50, 272.602, 16.6054, 16.6054, 16.6054, 272.602, 16.6054, 16.6054, 16.6054, 1.7722, 0.18991, 16.6054, 16.6054, 16.4155, 21.7829, 4.10406, 16.6054, 16.6054, 12.5013
1520, 1000, 0, 0, 712.337, 378.907, 2.44797, 52.0093, 108.152, 219.516, 107.409, 10.4606, 385.224, 50, 272.626, 16.6054, 16.6054, 16.6054, 272.626, 16.6054, 16.6054, 16.6054, 1.68391, 0.184422, 16.6054, 16.6054, 16.421, 21.111, 4.01399, 16.6054, 16.6054, 12.5914
1600, 1000, 0, 0, 731.285, 383.875, 2.26528, 52.536, 108.639, 220.827, 99.9852, 10.7355, 395.406, 50, 272.641, 16.6054, 16.6054, 16.6054, 272.641, 16.6054, 16.6054, 16.6054, 1.61295, 0.179694, 16.6054, 16.6054, 16.4257, 20.5354, 3.9354, 16.6054, 16.6054, 12.67
1680, 1000, 0, 0, 748.527, 388.342, 2.10378, 53.0107, 109.075, 221.507, 93.1411, 10.9857, 404.67, 50, 272.651, 16.6054, 16.6054, 16.6054, 272.651, 16.6054, 16.6054, 16.6054, 1.55499, 0.175598, 16.6054, 16.6054, 16.4298, 20.0396, 3.86651, 16.6054, 16.6054, 12.7389
1760, 1000, 0, 0, 764.213, 392.36, 1.96004, 53.4387, 109.467, 221.678, 86.8421, 11.2133, 413.098, 50, 272.656, 16.6054, 16.6054, 16.6054, 272.656, 16.6054, 16.6054, 16.6054, 1.50695, 0.172031, 16.6054, 16.6054, 16.4334, 19.6102, 3.80592, 16.6054, 16.6054, 12.7995
1840, 1000, 0, 0, 778.482, 395.981, 1.83136, 53.825, 109.819, 221.443, 81.0524, 11.4203, 420.764, 50, 272.66, 16.6054, 16.6054, 16.6054, 272.66, 16.6054, 16.6054, 16.6054, 1.46663, 0.16891, 16.6054, 16.6054, 16.4365, 19.2366, 3.75243, 16.6054, 16.6054, 12.853
1920, 1000, 0, 0, 791.458, 399.244, 1.71561, 54.1738, 110.137, 220.886, 75.7363, 11.6085, 427.737, 50, 272.663, 16.6054, 16.6054, 16.6054, 272.663, 16.6054, 16.6054, 16.6054, 1.4324, 0.166168, 16.6054, 16.6054, 16.4392, 18.91, 3.70507, 16.6054, 16.6054, 12.9003
2000, 1000, 0, 0, 803.258, 402.189, 1.61107, 54.4891, 110.423, 220.079, 70.8591, 11.7797, 434.078, 50, 272.664, 16.6054, 16.6054, 16.6054, 272.664, 16.6054, 16.6054, 16.6054, 1.40306, 0.163751, 16.6054, 16.6054, 16.4416, 18.6234, 3.66302, 16.6054, 16.6054, 12.9424
2080, 1000, 0, 0, 813.986, 404.848, 1.51635, 54.7743, 110.681, 219.078, 66.3876, 11.9354, 439.844, 50, 272.665, 16.6054, 16.6054, 16.6054, 272.665, 16.6054, 16.6054, 16.6054, 1.37772, 0.161614, 16.6054, 16.6054, 16.4438, 18.371, 3.62562, 16.6054, 16.6054, 12.9798
2160, 1000, 0, 0, 823.739, 407.25, 1.4303, 55.0322, 110.914, 217.933, 62.2903, 12.077, 445.087, 50, 272.666, 16.6054, 16.6054, 16.6054, 272.666, 16.6054, 16.6054, 16.6054, 1.35568, 0.159718, 16.6054, 16.6054, 16.4457, 18.1479, 3.59226, 16.6054, 16.6054, 13.0131
2240, 1000, 0, 0, 832.606, 409.422, 1.35194, 55.2657, 111.124, 216.683, 58.5376, 12.2057, 449.854, 50, 272.666, 16.6054, 16.6054, 16.6054, 272.666, 16.6054, 16.6054, 16.6054, 1.33639, 0.158034, 16.6054, 16.6054, 16.4474, 17.9502, 3.56246, 16.6054, 16.6054, 13.0429
2320, 1000, 0, 0, 840.666, 411.385, 1.28045, 55.4771, 111.314, 215.361, 55.1018, 12.3227, 454.188, 50, 272.666, 16.6054, 16.6054, 16.6054, 272.666, 16.6054, 16.6054, 16.6054, 1.31944, 0.156533, 16.6054, 16.6054, 16.4489, 17.7746, 3.53579, 16.6054, 16.6054, 13.0696
2400, 1000, 0, 0, 847.991, 413.162, 1.21515, 55.6686, 111.486, 213.993, 51.9571, 12.4291, 458.129, 50, 272.666, 16.6054, 16.6054, 16.6054, 272.666, 16.6054, 16.6054, 16.6054, 1.30448, 0.155193, 16.6054, 16.6054, 16.4502, 17.6182, 3.51189, 16.6054, 16.6054, 13.0935
2480, 1000, 0, 0, 854.65, 414.771, 1.15542, 55.8422, 111.642, 212.603, 49.0799, 12.5259, 461.711, 50, 272.666, 16.6054, 16.6054, 16.6054, 272.666, 16.6054, 16.6054, 16.6054, 1.29122, 0.153995, 16.6054, 16.6054, 16.4514, 17.4785, 3.49044, 16.6054, 16.6054, 13.115
2560, 1000, 0, 0, 860.701, 416.227, 1.10073, 55.9995, 111.782, 211.206, 46.4478, 12.6138, 464.968, 50, 272.666, 16.6054, 16.6054, 16.6054, 272.666, 16.6054, 16.6054, 16.6054, 1.27945, 0.152922, 16.6054, 16.6054, 16.4525, 17.3537, 3.47116, 16.6054, 16.6054, 13.1342
2640, 1000, 0, 0, 866.2, 417.546, 1.05064, 56.1421, 111.91, 209.819, 44.0406, 12.6938, 467.929, 50, 272.666, 16.6054, 16.6054, 16.6054, 272.666, 16.6054, 16.6054, 16.6054, 1.26896, 0.15196, 16.6054, 16.6054, 16.4534, 17.2419, 3.45382, 16.6054, 16.6054, 13.1516
2720, 1000, 0, 0, 871.198, 418.742, 1.00472, 56.2714, 112.025, 208.452, 41.8393, 12.7664, 470.621, 50, 272.666, 16.6054, 16.6054, 16.6054, 272.666, 16.6054, 16.6054, 16.6054, 1.2596, 0.151096, 16.6054, 16.6054, 16.4543, 17.1417, 3.43821, 16.6054, 16.6054, 13.1672
2800, 1000, 0, 0, 875.74, 419.825, 0.962618, 56.3887, 112.13, 207.114, 39.8268, 12.8325, 473.067, 50, 272.666, 16.6054, 16.6054, 16.6054, 272.666, 16.6054, 16.6054, 16.6054, 1.25122, 0.15032, 16.6054, 16.6054, 16.4551, 17.0516, 3.42414, 16.6054, 16.6054, 13.1813
2880, 1000, 0, 0, 879.867, 420.807, 0.924005, 56.4951, 112.225, 205.812, 37.9871, 12.8926, 475.292, 50, 272.666, 16.6054, 16.6054, 16.6054, 272.666, 16.6054, 16.6054, 16.6054, 1.24372, 0.149621, 16.6054, 16.6054, 16.4558, 16.9706, 3.41145, 16.6054, 16.6054, 13.1939
2960, 1000, 0, 0, 883.617, 421.697, 0.888588, 56.5917, 112.311, 204.552, 36.3055, 12.9472, 477.314, 50, 272.666, 16.6054, 16.6054, 16.6054, 272.666, 16.6054, 16.6054, 16.6054, 1.23699, 0.148992, 16.6054, 16.6054, 16.4564, 16.8977, 3.39999, 16.6054, 16.6054, 13.2054
3040, 1000, 0, 0, 887.025, 422.504, 0.856102, 56.6793, 112.389, 203.337, 34.7687, 12.9968, 479.152, 50, 272.667, 16.6054, 16.6054, 16.6054, 272.667, 16.6054, 16.6054, 16.6054, 1.23094, 0.148424, 16.6054, 16.6054, 16.457, 16.8321, 3.38965, 16.6054, 16.6054, 13.2157
3120, 1000, 0, 0, 890.121, 423.237, 0.826304, 56.7589, 112.46, 202.171, 33.3644, 13.0419, 480.822, 50, 272.667, 16.6054, 16.6054, 16.6054, 272.667, 16.6054, 16.6054, 16.6054, 1.2255, 0.147913, 16.6054, 16.6054, 16.4575, 16.7729, 3.3803, 16.6054, 16.6054, 13.2251
3200, 1000, 0, 0, 892.935, 423.901, 0.798977, 56.8311, 112.524, 201.054, 32.0811, 13.0829, 482.341, 50, 272.667, 16.6054, 16.6054, 16.6054, 272.667, 16.6054, 16.6054, 16.6054, 1.22061, 0.14745, 16.6054, 16.6054, 16.4579, 16.7194, 3.37184, 16.6054, 16.6054, 13.2335
3280, 1000, 0, 0, 895.492, 424.504, 0.773918, 56.8966, 112.582, 199.988, 30.9087, 13.1202, 483.722, 50, 272.667, 16.6054, 16.6054, 16.6054, 272.667, 16.6054, 16.6054, 16.6054, 1.21619, 0.147033, 16.6054, 16.6054, 16.4584, 16.6712, 3.3642, 16.6054, 16.6054, 13.2412
3360, 1000, 0, 0, 897.814, 425.05, 0.750945, 56.9561, 112.635, 198.973, 29.8375, 13.1541, 484.976, 50, 272.667, 16.6054, 16.6054, 16.6054, 272.667, 16.6054, 16.6054, 16.6054, 1.21222, 0.146656, 16.6054, 16.6054, 16.4587, 16.6276, 3.35727, 16.6054, 16.6054, 13.2481
3440, 1000, 0, 0, 899.925, 425.547, 0.729888, 57.0102, 112.683, 198.009, 28.859, 13.1848, 486.117, 50, 272.667, 16.6054, 16.6054, 16.6054, 272.667, 16.6054, 16.6054, 16.6054, 1.20862, 0.146315, 16.6054, 16.6054, 16.4591, 16.5882, 3.35101, 16.6054, 16.6054, 13.2544
3520, 1000, 0, 0, 901.842, 425.997, 0.710592, 57.0593, 112.727, 197.096, 27.9652, 13.2128, 487.154, 50, 272.667, 16.6054, 16.6054, 16.6054, 272.667, 16.6054, 16.6054, 16.6054, 1.20538, 0.146007, 16.6054, 16.6054, 16.4594, 16.5525, 3.34533, 16.6054, 16.6054, 13.2601
3600, 1000, 0, 0, 903.585, 426.406, 0.692915, 57.1038, 112.766, 196.231, 27.1487, 13.2383, 488.096, 50, 272.667, 16.6054, 16.6054, 16.6054, 272.667, 16.6054, 16.6054, 16.6054, 1.20245, 0.145728, 16.6054, 16.6054, 16.4597, 16.5203, 3.34019, 16.6054, 16.6054, 13.2652
3680, 1000, 0, 0, 905.168, 426.777, 0.676726, 57.1443, 112.802, 195.415, 26.4029, 13.2614, 488.952, 50, 272.667, 16.6054, 16.6054, 16.6054, 272.667, 16.6054, 16.6054, 16.6054, 1.1998, 0.145475, 16.6054, 16.6054, 16.4599, 16.491, 3.33553, 16.6054, 16.6054, 13.2699
3760, 1000, 0, 0, 906.606, 427.114, 0.661903, 57.1811, 112.835, 194.645, 25.7218, 13.2824, 489.731, 50, 272.667, 16.6054, 16.6054, 16.6054, 272.667, 16.6054, 16.6054, 16.6054, 1.19741, 0.145246, 16.6054, 16.6054, 16.4601, 16.4646, 3.3313, 16.6054, 16.6054, 13.2741
3840, 1000, 0, 0, 907.913, 427.42, 0.648336, 57.2145, 112.864, 193.92, 25.0997, 13.3015, 490.439, 50, 272.667, 16.6054, 16.6054, 16.6054, 272.667, 16.6054, 16.6054, 16.6054, 1.19524, 0.145039, 16.6054, 16.6054, 16.4604, 16.4406, 3.32747, 16.6054, 16.6054, 13.2779
3920, 1000, 0, 0, 909.1, 427.697, 0.635922, 57.2448, 112.891, 193.239, 24.5316, 13.3189, 491.082, 50, 272.667, 16.6054, 16.6054, 16.6054, 272.667, 16.6054, 16.6054, 16.6054, 1.19328, 0.144851, 16.6054, 16.6054, 16.4605, 16.4189, 3.324, 16.6054, 16.6054, 13.2814
4000, 1000, 0, 0, 910.178, 427.949, 0.624565, 57.2724, 112.916, 192.599, 24.0128, 13.3347, 491.666, 50, 272.667, 16.6054, 16.6054, 16.6054, 272.667, 16.6054, 16.6054, 16.6054, 1.1915, 0.144681, 16.6054, 16.6054, 16.4607, 16.3992, 3.32085, 16.6054, 16.6054, 13.2845
4080, 1000, 0, 0, 911.158, 428.178, 0.61418, 57.2975, 112.938, 191.998, 23.5391, 13.349, 492.198, 50, 272.667, 16.6054, 16.6054, 16.6054, 272.667, 16.6054, 16.6054, 16.6054, 1.18989, 0.144527, 16.6054, 16.6054, 16.4609, 16.3814, 3.31799, 16.6054, 16.6054, 13.2874
4160, 1000, 0, 0, 912.049, 428.386, 0.604685, 57.3202, 112.958, 191.435, 23.1065, 13.3621, 492.681, 50, 272.667, 16.6054, 16.6054, 16.6054, 272.667, 16.6054, 16.6054, 16.6054, 1.18843, 0.144387, 16.6054, 16.6054, 16.461, 16.3652, 3.31539, 16.6054, 16.6054, 13.29
4240, 1000, 0, 0, 912.857, 428.575, 0.596007, 57.3409, 112.976, 190.908, 22.7115, 13.3739, 493.12, 50, 272.667, 16.6054, 16.6054, 16.6054, 272.667, 16.6054, 16.6054, 16.6054, 1.18711, 0.14426, 16.6054, 16.6054, 16.4611, 16.3505, 3.31304, 16.6054, 16.6054, 13.2924
4320, 1000, 0, 0, 913.592, 428.746, 0.588077, 57.3597, 112.993, 190.416, 22.3508, 13.3847, 493.519, 50, 272.667, 16.6054, 16.6054, 16.6054, 272.667, 16.6054, 16.6054, 16.6054, 1.18592, 0.144145, 16.6054, 16.6054, 16.4612, 16.3372, 3.3109, 16.6054, 16.6054, 13.2945
4400, 1000, 0, 0, 914.26, 428.902, 0.580834, 57.3767, 113.008, 189.955, 22.0215, 13.3945, 493.881, 50, 272.667, 16.6054, 16.6054, 16.6054, 272.667, 16.6054, 16.6054, 16.6054, 1.18483, 0.144041, 16.6054, 16.6054, 16.4613, 16.3251, 3.30896, 16.6054, 16.6054, 13.2964
4480, 1000, 0, 0, 914.866, 429.044, 0.574219, 57.3923, 113.022, 189.525, 21.7208, 13.4034, 494.211, 50, 272.667, 16.6054, 16.6054, 16.6054, 272.667, 16.6054, 16.6054, 16.6054, 1.18385, 0.143946, 16.6054, 16.6054, 16.4614, 16.3141, 3.3072, 16.6054, 16.6054, 13.2982
4560, 1000, 0, 0, 915.417, 429.172, 0.568179, 57.4063, 113.034, 189.124, 21.4463, 13.4115, 494.511, 50, 272.667, 16.6054, 16.6054, 16.6054, 272.667, 16.6054, 16.6054, 16.6054, 1.18295, 0.14386, 16.6054, 16.6054, 16.4615, 16.3042, 3.3056, 16.6054, 16.6054, 13.2998
4640, 1000, 0, 0, 915.918, 429.289, 0.562665, 57.4192, 113.045, 188.749, 21.1957, 13.4188, 494.783, 50, 272.667, 16.6054, 16.6054, 16.6054, 272.667, 16.6054, 16.6054, 16.6054, 1.18214, 0.143782, 16.6054, 16.6054, 16.4616, 16.2951, 3.30414, 16.6054, 16.6054, 13.3012
4720, 1000, 0, 0, 916.373, 429.394, 0.557633, 57.4308, 113.056, 188.401, 20.9668, 13.4255, 495.031, 50, 272.667, 16.6054, 16.6054, 16.6054, 272.667, 16.6054, 16.6054, 16.6054, 1.18141, 0.143712, 16.6054, 16.6054, 16.4617, 16.2869, 3.30282, 16.6054, 16.6054, 13.3026
4800, 1000, 0, 0, 916.786, 429.491, 0.553042, 57.4414, 113.065, 188.076, 20.758, 13.4316, 495.255, 50, 272.667, 16.6054, 16.6054, 16.6054, 272.667, 16.6054, 16.6054, 16.6054, 1.18074, 0.143647, 16.6054, 16.6054, 16.4617, 16.2795, 3.30163, 16.6054, 16.6054, 13.3038
4880, 1000, 0, 0, 917.161, 429.578, 0.548854, 57.451, 113.074, 187.774, 20.5673, 13.4371, 495.46, 50, 272.667, 16.6054, 16.6054, 16.6054, 272.667, 16.6054, 16.6054, 16.6054, 1.18013, 0.143589, 16.6054, 16.6054, 16.4618, 16.2727, 3.30054, 16.6054, 16.6054, 13.3049
4960, 1000, 0, 0, 917.502, 429.657, 0.545033, 57.4597, 113.081, 187.493, 20.3932, 13.4421, 495.646, 50, 272.667, 16.6054, 16.6054, 16.6054, 272.667, 16.6054, 16.6054, 16.6054, 1.17959, 0.143536, 16.6054, 16.6054, 16.4619, 16.2666, 3.29955, 16.6054, 16.6054, 13.3058
5040, 1000, 0, 0, 917.812, 429.73, 0.54155, 57.4676, 113.088, 187.232, 20.2343, 13.4467, 495.815, 50, 272.667, 16.6054, 16.6054, 16.6054, 272.667, 16.6054, 16.6054, 16.6054, 1.17909, 0.143488, 16.6054, 16.6054, 16.4619, 16.261, 3.29865, 16.6054, 16.6054, 13.3067
5120, 1000, 0, 0, 918.094, 429.795, 0.538373, 57.4749, 113.095, 186.989, 20.0892, 13.4508, 495.968, 50, 272.667, 16.6054, 16.6054, 16.6054, 272.667, 16.6054, 16.6054, 16.6054, 1.17863, 0.143445, 16.6054, 16.6054, 16.4619, 16.2559, 3.29784, 16.6054, 16.6054, 13.3076
5200, 1000, 0, 0, 918.349, 429.855, 0.535478, 57.4814, 113.1, 186.763, 19.9568, 13.4546, 496.108, 50, 272.667, 16.6054, 16.6054, 16.6054, 272.667, 16.6054, 16.6054, 16.6054, 1.17822, 0.143405, 16.6054, 16.6054, 16.462, 16.2513, 3.2971, 16.6054, 16.6054, 13.3083
5280, 1000, 0, 0, 918.582, 429.909, 0.532839, 57.4874, 113.106, 186.554, 19.8359, 13.458, 496.235, 50, 272.667, 16.6054, 16.6054, 16.6054, 272.667, 16.6054, 16.6054, 16.6054, 1.17785, 0.143369, 16.6054, 16.6054, 16.462, 16.2471, 3.29642, 16.6054, 16.6054, 13.309
5360, 1000, 0, 0, 918.793, 429.958, 0.530434, 57.4928, 113.111, 186.36, 19.7256, 13.4611, 496.35, 50, 272.667, 16.6054, 16.6054, 16.6054, 272.667, 16.6054, 16.6054, 16.6054, 1.17751, 0.143336, 16.6054, 16.6054, 16.4621, 16.2433, 3.29581, 16.6054, 16.6054, 13.3096
5440, 1000, 0, 0, 918.985, 430.002, 0.528241, 57.4977, 113.115, 186.18, 19.6249, 13.464, 496.455, 50, 272.667, 16.6054, 16.6054, 16.6054, 272.667, 16.6054, 16.6054, 16.6054, 1.17721, 0.143307, 16.6054, 16.6054, 16.4621, 16.2399, 3.29525, 16.6054, 16.6054, 13.3101
5520, 1000, 0, 0, 919.159, 430.043, 0.526244, 57.5022, 113.119, 186.013, 19.533, 13.4665, 496.55, 50, 272.667, 16.6054, 16.6054, 16.6054, 272.667, 16.6054, 16.6054, 16.6054, 1.17693, 0.14328, 16.6054, 16.6054, 16.4621, 16.2367, 3.29475, 16.6054, 16.6054, 13.3106
5600, 1000, 0, 0, 919.317, 430.08, 0.524425, 57.5062, 113.122, 185.859, 19.4491, 13.4689, 496.636, 50, 272.667, 16.6054, 16.6054, 16.6054, 272.667, 16.6054, 16.6054, 16.6054, 1.17667, 0.143255, 16.6054, 16.6054, 16.4621, 16.2339, 3.29429, 16.6054, 16.6054, 13.3111
5680, 1000, 0, 0, 919.461, 430.113, 0.522768, 57.5099, 113.126, 185.715, 19.3726, 13.471, 496.715, 50, 272.667, 16.6054, 16.6054, 16.6054, 272.667, 16.6054, 16.6054, 16.6054, 1.17644, 0.143233, 16.6054, 16.6054, 16.4622, 16.2313, 3.29387, 16.6054, 16.6054, 13.3115
5760, 1000, 0, 0, 919.591, 430.143, 0.521259, 57.5133, 113.129, 185.583, 19.3027, 13.4729, 496.787, 50, 272.667, 16.6054, 16.6054, 16.6054, 272.667, 16.6054, 16.6054, 16.6054, 1.17623, 0.143213, 16.6054, 16.6054, 16.4622, 16.2289, 3.2935, 16.6054, 16.6054, 13.3119
5840, 1000, 0, 0, 919.71, 430.171, 0.519884, 57.5163, 113.131, 185.46, 19.2389, 13.4747, 496.852, 50, 272.667, 16.6054, 16.6054, 16.6054, 272.667, 16.6054, 16.6054, 16.6054, 1.17604, 0.143195, 16.6054, 16.6054, 16.4622, 16.2268, 3.29315, 16.6054, 16.6054, 13.3122
5920, 1000, 0, 0, 919.818, 430.196, 0.518633, 57.5191, 113.134, 185.347, 19.1807, 13.4763, 496.911, 50, 272.667, 16.6054, 16.6054, 16.6054, 272.667, 16.6054, 16.6054, 16.6054, 1.17587, 0.143178, 16.6054, 16.6054, 16.4622, 16.2249, 3.29284, 16.6054, 16.6054, 13.3126
6000, 1000, 0, 0, 919.916, 430.219, 0.517493, 57.5216, 113.136, 185.242, 19.1276, 13.4777, 496.964, 50, 272.667, 16.6054, 16.6054, 16.6054, 272.667, 16.6054, 16.6054, 16.6054, 1.17571, 0.143163, 16.6054, 16.6054, 16.4622, 16.2231, 3.29255, 16.6054, 16.6054, 13.3128
6080, 1000, 0, 0, 920.005, 430.24, 0.516455, 57.5239, 113.138, 185.144, 19.0791, 13.4791, 497.013, 50, 272.667, 16.6054, 16.6054, 16.6054, 272.667, 16.6054, 16.6054, 16.6054, 1.17557, 0.143149, 16.6054, 16.6054, 16.4622, 16.2215, 3.2923, 16.6054, 16.6054, 13.3131
6160, 1000, 0, 0, 920.086, 430.258, 0.515511, 57.526, 113.14, 185.055, 19.0349, 13.4803, 497.058, 50, 272.667, 16.6054, 16.6054, 16.6054, 272.667, 16.6054, 16.6054, 16.6054, 1.17544, 0.143137, 16.6054, 16.6054, 16.4623, 16.22, 3.29206, 16.6054, 16.6054, 13.3133
6240, 1000, 0, 0, 920.159, 430.275, 0.51465, 57.5279, 113.142, 184.972, 18.9945, 13.4813, 497.098, 50, 272.667, 16.6054, 16.6054, 16.6054, 272.667, 16.6054, 16.6054, 16.6054, 1.17533, 0.143125, 16.6054, 16.6054, 16.4623, 16.2187, 3.29185, 16.6054, 16.6054, 13.3135
6320, 1000, 0, 0, 920.226, 430.291, 0.513867, 57.5296, 113.143, 184.895, 18.9577, 13.4823, 497.135, 50, 272.667, 16.6054, 16.6054, 16.6054, 272.667, 16.6054, 16.6054, 16.6054, 1.17522, 0.143115, 16.6054, 16.6054, 16.4623, 16.2175, 3.29165, 16.6054, 16.6054, 13.3137
6400, 1000, 0, 0, 920.286, 430.305, 0.513154, 57.5312, 113.144, 184.824, 18.924, 13.4832, 497.168, 50, 272.667, 16.6054, 16.6054, 16.6054, 272.667, 16.6054, 16.6054, 16.6054, 1.17512, 0.143106, 16.6054, 16.6054, 16.4623, 16.2164, 3.29148, 16.6054, 16.6054, 13.3139
6480, 1000, 0, 0, 920.342, 430.318, 0.512505, 57.5326, 113.146, 184.759, 18.8934, 13.484, 497.198, 50, 272.667, 16.6054, 16.6054, 16.6054, 272.667, 16.6054, 16.6054, 16.6054, 1.17503, 0.143097, 16.6054, 16.6054, 16.4623, 16.2154, 3.29132, 16.6054, 16.6054, 13.3141
6560, 1000, 0, 0, 920.392, 430.329, 0.511915, 57.5339, 113.147, 184.698, 18.8654, 13.4848, 497.226, 50, 272.667, 16.6054, 16.6054, 16.6054, 272.667, 16.6054, 16.6054, 16.6054, 1.17495, 0.14309, 16.6054, 16.6054, 16.4623, 16.2145, 3.29117, 16.6054, 16.6054, 13.3142
6640, 1000, 0, 0, 920.437, 430.34, 0.511378, 57.5351, 113.148, 184.643, 18.8398, 13.4855, 497.251, 50, 272.667, 16.6054, 16.6054, 16.6054, 272.667, 16.6054, 16.6054, 16.6054, 1.17488, 0.143083, 16.6054, 16.6054, 16.4623, 16.2137, 3.29104, 16.6054, 16.6054, 13.3144
6720, 1000, 0, 0, 920.478, 430.35, 0.510889, 57.5361, 113.149, 184.591, 18.8165, 13.4861, 497.273, 50, 272.667, 16.6054, 16.6054, 16.6054, 272.667, 16.6054, 16.6054, 16.6054, 1.17482, 0.143076, 16.6054, 16.6054, 16.4623, 16.213, 3.29092, 16.6054, 16.6054, 13.3145
6800, 1000, 0, 0, 920.516, 430.358, 0.510444, 57.5371, 113.15, 184.544, 18.7953, 13.4866, 497.294, 50, 272.667, 16.6054, 16.6054, 16.6054, 272.667, 16.6054, 16.6054, 16.6054, 1.17476, 0.14307, 16.6054, 16.6054, 16.4623, 16.2123, 3.29081, 16.6054, 16.6054, 13.3146
6880, 1000, 0, 0, 920.55, 430.366, 0.510039, 57.538, 113.15, 184.5, 18.7759, 13.4871, 497.313, 50, 272.667, 16.6054, 16.6054, 16.6054, 272.667, 16.6054, 16.6054, 16.6054, 1.1747, 0.143065, 16.6054, 16.6054, 16.4623, 16.2117, 3.29071, 16.6054, 16.6054, 13.3147
6960, 1000, 0, 0, 920.581, 430.373, 0.509671, 57.5388, 113.151, 184.46, 18.7582, 13.4876, 497.33, 50, 272.667, 16.6054, 16.6054, 16.6054, 272.667, 16.6054, 16.6054, 16.6054, 1.17465, 0.14306, 16.6054, 16.6054, 16.4623, 16.2111, 3.29062, 16.6054, 16.6054, 13.3148
7040, 1000, 0, 0, 920.609, 430.38, 0.509336, 57.5395, 113.152, 184.423, 18.742, 13.488, 497.345, 50, 272.667, 16.6054, 16.6054, 16.6054, 272.667, 16.6054, 16.6054, 16.6054, 1.17461, 0.143056, 16.6054, 16.6054, 16.4623, 16.2106, 3.29054, 16.6054, 16.6054, 13.3149
7120, 1000, 0, 0, 920.635, 430.386, 0.509031, 57.5402, 113.152, 184.388, 18.7273, 13.4884, 497.359, 50, 272.667, 16.6054, 16.6054, 16.6054, 272.667, 16.6054, 16.6054, 16.6054, 1.17457, 0.143052, 16.6054, 16.6054, 16.4623, 16.2101, 3.29046, 16.6054, 16.6054, 13.3149
7200, 1000, 0, 0, 920.658, 430.391, 0.508753, 57.5408, 113.153, 184.357, 18.7138, 13.4888, 497.372, 0, 272.667, 16.6054, 16.6054, 16.6054, 272.667, 16.6054, 16.6054, 16.6054, 1.17453, 0.143049, 16.6054, 16.6054, 16.4623, 16.2097, 3.2904, 16.6054, 16.6054, 13.315
7280, 1000, 1077.52, 50, 23.3776, 77.411, 0.829053, 272.729, 236.151, 171.551, 27.943, 369.673, 1.88042e-07, 0, 272.667, 16.6054, 16.6054, 16.6054, 272.667, 16.6054, 16.6054, 16.6054, 13.3303, 4.23368, 16.6054, 16.6054, 12.3717, 10.504, 0.148392, 16.6054, 16.6054, 16.457
7360, 1000, 1077.21, 50, 23.3709, 77.4024, 1.83051, 272.811, 236.185, 140.38, 50.6035, 369.896, 1.91223e-13, 0, 272.667, 16.6054, 16.6054, 16.6054, 272.667, 16.6054, 16.6054, 16.6054, 21.287, 4.23458, 16.6054, 16.6054, 12.3708, 6.87584, 0.148304, 16.6054, 16.6054, 16.4571
7440, 1000, 1076.93, 50, 23.3649, 77.3946, 3.99285, 272.885, 236.217, 100.568, 79.3737, 370.099, -2.26476e-15, 0, 272.667, 16.6054, 16.6054, 16.6054, 272.667, 16.6054, 16.6054, 16.6054, 26.2925, 4.2354, 16.6054, 16.6054, 12.37, 4.59441, 0.148223, 16.6054, 16.6054, 16.4572
7520, 1000, 1076.68, 50, 23.3594, 77.3875, 9.16028, 272.953, 236.246, 59.5866, 108.244, 370.283, -2.92684e-16, 0, 272.667, 16.6054, 16.6054, 16.6054, 272.667, 16.6054, 16.6054, 16.6054, 29.4421, 4.23614, 16.6054, 16.6054, 12.3692, 3.15978, 0.14815, 16.6054, 16.6054, 16.4572
7600, 1000, 1076.45, 50, 23.3544, 77.381, 23.7214, 273.014, 236.271, 27.1779, 128.342, 370.45, 1.23699e-16, 0, 272.667, 16.6054, 16.6054, 16.6054, 272.667, 16.6054, 16.6054, 16.6054, 31.4247, 4.23682, 16.6054, 16.6054, 12.3686, 2.25762, 0.148084, 16.6054, 16.6054, 16.4573
7680, 1000, 1076.24, 50, 23.3499, 77.3751, 54.4737, 273.07, 236.295, 12.0847, 131.428, 370.602, -1.83839e-21, 0, 272.667, 16.6054, 16.6054, 16.6054, 272.667, 16.6054, 16.6054, 16.6054, 32.6732, 4.23743, 16.6054, 16.6054, 12.368, 1.69026, 0.148024, 16.6054, 16.6054, 16.4574
7760, 1000, 1076.05, 50, 23.3457, 77.3698, 92.7959, 273.12, 236.316, 6.75858, 125.328, 370.741, -2.29828e-24, 0, 272.667, 16.6054, 16.6054, 16.6054, 272.667, 16.6054, 16.6054, 16.6054, 33.46, 4.23799, 16.6054, 16.6054, 12.3674, 1.33342, 0.147969, 16.6054, 16.6054, 16.4574
7840, 1000, 1075.87, 50, 23.342, 77.365, 131.402, 273.166, 236.336, 4.45171, 116.93, 370.866, -6.97742e-30, 0, 272.667, 16.6054, 16.6054, 16.6054, 272.667, 16.6054, 16.6054, 16.6054, 33.9563, 4.2385, 16.6054, 16.6054, 12.3669, 1.10895, 0.147919, 16.6054, 16.6054, 16.4575
7920, 1000, 1075.72, 50, 23.3386, 77.3606, 168.132, 273.208, 236.354, 3.21996, 108.231, 370.98, 5.2569e-33, 0, 272.667, 16.6054, 16.6054, 16.6054, 272.667, 16.6054, 16.6054, 16.6054, 34.2698, 4.23896, 16.6054, 16.6054, 12.3664, 0.967732, 0.147874, 16.6054, 16.6054, 16.4575
8000, 1000, 1075.57, 50, 23.3355, 77.3566, 202.369, 273.246, 236.37, 2.4675, 99.8336, 371.084, -6.82765e-35, 0, 272.667, 16.6054, 16.6054, 16.6054, 272.667, 16.6054, 16.6054, 16.6054, 34.4683, 4.23938, 16.6054, 16.6054, 12.366, 0.878859, 0.147833, 16.6054, 16.6054, 16.4576
8080, 1000, 1075.44, 50, 23.3327, 77.3529, 233.971, 273.28, 236.384, 1.96547, 91.942, 371.178, -1.39863e-35, 0, 272.667, 16.6054, 16.6054, 16.6054, 272.667, 16.6054, 16.6054, 16.6054, 34.5943, 4.23976, 16.6054, 16.6054, 12.3656, 0.822907, 0.147796, 16.6054, 16.6054, 16.4576
8160, 1000, 1075.32, 50, 23.3301, 77.3496, 262.981, 273.311, 236.397, 1.60941, 84.6217, 371.263, 8.49659e-37, 0, 272.667, 16.6054, 16.6054, 16.6054, 272.667, 16.6054, 16.6054, 16.6054, 34.6747, 4.2401, 16.6054, 16.6054, 12.3653, 0.787663, 0.147762, 16.6054, 16.6054, 16.4576
8240, 1000, 1075.22, 50, 23.3278, 77.3466, 289.524, 273.34, 236.409, 1.3454, 77.8798, 371.341, 6.55523e-40, 0, 272.667, 16.6054, 16.6054, 16.6054, 272.667, 16.6054, 16.6054, 16.6054, 34.7262, 4.24042, 16.6054, 16.6054, 12.365, 0.765444, 0.147732, 16.6054, 16.6054, 16.4577
8320, 1000, 1075.12, 50, 23.3257, 77.3439, 313.756, 273.366, 236.42, 1.14295, 71.6974, 371.411, 1.89822e-43, 0, 272.667, 16.6054, 16.6054, 16.6054, 272.667, 16.6054, 16.6054, 16.6054, 34.7595, 4.2407, 16.6054, 16.6054, 12.3647, 0.75142, 0.147704, 16.6054, 16.6054, 16.4577
8400, 1000, 1075.03, 50, 23.3238, 77.3414, 335.848, 273.389, 236.43, 0.983584, 66.0434, 371.476, 1.46832e-42, 0, 272.667, 16.6054, 16.6054, 16.6054, 272.667, 16.6054, 16.6054, 16.6054, 34.7812, 4.24096, 16.6054, 16.6054, 12.3644, 0.742554, 0.147679, 16.6054, 16.6054, 16.4577
8480, 1000, 1074.95, 50, 23.322, 77.3392, 355.969, 273.41, 236.439, 0.855485, 60.8823, 371.534, 1.30524e-42, 0, 272.667, 16.6054, 16.6054, 16.6054, 272.667, 16.6054, 16.6054, 16.6054, 34.7957, 4.2412, 16.6054, 16.6054, 12.3642, 0.736936, 0.147656, 16.6054, 16.6054, 16.4577
8560, 1000, 1074.88, 50, 23.3205, 77.3371, 374.283, 273.43, 236.447, 0.750761, 56.1768, 371.587, 5.26597e-44, 0, 272.667, 16.6054, 16.6054, 16.6054, 272.667, 16.6054, 16.6054, 16.6054, 34.8054, 4.24141, 16.6054, 16.6054, 12.364, 0.733363, 0.147635, 16.6054, 16.6054, 16.4578
8640, 1000, 1074.81, 50, 23.319, 77.3353, 390.944, 273.447, 236.455, 0.663941, 51.8903, 371.635, 9.269e-45, 0, 272.667, 16.6054, 16.6054, 16.6054, 272.667, 16.6054, 16.6054, 16.6054, 34.8122, 4.24161, 16.6054, 16.6054, 12.3638, 0.731081, 0.147616, 16.6054, 16.6054, 16.4578
8720, 1000, 1074.75, 50, 23.3177, 77.3336, 406.096, 273.463, 236.462, 0.59112, 47.9881, 371.678, -1.80147e-46, 0, 272.667, 16.6054, 16.6054, 16.6054, 272.667, 16.6054, 16.6054, 16.6054, 34.817, 4.24179, 16.6054, 16.6054, 12.3636, 0.729612, 0.147599, 16.6054, 16.6054, 16.4578
8800, 1000, 1074.69, 50, 23.3165, 77.3321, 419.874, 273.478, 236.468, 0.529437, 44.4373, 371.718, -2.10928e-46, 0, 272.667, 16.6054, 16.6054, 16.6054, 272.667, 16.6054, 16.6054, 16.6054, 34.8206, 4.24195, 16.6054, 16.6054, 12.3634, 0.72866, 0.147583, 16.6054, 16.6054, 16.4578
8880, 1000, 1074.64, 50, 23.3154, 77.3307, 432.399, 273.491, 236.473, 0.476749, 41.2073, 371.754, -2.22004e-47, 0, 272.667, 16.6054, 16.6054, 16.6054, 272.667, 16.6054, 16.6054, 16.6054, 34.8233, 4.24209, 16.6054, 16.6054, 12.3633, 0.728033, 0.147569, 16.6054, 16.6054, 16.4578
8960, 1000, 1074.6, 50, 23.3145, 77.3294, 443.784, 273.503, 236.478, 0.431421, 38.2698, 371.787, -1.1305e-47, 0, 272.667, 16.6054, 16.6054, 16.6054, 272.667, 16.6054, 16.6054, 16.6054, 34.8254, 4.24223, 16.6054, 16.6054, 12.3632, 0.727615, 0.147556, 16.6054, 16.6054, 16.4578
9040, 1000, 0.020894, 0, 917.748, 429.714, 450.578, 57.8805, 113.541, 0.405923, 36.4682, 13.5569, 499.802, 50, 272.667, 16.6054, 16.6054, 16.6054, 272.667, 16.6054, 16.6054, 16.6054, 27.9698, 0.143498, 16.6054, 16.6054, 16.4619, 3.77191, 3.27718, 16.6054, 16.6054, 13.3282
9120, 1000, 8.37423e-12, 0, 918.052, 429.785, 435.76, 57.6524, 113.252, 0.464356, 40.2221, 13.553, 499.753, 50, 272.667, 16.6054, 16.6054, 16.6054, 272.667, 16.6054, 16.6054, 16.6054, 18.0237, 0.143451, 16.6054, 16.6054, 16.4619, 8.36511, 3.27786, 16.6054, 16.6054, 13.3275
9200, 1000, -6.36968e-14, 0, 918.311, 429.846, 406.39, 57.6428, 113.243, 0.591565, 47.7489, 13.5475, 499.547, 50, 272.667, 16.6054, 16.6054, 16.6054, 272.667, 16.6054, 16.6054, 16.6054, 11.7698, 0.143411, 16.6054, 16.6054, 16.462, 11.2551, 3.27893, 16.6054, 16.6054, 13.3265
9280, 1000, 1.30916e-15, 0, 918.547, 429.901, 369.727, 57.634, 113.235, 0.778112, 57.1528, 13.5424, 499.361, 50, 272.667, 16.6054, 16.6054, 16.6054, 272.667, 16.6054, 16.6054, 16.6054, 7.83744, 0.143374, 16.6054, 16.6054, 16.462, 13.0742, 3.27991, 16.6054, 16.6054, 13.3255
9360, 1000, 7.19835e-16, 0, 918.761, 429.95, 330.174, 57.6261, 113.228, 1.02515, 67.2785, 13.5379, 499.191, 50, 272.667, 16.6054, 16.6054, 16.6054, 272.667, 16.6054, 16.6054, 16.6054, 5.36484, 0.143341, 16.6054, 16.6054, 16.462, 14.2196, 3.28081, 16.6054, 16.6054, 13.3246
9440, 1000, 1.45572e-16, 0, 918.956, 429.996, 290.356, 57.6189, 113.222, 1.3409, 77.4317, 13.5337, 499.037, 50, 272.667, 16.6054, 16.6054, 16.6054, 272.667, 16.6054, 16.6054, 16.6054, 3.81006, 0.143311, 16.6054, 16.6054, 16.4621, 14.9413, 3.28162, 16.6054, 16.6054, 13.3238
9520, 1000, 3.52911e-16, 0, 919.133, 430.037, 251.792, 57.6123, 113.216, 1.74049, 87.2019, 13.5299, 498.897, 50, 272.667, 16.6054, 16.6054, 16.6054, 272.667, 16.6054, 16.6054, 16.6054, 2.83239, 0.143284, 16.6054, 16.6054, 16.4621, 15.3966, 3.28235, 16.6054, 16.6054, 13.323
9600, 1000, 1.18774e-16, 0, 919.294, 430.074, 215.328, 57.6063, 113.211, 2.24774, 96.3496, 13.5265, 498.77, 50, 272.667, 16.6054, 16.6054, 16.6054, 272.667, 16.6054, 16.6054, 16.6054, 2.21758, 0.143259, 16.6054, 16.6054, 16.4621, 15.6841, 3.28302, 16.6054, 16.6054, 13.3224
9680, 1000, 3.11367e-18, 0, 919.439, 430.108, 181.4, 57.6009, 113.206, 2.8992, 104.732, 13.5234, 498.654, 50, 272.667, 16.6054, 16.6054, 16.6054, 272.667, 16.6054, 16.6054, 16.6054, 1.83094, 0.143236, 16.6054, 16.6054, 16.4622, 15.866, 3.28363, 16.6054, 16.6054, 13.3218
9760, 1000, -5.60267e-21, 0, 919.572, 430.139, 150.212, 57.596, 113.202, 3.75135, 112.254, 13.5205, 498.549, 50, 272.667, 16.6054, 16.6054, 16.6054, 272.667, 16.6054, 16.6054, 16.6054, 1.58777, 0.143216, 16.6054, 16.6054, 16.4622, 15.9815, 3.28418, 16.6054, 16.6054, 13.3212
9840, 1000, -7.90155e-22, 0, 919.693, 430.167, 121.854, 57.5915, 113.198, 4.89363, 118.825, 13.5179, 498.454, 50, 272.667, 16.6054, 16.6054, 16.6054, 272.667, 16.6054, 16.6054, 16.6054, 1.43481, 0.143197, 16.6054, 16.6054, 16.4622, 16.055, 3.28469, 16.6054, 16.6054, 13.3207
9920, 1000, 5.95732e-25, 0, 919.802, 430.192, 96.3818, 57.5874, 113.194, 6.47129, 124.322, 13.5156, 498.367, 50, 272.667, 16.6054, 16.6054, 16.6054, 272.667, 16.6054, 16.6054, 16.6054, 1.33858, 0.14318, 16.6054, 16.6054, 16.4622, 16.1021, 3.28515, 16.6054, 16.6054, 13.3202
10000, 1000, 7.39993e-26, 0, 919.901, 430.215, 73.9027, 57.5837, 113.191, 8.72337, 128.541, 13.5135, 498.288, 50, 272.667, 16.6054, 16.6054, 16.6054, 272.667, 16.6054, 16.6054, 16.6054, 1.27803, 0.143165, 16.6054, 16.6054, 16.4622, 16.1326, 3.28556, 16.6054, 16.6054, 13.3198
10080, 1000, -2.08456e-27, 0, 919.992, 430.236, 54.6438, 57.5804, 113.188, 12.0319, 131.139, 13.5115, 498.216, 50, 272.667, 16.6054, 16.6054, 16.6054, 272.667, 16.6054, 16.6054, 16.6054, 1.23991, 0.143151, 16.6054, 16.6054, 16.4622, 16.1524, 3.28594, 16.6054, 16.6054, 13.3194
10160, 1000, 7.91014e-29, 0, 920.074, 430.256, 38.9722, 57.5773, 113.185, 16.9258, 131.629, 13.5098, 498.151, 50, 272.667, 16.6054, 16.6054, 16.6054, 272.667, 16.6054, 16.6054, 16.6054, 1.2159, 0.143139, 16.6054, 16.6054, 16.4623, 16.1656, 3.28628, 16.6054, 16.6054, 13.3191
10240, 1000, -1.83723e-29, 0, 920.148, 430.273, 27.1925, 57.5745, 113.183, 23.8699, 129.589, 13.5082, 498.091, 50, 272.667, 16.6054, 16.6054, 16.6054, 272.667, 16.6054, 16.6054, 16.6054, 1.20077, 0.143127, 16.6054, 16.6054, 16.4623, 16.1744, 3.2866, 16.6054, 16.6054, 13.3188
10320, 1000, 8.02687e-29, 0, 920.216, 430.289, 19.0933, 57.572, 113.181, 32.807, 125.116, 13.5067, 498.038, 50, 272.667, 16.6054, 16.6054, 16.6054, 272.667, 16.6054, 16.6054, 16.6054, 1.19122, 0.143117, 16.6054, 16.6054, 16.4623, 16.1805, 3.28688, 16.6054, 16.6054, 13.3185
10400, 1000, -2.62183e-31, 0, 920.277, 430.303, 13.8317, 57.5697, 113.179, 43.0395, 118.944, 13.5054, 497.989, 50, 272.667, 16.6054, 16.6054, 16.6054, 272.667, 16.6054, 16.6054, 16.6054, 1.18519, 0.143107, 16.6054, 16.6054, 16.4623, 16.1849, 3.28714, 16.6054, 16.6054, 13.3183
10480, 1000, 9.62862e-33, 0, 920.333, 430.316, 10.4279, 57.5676, 113.177, 53.723, 111.954, 13.5042, 497.944, 50, 272.667, 16.6054, 16.6054, 16.6054, 272.667, 16.6054, 16.6054, 16.6054, 1.18137, 0.143099, 16.6054, 16.6054, 16.4623, 16.1881, 3.28737, 16.6054, 16.6054, 13.318
10560, 1000, -4.92816e-34, 0, 920.384, 430.328, 8.15834, 57.5657, 113.175, 64.259, 104.776, 13.5031, 497.904, 50, 272.667, 16.6054, 16.6054, 16.6054, 272.667, 16.6054, 16.6054, 16.6054, 1.17894, 0.143091, 16.6054, 16.6054, 16.4623, 16.1905, 3.28759, 16.6054, 16.6054, 13.3178
10640, 1000, 1.21089e-35, 0, 920.43, 430.338, 6.58166, 57.564, 113.173, 74.321, 97.7677, 13.5021, 497.867, 50, 272.667, 16.6054, 16.6054, 16.6054, 272.667, 16.6054, 16.6054, 16.6054, 1.17739, 0.143084, 16.6054, 16.6054, 16.4623, 16.1923, 3.28778, 16.6054, 16.6054, 13.3176
10720, 1000, 1.3266e-36, 0, 920.472, 430.348, 5.44204, 57.5624, 113.172, 83.7585, 91.1062, 13.5012, 497.833, 50, 272.667, 16.6054, 16.6054, 16.6054, 272.667, 16.6054, 16.6054, 16.6054, 1.1764, 0.143077, 16.6054, 16.6054, 16.4623, 16.1939, 3.28796, 16.6054, 16.6054, 13.3174
10800, 1000, 8.28395e-39, 0, 920.51, 430.357, 4.58959, 57.561, 113.171, 92.5177, 84.8703, 13.5004, 497.803, 50, 272.667, 16.6054, 16.6054, 16.6054, 272.667, 16.6054, 16.6054, 16.6054, 1.17575, 0.143071, 16.6054, 16.6054, 16.4623, 16.1951, 3.28812, 16.6054, 16.6054, 13.3173
10880, 1000, -1.62538e-39, 0, 920.545, 430.365, 3.93344, 57.5597, 113.17, 100.596, 79.0862, 13.4996, 497.775, 50, 272.667, 16.6054, 16.6054, 16.6054, 272.667, 16.6054, 16.6054, 16.6054, 1.17533, 0.143066, 16.6054, 16.6054, 16.4623, 16.1962, 3.28827, 16.6054, 16.6054, 13.3171
10960, 1000, 2.22621e-40, 0, 920.576, 430.372, 3.41627, 57.5585, 113.169, 108.015, 73.7521, 13.499, 497.75, 50, 272.667, 16.6054, 16.6054, 16.6054, 272.667, 16.6054, 16.6054, 16.6054, 1.17505, 0.143061, 16.6054, 16.6054, 16.4623, 16.1971, 3.2884, 16.6054, 16.6054, 13.317
11040, 1000, -5.74459e-42, 0, 920.605, 430.379, 3.0006, 57.5574, 113.168, 114.81, 68.8518, 13.4983, 497.728, 50, 272.667, 16.6054, 16.6054, 16.6054, 272.667, 16.6054, 16.6054, 16.6054, 1.17486, 0.143057, 16.6054, 16.6054, 16.4623, 16.1979, 3.28852, 16.6054, 16.6054, 13.3169
11120, 1000, -4.26923e-42, 0, 920.631, 430.385, 2.66103, 57.5565, 113.167, 121.022, 64.3617, 13.4978, 497.707, 50, 272.667, 16.6054, 16.6054, 16.6054, 272.667, 16.6054, 16.6054, 16.6054, 1.17473, 0.143053, 16.6054, 16.6054, 16.4623, 16.1987, 3.28863, 16.6054, 16.6054, 13.3168
11200, 1000, 4.36741e-45, 0, 920.654, 430.39, 2.37981, 57.5556, 113.166, 126.694, 60.2552, 13.4973, 497.688, 50, 272.667, 16.6054, 16.6054, 16.6054, 272.667, 16.6054, 16.6054, 16.6054, 1.17463, 0.143049, 16.6054, 16.6054, 16.4623, 16.1993, 3.28873, 16.6054, 16.6054, 13.3167
11280, 1000, -2.3224e-46, 0, 920.676, 430.395, 2.14422, 57.5548, 113.165, 131.868, 56.5046, 13.4968, 497.671, 50, 272.667, 16.6054, 16.6054, 16.6054, 272.667, 16.6054, 16.6054, 16.6054, 1.17456, 0.143046, 16.6054, 16.6054, 16.4623, 16.1999, 3.28882, 16.6054, 16.6054, 13.3166
11360, 1000, -3.78322e-46, 0, 920.695, 430.4, 1.9449, 57.5541, 113.165, 136.583, 53.0825, 13.4964, 497.655, 50, 272.667, 16.6054, 16.6054, 16.6054, 272.667, 16.6054, 16.6054, 16.6054, 1.17451, 0.143043, 16.6054, 16.6054, 16.4623, 16.2004, 3.2889, 16.6054, 16.6054, 13.3165
11440, 1000, 1.83759e-46, 0, 920.713, 430.404, 1.77486, 57.5534, 113.164, 140.879, 49.9626, 13.496, 497.641, 50, 272.667, 16.6054, 16.6054, 16.6054, 272.667, 16.6054, 16.6054, 16.6054, 1.17447, 0.14304, 16.6054, 16.6054, 16.4624, 16.2009, 3.28897, 16.6054, 16.6054, 13.3164
11520, 1000, -3.81867e-48, 0, 920.729, 430.408, 1.62874, 57.5528, 113.164, 144.79, 47.1198, 13.4957, 497.628, 50, 272.667, 16.6054, 16.6054, 16.6054, 272.667, 16.6054, 16.6054, 16.6054, 1.17443, 0.143038, 16.6054, 16.6054, 16.4624, 16.2013, 3.28904, 16.6054, 16.6054, 13.3163
11600, 1000, -2.00586e-48, 0, 920.743, 430.411, 1.50239, 57.5522, 113.163, 148.35, 44.5308, 13.4953, 497.617, 50, 272.667, 16.6054, 16.6054, 16.6054, 272.667, 16.6054, 16.6054, 16.6054, 1.1744, 0.143035, 16.6054, 16.6054, 16.4624, 16.2017, 3.2891, 16.6054, 16.6054, 13.3163
11680, 1000, 9.76684e-48, 0, 920.757, 430.414, 1.39254, 57.5517, 113.163, 151.59, 42.1738, 13.4951, 497.606, 50, 272.667, 16.6054, 16.6054, 16.6054, 272.667, 16.6054, 16.6054, 16.6054, 1.17438, 0.143033, 16.6054, 16.6054, 16.4624, 16.202, 3.28916, 16.6054, 16.6054, 13.3162
11760, 1000, 2.17002e-49, 0, 920.769, 430.417, 1.29657, 57.5513, 113.162, 154.537, 40.0287, 13.4948, 497.596, 50, 272.667, 16.6054, 16.6054, 16.6054, 272.667, 16.6054, 16.6054, 16.6054, 1.17436, 0.143031, 16.6054, 16.6054, 16.4624, 16.2024, 3.28921, 16.6054, 16.6054, 13.3162
11840, 1000, 1.63276e-50, 0, 920.78, 430.42, 1.21239, 57.5509, 113.162, 157.218, 38.077, 13.4946, 497.588, 50, 272.667, 16.6054, 16.6054, 16.6054, 272.667, 16.6054, 16.6054, 16.6054, 1.17434, 0.14303, 16.6054, 16.6054, 16.4624, 16.2026, 3.28926, 16.6054, 16.6054, 13.3161
11920, 1000, 4.14813e-52, 0, 920.79, 430.422, 1.13827, 57.5505, 113.162, 159.656, 36.3015, 13.4943, 497.58, 50, 272.667, 16.6054, 16.6054, 16.6054, 272.667, 16.6054, 16.6054, 16.6054, 1.17432, 0.143028, 16.6054, 16.6054, 16.4624, 16.2029, 3.2893, 16.6054, 16.6054, 13.3161
12000, 1000, -2.76846e-50, 0, 920.799, 430.424, 1.07279, 57.5502, 113.161, 161.873, 34.6866, 13.4942, 497.572, 50, 272.667, 16.6054, 16.6054, 16.6054, 272.667, 16.6054, 16.6054, 16.6054, 1.17431, 0.143027, 16.6054, 16.6054, 16.4624, 16.2031, 3.28934, 16.6054, 16.6054, 13.3161
12080, 1000, 3.6452e-51, 0, 920.807, 430.426, 1.01479, 57.5499, 113.161, 163.889, 33.2181, 13.494, 497.566, 50, 272.667, 16.6054, 16.6054, 16.6054, 272.667, 16.6054, 16.6054, 16.6054, 1.17429, 0.143026, 16.6054, 16.6054, 16.4624, 16.2034, 3.28937, 16.6054, 16.6054, 13.316
12160, 1000, 5.43504e-52, 0, 920.814, 430.428, 0.963281, 57.5496, 113.161, 165.722, 31.8827, 13.4938, 497.56, 50, 272.667, 16.6054, 16.6054, 16.6054, 272.667, 16.6054, 16.6054, 16.6054, 1.17428, 0.143024, 16.6054, 16.6054, 16.4624, 16.2036, 3.2894, 16.6054, 16.6054, 13.316
12240, 1000, 3.56168e-52, 0, 920.821, 430.429, 0.917427, 57.5493, 113.161, 167.389, 30.6687, 13.4937, 497.554, 50, 272.667, 16.6054, 16.6054, 16.6054, 272.667, 16.6054, 16.6054, 16.6054, 1.17427, 0.143023, 16.6054, 16.6054, 16.4624, 16.2037, 3.28943, 16.6054, 16.6054, 13.316
12320, 1000, 5.19253e-54, 0, 920.827, 430.431, 0.876526, 57.5491, 113.16, 168.903, 29.565, 13.4935, 497.549, 50, 272.667, 16.6054, 16.6054, 16.6054, 272.667, 16.6054, 16.6054, 16.6054, 1.17426, 0.143022, 16.6054, 16.6054, 16.4624, 16.2039, 3.28946, 16.6054, 16.6054, 13.3159
12400, 1000, -3.86879e-54, 0, 920.833, 430.432, 0.839978, 57.5489, 113.16, 170.28, 28.5617, 13.4934, 497.545, 50, 272.667, 16.6054, 16.6054, 16.6054, 272.667, 16.6054, 16.6054, 16.6054, 1.17425, 0.143022, 16.6054, 16.6054, 16.4624, 16.204, 3.28948, 16.6054, 16.6054, 13.3159
12480, 1000, -1.47654e-52, 0, 920.838, 430.433, 0.807267, 57.5487, 113.16, 171.532, 27.6497, 13.4933, 497.541, 50, 272.667, 16.6054, 16.6054, 16.6054, 272.667, 16.6054, 16.6054, 16.6054, 1.17424, 0.143021, 16.6054, 16.6054, 16.4624, 16.2042, 3.2895, 16.6054, 16.6054, 13.3159
12560, 1000, 1.81398e-52, 0, 920.842, 430.434, 0.777946, 57.5485, 113.16, 172.669, 26.8209, 13.4932, 497.537, 50, 272.667, 16.6054, 16.6054, 16.6054, 272.667, 16.6054, 16.6054, 16.6054, 1.17424, 0.14302, 16.6054, 16.6054, 16.4624, 16.2043, 3.28952, 16.6054, 16.6054, 13.3159
12640, 1000, -3.93752e-53, 0, 920.847, 430.435, 0.751631, 57.5484, 113.16, 173.703, 26.0675, 13.4931, 497.534, 50, 272.667, 16.6054, 16.6054, 16.6054, 272.667, 16.6054, 16.6054, 16.6054, 1.17423, 0.143019, 16.6054, 16.6054, 16.4624, 16.2044, 3.28954, 16.6054, 16.6054, 13.3158
12720, 1000, -5.92633e-54, 0, 920.85, 430.436, 0.727985, 57.5482, 113.16, 174.643, 25.3829, 13.493, 497.531, 50, 272.667, 16.6054, 16.6054, 16.6054, 272.667, 16.6054, 16.6054, 16.6054, 1.17422, 0.143019, 16.6054, 16.6054, 16.4624, 16.2045, 3.28956, 16.6054, 16.6054, 13.3158
12800, 1000, -7.63041e-54, 0, 920.854, 430.437, 0.706716, 57.5481, 113.159, 175.497, 24.7606, 13.493, 497.528, 50, 272.667, 16.6054, 16.6054, 16.6054, 272.667, 16.6054, 16.6054, 16.6054, 1.17422, 0.143018, 16.6054, 16.6054, 16.4624, 16.2046, 3.28957, 16.6054, 16.6054, 13.3158
12880, 1000, 2.82056e-56, 0, 920.857, 430.438, 0.687566, 57.548, 113.159, 176.273, 24.1952, 13.4929, 497.525, 50, 272.667, 16.6054, 16.6054, 16.6054, 272.667, 16.6054, 16.6054, 16.6054, 1.17421, 0.143018, 16.6054, 16.6054, 16.4624, 16.2047, 3.28959, 16.6054, 16.6054, 13.3158
12960, 1000, -9.60804e-55, 0, 920.86, 430.438, 0.670309, 57.5479, 113.159, 176.978, 23.6814, 13.4928, 497.523, 50, 272.667, 16.6054, 16.6054, 16.6054, 272.667, 16.6054, 16.6054, 16.6054, 1.17421, 0.143017, 16.6054, 16.6054, 16.4624, 16.2048, 3.2896, 16.6054, 16.6054, 13.3158
13040, 1000, 6.22956e-55, 0, 920.862, 430.439, 0.654747, 57.5478, 113.159, 177.619, 23.2145, 13.4928, 497.521, 50, 272.667, 16.6054, 16.6054, 16.6054, 272.667, 16.6054, 16.6054, 16.6054, 1.1742, 0.143017, 16.6054, 16.6054, 16.4624, 16.2048, 3.28961, 16.6054, 16.6054, 13.3158
13120, 1000, -5.77451e-56, 0, 920.865, 430.439, 0.640703, 57.5477, 113.159, 178.201, 22.7902, 13.4927, 497.519, 50, 272.667, 16.6054, 16.6054, 16.6054, 272.667, 16.6054, 16.6054, 16.6054, 1.1742, 0.143017, 16.6054, 16.6054, 16.4624, 16.2049, 3.28962, 16.6054, 16.6054, 13.3158
13200, 1000, 7.38736e-56, 0, 920.867, 430.44, 0.62802, 57.5476, 113.159, 178.73, 22.4047, 13.4927, 497.517, 50, 272.667, 16.6054, 16.6054, 16.6054, 272.667, 16.6054, 16.6054, 16.6054, 1.1742, 0.143016, 16.6054, 16.6054, 16.4624, 16.205, 3.28963, 16.6054, 16.6054, 13.3158
13280, 1000, 2.79186e-55, 0, 920.869, 430.44, 0.616562, 57.5475, 113.159, 179.211, 22.0544, 13.4926, 497.516, 50, 272.667, 16.6054, 16.6054, 16.6054, 272.667, 16.6054, 16.6054, 16.6054, 1.17419, 0.143016, 16.6054, 16.6054, 16.4624, 16.205, 3.28964, 16.6054, 16.6054, 13.3158
13360, 1000, 1.72488e-55, 0, 920.871, 430.441, 0.606203, 57.5474, 113.159, 179.648, 21.7361, 13.4926, 497.514, 50, 272.667, 16.6054, 16.6054, 16.6054, 272.667, 16.6054, 16.6054, 16.6054, 1.17419, 0.143016, 16.6054, 16.6054, 16.4624, 16.2051, 3.28964, 16.6054, 16.6054, 13.3157
13440, 1000, 2.41159e-56, 0, 920.872, 430.441, 0.596835, 57.5474, 113.159, 180.046, 21.4469, 13.4926, 497.513, 50, 272.667, 16.6054, 16.6054, 16.6054, 272.667, 16.6054, 16.6054, 16.6054, 1.17419, 0.143016, 16.6054, 16.6054, 16.4624, 16.2051, 3.28965, 16.6054, 16.6054, 13.3157
13520, 1000, -1.76189e-57, 0, 920.874, 430.441, 0.588359, 57.5473, 113.159, 180.406, 21.1842, 13.4925, 497.512, 50, 272.667, 16.6054, 16.6054, 16.6054, 272.667, 16.6054, 16.6054, 16.6054, 1.17419, 0.143015, 16.6054, 16.6054, 16.4624, 16.2051, 3.28966, 16.6054, 16.6054, 13.3157
13600, 1000, 4.56772e-57, 0, 920.875, 430.442, 0.580687, 57.5473, 113.159, 180.734, 20.9454, 13.4925, 497.511, 50, 272.667, 16.6054, 16.6054, 16.6054, 272.667, 16.6054, 16.6054, 16.6054, 1.17418, 0.143015, 16.6054, 16.6054, 16.4624, 16.2052, 3.28966, 16.6054, 16.6054, 13.3157
13680, 1000, 1.58931e-57, 0, 920.876, 430.442, 0.57374, 57.5472, 113.159, 181.032, 20.7285, 13.4925, 497.51, 50, 272.667, 16.6054, 16.6054, 16.6054, 272.667, 16.6054, 16.6054, 16.6054, 1.17418, 0.143015, 16.6054, 16.6054, 16.4624, 16.2052, 3.28967, 16.6054, 16.6054, 13.3157
13760, 1000, -5.10716e-57, 0, 920.877, 430.442, 0.567448, 57.5472, 113.159, 181.303, 20.5314, 13.4924, 497.509, 50, 272.667, 16.6054, 16.6054, 16.6054, 272.667, 16.6054, 16.6054, 16.6054, 1.17418, 0.143015, 16.6054, 16.6054, 16.4624, 16.2052, 3.28967, 16.6054, 16.6054, 13.3157
13840, 1000, -5.5762e-57, 0, 920.878, 430.442, 0.561748, 57.5472, 113.159, 181.549, 20.3524, 13.4924, 497.508, 50, 272.667, 16.6054, 16.6054, 16.6054, 272.667, 16.6054, 16.6054, 16.6054, 1.17418, 0.143015, 16.6054, 16.6054, 16.4624, 16.2053, 3.28968, 16.6054, 16.6054, 13.3157
13920, 1000, 5.23177e-58, 0, 920.879, 430.443, 0.556582, 57.5471, 113.159, 181.772, 20.1897, 13.4924, 497.507, 50, 272.667, 16.6054, 16.6054, 16.6054, 272.667, 16.6054, 16.6054, 16.6054, 1.17418, 0.143014, 16.6054, 16.6054, 16.4624, 16.2053, 3.28968, 16.6054, 16.6054, 13.3157
14000, 1000, 8.32806e-58, 0, 920.88, 430.443, 0.5519, 57.5471, 113.159, 181.975, 20.0419, 13.4924, 497.507, 50, 272.667, 16.6054, 16.6054, 16.6054, 272.667, 16.6054, 16.6054, 16.6054, 1.17418, 0.143014, 16.6054, 16.6054, 16.4624, 16.2053, 3.28968, 16.6054, 16.6054, 13.3157
14080, 1000, 1.98371e-58, 0, 920.881, 430.443, 0.547655, 57.5471, 113.159, 182.16, 19.9076, 13.4924, 497.506, 50, 272.667, 16.6054, 16.6054, 16.6054, 272.667, 16.6054, 16.6054, 16.6054, 1.17417, 0.143014, 16.6054, 16.6054, 16.4624, 16.2053, 3.28969, 16.6054, 16.6054, 13.3157
14160, 1000, -5.76361e-58, 0, 920.881, 430.443, 0.543805, 57.547, 113.158, 182.328, 19.7856, 13.4924, 497.506, 50, 272.667, 16.6054, 16.6054, 16.6054, 272.667, 16.6054, 16.6054, 16.6054, 1.17417, 0.143014, 16.6054, 16.6054, 16.4624, 16.2053, 3.28969, 16.6054, 16.6054, 13.3157
14240, 1000, -1.34623e-60, 0, 920.882, 430.443, 0.540314, 57.547, 113.158, 182.48, 19.6747, 13.4923, 497.505, 50, 272.667, 16.6054, 16.6054, 16.6054, 272.667, 16.6054, 16.6054, 16.6054, 1.17417, 0.143014, 16.6054, 16.6054, 16.4624, 16.2054, 3.28969, 16.6054, 16.6054, 13.3157
14320, 1000, 2.09505e-58, 0, 920.883, 430.443, 0.537147, 57.547, 113.158, 182.619, 19.574, 13.4923, 497.505, 50, 272.667, 16.6054, 16.6054, 16.6054, 272.667, 16.6054, 16.6054, 16.6054, 1.17417, 0.143014, 16.6054, 16.6054, 16.4624, 16.2054, 3.2897, 16.6054, 16.6054, 13.3157
14400, 1000, 1.46476e-57, 0, 920.883, 430.444, 0.534274, 57.547, 113.158, 182.744, 19.4825, 13.4923, 497.504, 50, 272.667, 16.6054, 16.6054, 16.6054, 272.667, 16.6054, 16.6054, 16.6054, 1.17417, 0.143014, 16.6054, 16.6054, 16.4624, 16.2054, 3.2897, 16.6054, 16.6054, 13.3157
14480, 1000, 4.18896e-57, 0, 920.884, 430.444, 0.531668, 57.5469, 113.158, 182.859, 19.3994, 13.4923, 497.504, 50, 272.667, 16.6054, 16.6054, 16.6054, 272.667, 16.6054, 16.6054, 16.6054, 1.17417, 0.143014, 16.6054, 16.6054, 16.4624, 16.2054, 3.2897, 16.6054, 16.6054, 13.3157
14560, 1000, 3.06832e-57, 0, 920.884, 430.444, 0.529302, 57.5469, 113.158, 182.962, 19.3239, 13.4923, 497.503, 50, 272.667, 16.6054, 16.6054, 16.6054, 272.667, 16.6054, 16.6054, 16.6054, 1.17417, 0.143014, 16.6054, 16.6054, 16.4624, 16.2054, 3.2897, 16.6054, 16.6054, 13.3157
14640, 1000, -4.60931e-57, 0, 920.884, 430.444, 0.527156, 57.5469, 113.158, 183.057, 19.2553, 13.4923, 497.503, 50, 272.667, 16.6054, 16.6054, 16.6054, 272.667, 16.6054, 16.6054, 16.6054, 1.17417, 0.143014, 16.6054, 16.6054, 16.4624, 16.2054, 3.2897, 16.6054, 16.6054, 13.3157
14720, 1000, -6.46848e-57, 0, 920.885, 430.444, 0.525207, 57.5469, 113.158, 183.143, 19.193, 13.4923, 497.503, 50, 272.667, 16.6054, 16.6054, 16.6054, 272.667, 16.6054, 16.6054, 16.6054, 1.17417, 0.143014, 16.6054, 16.6054, 16.4624, 16.2054, 3.28971, 16.6054, 16.6054, 13.3157
14800, 1000, -5.47133e-57, 0, 920.885, 430.444, 0.523439, 57.5469, 113.158, 183.22, 19.1364, 13.4923, 497.503, 50, 272.667, 16.6054, 16.6054, 16.6054, 272.667, 16.6054, 16.6054, 16.6054, 1.17417, 0.143014, 16.6054, 16.6054, 16.4624, 16.2054, 3.28971, 16.6054, 16.6054, 13.3157
14880, 1000, -1.87714e-56, 0, 920.885, 430.444, 0.521833, 57.5469, 113.158, 183.291, 19.0849, 13.4923, 497.502, 50, 272.667, 16.6054, 16.6054, 16.6054, 272.667, 16.6054, 16.6054, 16.6054, 1.17417, 0.143013, 16.6054, 16.6054, 16.4624, 16.2054, 3.28971, 16.6054, 16.6054, 13.3157
14960, 1000, -9.82094e-57, 0, 920.886, 430.444, 0.520376, 57.5469, 113.158, 183.355, 19.0382, 13.4923, 497.502, 50, 272.667, 16.6054, 16.6054, 16.6054, 272.667, 16.6054, 16.6054, 16.6054, 1.17417, 0.143013, 16.6054, 16.6054, 16.4624, 16.2054, 3.28971, 16.6054, 16.6054, 13.3157
15040, 1000, 3.83723e-56, 0, 920.886, 430.444, 0.519053, 57.5469, 113.158, 183.414, 18.9957, 13.4923, 497.502, 50, 272.667, 16.6054, 16.6054, 16.6054, 272.667, 16.6054, 16.6054, 16.6054, 1.17417, 0.143013, 16.6054, 16.6054, 16.4624, 16.2055, 3.28971, 16.6054, 16.6054, 13.3157
15120, 1000, -9.55299e-57, 0, 920.886, 430.444, 0.517851, 57.5469, 113.158, 183.467, 18.9571, 13.4922, 497.502, 50, 272.667, 16.6054, 16.6054, 16.6054, 272.667, 16.6054, 16.6054, 16.6054, 1.17417, 0.143013, 16.6054, 16.6054, 16.4624, 16.2055, 3.28971, 16.6054, 16.6054, 13.3157
15200, 1000, -1.34987e-55, 0, 920.886, 430.444, 0.51676, 57.5468, 113.158, 183.515, 18.9221, 13.4922, 497.502, 50, 272.667, 16.6054, 16.6054, 16.6054, 272.667, 16.6054, 16.6054, 16.6054, 1.17417, 0.143013, 16.6054, 16.6054, 16.4624, 16.2055, 3.28971, 16.6054, 16.6054, 13.3157
15280, 1000, -1.19426e-55, 0, 920.886, 430.444, 0.515769, 57.5468, 113.158, 183.559, 18.8903, 13.4922, 497.502, 50, 272.667, 16.6054, 16.6054, 16.6054, 272.667, 16.6054, 16.6054, 16.6054, 1.17417, 0.143013, 16.6054, 16.6054, 16.4624, 16.2055, 3.28971, 16.6054, 16.6054, 13.3157
15360, 1000, 3.15655e-56, 0, 920.886, 430.444, 0.51487, 57.5468, 113.158, 183.599, 18.8613, 13.4922, 497.501, 50, 272.667, 16.6054, 16.6054, 16.6054, 272.667, 16.6054, 16.6054, 16.6054, 1.17417, 0.143013, 16.6054, 16.6054, 16.4624, 16.2055, 3.28971, 16.6054, 16.6054, 13.3157
15440, 1000, 8.4719e-56, 0, 920.887, 430.444, 0.514053, 57.5468, 113.158, 183.635, 18.8351, 13.4922, 497.501, 50, 272.667, 16.6054, 16.6054, 16.6054, 272.667, 16.6054, 16.6054, 16.6054, 1.17417, 0.143013, 16.6054, 16.6054, 16.4624, 16.2055, 3.28971, 16.6054, 16.6054, 13.3157
15520, 1000, -1.97826e-57, 0, 920.887, 430.444, 0.513311, 57.5468, 113.158, 183.668, 18.8112, 13.4922, 497.501, 50, 272.667, 16.6054, 16.6054, 16.6054, 272.667, 16.6054, 16.6054, 16.6054, 1.17417, 0.143013, 16.6054, 16.6054, 16.4624, 16.2055, 3.28971, 16.6054, 16.6054, 13.3157
15600, 1000, -3.45076e-56, 0, 920.887, 430.444, 0.512637, 57.5468, 113.158, 183.698, 18.7895, 13.4922, 497.501, 50, 272.667, 16.6054, 16.6054, 16.6054, 272.667, 16.6054, 16.6054, 16.6054, 1.17416, 0.143013, 16.6054, 16.6054, 16.4624, 16.2055, 3.28971, 16.6054, 16.6054, 13.3157
15680, 1000, -5.25714e-57, 0, 920.887, 430.444, 0.512025, 57.5468, 113.158, 183.725, 18.7698, 13.4922, 497.501, 50, 272.667, 16.6054, 16.6054, 16.6054, 272.667, 16.6054, 16.6054, 16.6054, 1.17416, 0.143013, 16.6054, 16.6054, 16.4624, 16.2055, 3.28972, 16.6054, 16.6054, 13.3157
15760, 1000, -2.64367e-57, 0, 920.887, 430.445, 0.51147, 57.5468, 113.158, 183.75, 18.7519, 13.4922, 497.501, 50, 272.667, 16.6054, 16.6054, 16.6054, 272.667, 16.6054, 16.6054, 16.6054, 1.17416, 0.143013, 16.6054, 16.6054, 16.4624, 16.2055, 3.28972, 16.6054, 16.6054, 13.3157
15840, 1000, 1.278e-57, 0, 920.887, 430.445, 0.510965, 57.5468, 113.158, 183.772, 18.7356, 13.4922, 497.501, 50, 272.667, 16.6054, 16.6054, 16.6054, 272.667, 16.6054, 16.6054, 16.6054, 1.17416, 0.143013, 16.6054, 16.6054, 16.4624, 16.2055, 3.28972, 16.6054, 16.6054, 13.3157
15920, 1000, 9.46414e-57, 0, 920.887, 430.445, 0.510506, 57.5468, 113.158, 183.792, 18.7209, 13.4922, 497.501, 50, 272.667, 16.6054, 16.6054, 16.6054, 272.667, 16.6054, 16.6054, 16.6054, 1.17416, 0.143013, 16.6054, 16.6054, 16.4624, 16.2055, 3.28972, 16.6054, 16.6054, 13.3157
16000, 1000, 1.12406e-57, 0, 920.887, 430.445, 0.51009, 57.5468, 113.158, 183.811, 18.7074, 13.4922, 497.501, 50, 272.667, 16.6054, 16.6054, 16.6054, 272.667, 16.6054, 16.6054, 16.6054, 1.17416, 0.143013, 16.6054, 16.6054, 16.4624, 16.2055, 3.28972, 16.6054, 16.6054, 13.3157
16080, 1000, -3.17692e-57, 0, 920.887, 430.445, 0.509711, 57.5468, 113.158, 183.828, 18.6952, 13.4922, 497.501, 50, 272.667, 16.6054, 16.6054, 16.6054, 272.667, 16.6054, 16.6054, 16.6054, 1.17416, 0.143013, 16.6054, 16.6054, 16.4624, 16.2055, 3.28972, 16.6054, 16.6054, 13.3157
16160, 1000, -1.57596e-57, 0, 920.887, 430.445, 0.509368, 57.5468, 113.158, 183.843, 18.6842, 13.4922, 497.501, 50, 272.667, 16.6054, 16.6054, 16.6054, 272.667, 16.6054, 16.6054, 16.6054, 1.17416, 0.143013, 16.6054, 16.6054, 16.4624, 16.2055, 3.28972, 16.6054, 16.6054, 13.3157
16240, 1000, 1077.92, 50, 23.3862, 77.4228, 0.590857, 272.72, 236.147, 180.539, 21.0424, 369.653, 0.0096732, 0, 272.667, 16.6054, 16.6054, 16.6054, 272.667, 16.6054, 16.6054, 16.6054, 7.73383, 4.23251, 16.6054, 16.6054, 12.3729, 13.0525, 0.148401, 16.6054, 16.6054, 16.457
16320, 1000, 1077.58, 50, 23.3788, 77.4125, 1.23285, 272.806, 236.184, 157.126, 38.0775, 369.884, 4.05074e-12, 0, 272.667, 16.6054, 16.6054, 16.6054, 272.667, 16.6054, 16.6054, 16.6054, 17.7648, 4.23352, 16.6054, 16.6054, 12.3719, 8.47825, 0.148309, 16.6054, 16.6054, 16.4571
16400, 1000, 1077.26, 50, 23.372, 77.4038, 2.71098, 272.881, 236.215, 120.683, 64.5543, 370.088, -3.18582e-14, 0, 272.667, 16.6054, 16.6054, 16.6054, 272.667, 16.6054, 16.6054, 16.6054, 24.0748, 4.23443, 16.6054, 16.6054, 12.371, 5.60196, 0.148228, 16.6054, 16.6054, 16.4572
16480, 1000, 1076.98, 50, 23.3659, 77.3959, 5.98906, 272.949, 236.244, 79.4045, 94.1562, 370.273, -5.25257e-15, 0, 272.667, 16.6054, 16.6054, 16.6054, 272.667, 16.6054, 16.6054, 16.6054, 28.0449, 4.23526, 16.6054, 16.6054, 12.3701, 3.7933, 0.148154, 16.6054, 16.6054, 16.4572
16560, 1000, 1076.72, 50, 23.3603, 77.3886, 14.6565, 273.011, 236.27, 41.2344, 120.068, 370.441, -3.97927e-20, 0, 272.667, 16.6054, 16.6054, 16.6054, 272.667, 16.6054, 16.6054, 16.6054, 30.5436, 4.23602, 16.6054, 16.6054, 12.3694, 2.65596, 0.148087, 16.6054, 16.6054, 16.4573
16640, 1000, 1076.49, 50, 23.3552, 77.3821, 37.5447, 273.067, 236.294, 17.5705, 131.559, 370.594, 1.00892e-27, 0, 272.667, 16.6054, 16.6054, 16.6054, 272.667, 16.6054, 16.6054, 16.6054, 32.1169, 4.2367, 16.6054, 16.6054, 12.3687, 1.94073, 0.148027, 16.6054, 16.6054, 16.4574
16720, 1000, 1076.27, 50, 23.3506, 77.3761, 73.5421, 273.117, 236.315, 8.75758, 128.661, 370.733, 7.88153e-34, 0, 272.667, 16.6054, 16.6054, 16.6054, 272.667, 16.6054, 16.6054, 16.6054, 33.1081, 4.23733, 16.6054, 16.6054, 12.3681, 1.49091, 0.147972, 16.6054, 16.6054, 16.4574
16800, 1000, 1076.08, 50, 23.3464, 77.3707, 112.463, 273.164, 236.335, 5.38245, 120.986, 370.859, 3.00536e-38, 0, 272.667, 16.6054, 16.6054, 16.6054, 272.667, 16.6054, 16.6054, 16.6054, 33.7331, 4.2379, 16.6054, 16.6054, 12.3675, 1.20798, 0.147922, 16.6054, 16.6054, 16.4575
16880, 1000, 1075.9, 50, 23.3426, 77.3658, 150.245, 273.206, 236.353, 3.74003, 112.332, 370.974, -1.67744e-42, 0, 272.667, 16.6054, 16.6054, 16.6054, 272.667, 16.6054, 16.6054, 16.6054, 34.1278, 4.23841, 16.6054, 16.6054, 12.367, 1.03, 0.147877, 16.6054, 16.6054, 16.4575
16960, 1000, 1075.74, 50, 23.3392, 77.3613, 185.746, 273.244, 236.369, 2.79416, 103.762, 371.078, -2.33483e-45, 0, 272.667, 16.6054, 16.6054, 16.6054, 272.667, 16.6054, 16.6054, 16.6054, 34.3774, 4.23888, 16.6054, 16.6054, 12.3665, 0.918016, 0.147836, 16.6054, 16.6054, 16.4576
17040, 1000, 1075.6, 50, 23.336, 77.3572, 218.65, 273.278, 236.383, 2.18737, 95.621, 371.173, -3.15755e-47, 0, 272.667, 16.6054, 16.6054, 16.6054, 272.667, 16.6054, 16.6054, 16.6054, 34.5357, 4.23931, 16.6054, 16.6054, 12.3661, 0.847532, 0.147798, 16.6054, 16.6054, 16.4576
17120, 1000, 1075.46, 50, 23.3331, 77.3536, 248.928, 273.31, 236.397, 1.76873, 88.0287, 371.259, 2.3366e-47, 0, 272.667, 16.6054, 16.6054, 16.6054, 272.667, 16.6054, 16.6054, 16.6054, 34.6365, 4.23969, 16.6054, 16.6054, 12.3657, 0.803149, 0.147764, 16.6054, 16.6054, 16.4576
17200, 1000, 1075.34, 50, 23.3306, 77.3502, 276.671, 273.338, 236.409, 1.46457, 81.0146, 371.337, 3.23286e-50, 0, 272.667, 16.6054, 16.6054, 16.6054, 272.667, 16.6054, 16.6054, 16.6054, 34.701, 4.24005, 16.6054, 16.6054, 12.3653, 0.775184, 0.147733, 16.6054, 16.6054, 16.4577
17280, 1000, 1075.23, 50, 23.3282, 77.3471, 302.024, 273.364, 236.42, 1.23492, 74.5704, 371.408, -8.82618e-52, 0, 272.667, 16.6054, 16.6054, 16.6054, 272.667, 16.6054, 16.6054, 16.6054, 34.7426, 4.24037, 16.6054, 16.6054, 12.365, 0.757548, 0.147706, 16.6054, 16.6054, 16.4577
17360, 1000, 1075.14, 50, 23.326, 77.3444, 325.152, 273.388, 236.43, 1.05633, 68.6699, 371.472, 9.44558e-54, 0, 272.667, 16.6054, 16.6054, 16.6054, 272.667, 16.6054, 16.6054, 16.6054, 34.7696, 4.24066, 16.6054, 16.6054, 12.3647, 0.746409, 0.14768, 16.6054, 16.6054, 16.4577
17440, 1000, 1075.05, 50, 23.3241, 77.3419, 346.227, 273.409, 236.439, 0.914175, 63.2792, 371.531, 1.21472e-55, 0, 272.667, 16.6054, 16.6054, 16.6054, 272.667, 16.6054, 16.6054, 16.6054, 34.7875, 4.24092, 16.6054, 16.6054, 12.3645, 0.739362, 0.147657, 16.6054, 16.6054, 16.4577
17520, 1000, 1074.96, 50, 23.3223, 77.3396, 365.415, 273.429, 236.447, 0.79888, 58.3617, 371.584, 7.74611e-57, 0, 272.667, 16.6054, 16.6054, 16.6054, 272.667, 16.6054, 16.6054, 16.6054, 34.7995, 4.24116, 16.6054, 16.6054, 12.3642, 0.734891, 0.147636, 16.6054, 16.6054, 16.4578
17600, 1000, 1074.89, 50, 23.3207, 77.3375, 382.875, 273.446, 236.454, 0.703923, 53.8804, 371.632, 3.44538e-57, 0, 272.667, 16.6054, 16.6054, 16.6054, 272.667, 16.6054, 16.6054, 16.6054, 34.8077, 4.24138, 16.6054, 16.6054, 12.364, 0.732043, 0.147617, 16.6054, 16.6054, 16.4578
17680, 1000, 1074.82, 50, 23.3193, 77.3356, 398.756, 273.463, 236.461, 0.624716, 49.7997, 371.676, -8.41582e-59, 0, 272.667, 16.6054, 16.6054, 16.6054, 272.667, 16.6054, 16.6054, 16.6054, 34.8135, 4.24158, 16.6054, 16.6054, 12.3638, 0.73022, 0.1476, 16.6054, 16.6054, 16.4578
17760, 1000, 1074.76, 50, 23.3179, 77.3339, 413.198, 273.477, 236.467, 0.557936, 46.0856, 371.716, 1.03783e-58, 0, 272.667, 16.6054, 16.6054, 16.6054, 272.667, 16.6054, 16.6054, 16.6054, 34.8178, 4.24176, 16.6054, 16.6054, 12.3636, 0.729043, 0.147584, 16.6054, 16.6054, 16.4578
17840, 1000, 1074.7, 50, 23.3167, 77.3323, 426.329, 273.49, 236.473, 0.501121, 42.7065, 371.752, -8.35334e-58, 0, 272.667, 16.6054, 16.6054, 16.6054, 272.667, 16.6054, 16.6054, 16.6054, 34.8209, 4.24192, 16.6054, 16.6054, 12.3635, 0.728276, 0.14757, 16.6054, 16.6054, 16.4578
17920, 1000, 1074.65, 50, 23.3156, 77.3309, 438.265, 273.502, 236.478, 0.452409, 39.6332, 371.785, 3.82014e-59, 0, 272.667, 16.6054, 16.6054, 16.6054, 272.667, 16.6054, 16.6054, 16.6054, 34.8234, 4.24207, 16.6054, 16.6054, 12.3633, 0.727769, 0.147557, 16.6054, 16.6054, 16.4578
18000, 1000, 1074.61, 0, 23.3146, 77.3296, 449.115, 273.513, 236.483, 0.410366, 36.8385, 371.815, 6.32779e-60, 0, 272.667, 16.6054, 16.6054, 16.6054, 272.667, 16.6054, 16.6054, 16.6054, 34.8254, 4.2422, 16.6054, 16.6054, 12.3632, 0.727428, 0.147545, 16.6054, 16.6054, 16.4578
18080, 1000, 4.06276e-07, 0, 917.937, 429.759, 445.624, 57.6588, 113.258, 0.424627, 37.6573, 13.5564, 499.876, 50, 272.667, 16.6054, 16.6054, 16.6054, 272.667, 16.6054, 16.6054, 16.6054, 22.4219, 0.143469, 16.6054, 16.6054, 16.4619, 6.33329, 3.27721, 16.6054, 16.6054, 13.3282
18160, 1000, 6.71772e-14, 0, 918.207, 429.821, 422.383, 57.648, 113.248, 0.519619, 43.6008, 13.5505, 499.66, 50, 272.667, 16.6054, 16.6054, 16.6054, 272.667, 16.6054, 16.6054, 16.6054, 14.5353, 0.143427, 16.6054, 16.6054, 16.462, 9.97647, 3.27834, 16.6054, 16.6054, 13.327
18240, 1000, -1.10961e-14, 0, 918.452, 429.878, 388.666, 57.6388, 113.24, 0.676869, 52.2534, 13.5452, 499.463, 50, 272.667, 16.6054, 16.6054, 16.6054, 272.667, 16.6054, 16.6054, 16.6054, 9.57633, 0.143389, 16.6054, 16.6054, 16.462, 12.2692, 3.27938, 16.6054, 16.6054, 13.326
18320, 1000, -3.06885e-15, 0, 918.675, 429.93, 350.136, 57.6304, 113.232, 0.893023, 62.1329, 13.5404, 499.284, 50, 272.667, 16.6054, 16.6054, 16.6054, 272.667, 16.6054, 16.6054, 16.6054, 6.45822, 0.143355, 16.6054, 16.6054, 16.462, 13.7125, 3.28032, 16.6054, 16.6054, 13.3251
18400, 1000, -3.20662e-16, 0, 918.878, 429.977, 310.202, 57.6228, 113.225, 1.17294, 72.342, 13.536, 499.122, 50, 272.667, 16.6054, 16.6054, 16.6054, 272.667, 16.6054, 16.6054, 16.6054, 4.49758, 0.143323, 16.6054, 16.6054, 16.4621, 14.6217, 3.28117, 16.6054, 16.6054, 13.3242
18480, 1000, -6.79392e-19, 0, 919.062, 430.02, 270.87, 57.6159, 113.219, 1.52819, 82.3458, 13.532, 498.974, 50, 272.667, 16.6054, 16.6054, 16.6054, 272.667, 16.6054, 16.6054, 16.6054, 3.26471, 0.143295, 16.6054, 16.6054, 16.4621, 15.1948, 3.28195, 16.6054, 16.6054, 13.3234
18560, 1000, 3.25156e-18, 0, 919.229, 430.059, 233.279, 57.6096, 113.214, 1.97789, 91.8305, 13.5284, 498.84, 50, 272.667, 16.6054, 16.6054, 16.6054, 272.667, 16.6054, 16.6054, 16.6054, 2.48944, 0.143269, 16.6054, 16.6054, 16.4621, 15.5565, 3.28266, 16.6054, 16.6054, 13.3227
18640, 1000, -2.08044e-16, 0, 919.381, 430.094, 198.044, 57.6039, 113.209, 2.55155, 100.613, 13.5251, 498.718, 50, 272.667, 16.6054, 16.6054, 16.6054, 272.667, 16.6054, 16.6054, 16.6054, 2.00191, 0.143246, 16.6054, 16.6054, 16.4621, 15.7852, 3.2833, 16.6054, 16.6054, 13.3221
18720, 1000, -6.19049e-19, 0, 919.519, 430.126, 165.469, 57.5987, 113.204, 3.29448, 108.578, 13.5221, 498.607, 50, 272.667, 16.6054, 16.6054, 16.6054, 272.667, 16.6054, 16.6054, 16.6054, 1.69529, 0.143224, 16.6054, 16.6054, 16.4622, 15.93, 3.28388, 16.6054, 16.6054, 13.3215
18800, 1000, -5.37271e-21, 0, 919.644, 430.156, 135.688, 57.5939, 113.2, 4.27752, 115.639, 13.5194, 498.506, 50, 272.667, 16.6054, 16.6054, 16.6054, 272.667, 16.6054, 16.6054, 16.6054, 1.50244, 0.143205, 16.6054, 16.6054, 16.4622, 16.0222, 3.28441, 16.6054, 16.6054, 13.321
18880, 1000, -1.52032e-22, 0, 919.758, 430.182, 108.763, 57.5896, 113.196, 5.61428, 121.695, 13.5169, 498.414, 50, 272.667, 16.6054, 16.6054, 16.6054, 272.667, 16.6054, 16.6054, 16.6054, 1.38113, 0.143187, 16.6054, 16.6054, 16.4622, 16.081, 3.2849, 16.6054, 16.6054, 13.3205
18960, 1000, -1.17e-26, 0, 919.861, 430.206, 84.7667, 57.5857, 113.193, 7.49105, 126.589, 13.5146, 498.331, 50, 272.667, 16.6054, 16.6054, 16.6054, 272.667, 16.6054, 16.6054, 16.6054, 1.3048, 0.143171, 16.6054, 16.6054, 16.4622, 16.1188, 3.28533, 16.6054, 16.6054, 13.3201
19040, 1000, 2.61174e-28, 0, 919.955, 430.228, 63.858, 57.5822, 113.19, 10.2125, 130.052, 13.5126, 498.255, 50, 272.667, 16.6054, 16.6054, 16.6054, 272.667, 16.6054, 16.6054, 16.6054, 1.25676, 0.143157, 16.6054, 16.6054, 16.4622, 16.1434, 3.28573, 16.6054, 16.6054, 13.3197
19120, 1000, -8.75698e-31, 0, 920.041, 430.248, 46.3403, 57.579, 113.187, 14.2418, 131.665, 13.5107, 498.186, 50, 272.667, 16.6054, 16.6054, 16.6054, 272.667, 16.6054, 16.6054, 16.6054, 1.22651, 0.143144, 16.6054, 16.6054, 16.4622, 16.1595, 3.2861, 16.6054, 16.6054, 13.3193
19200, 1000, 4.05898e-31, 0, 920.118, 430.266, 32.5961, 57.576, 113.184, 20.1232, 130.924, 13.509, 498.124, 50, 272.667, 16.6054, 16.6054, 16.6054, 272.667, 16.6054, 16.6054, 16.6054, 1.20746, 0.143132, 16.6054, 16.6054, 16.4623, 16.1703, 3.28643, 16.6054, 16.6054, 13.319
19280, 1000, 1.30687e-33, 0, 920.189, 430.282, 22.7275, 57.5734, 113.182, 28.1167, 127.611, 13.5075, 498.067, 50, 272.667, 16.6054, 16.6054, 16.6054, 272.667, 16.6054, 16.6054, 16.6054, 1.19544, 0.143121, 16.6054, 16.6054, 16.4623, 16.1777, 3.28673, 16.6054, 16.6054, 13.3187
19360, 1000, -1.98987e-35, 0, 920.253, 430.297, 16.1741, 57.5709, 113.18, 37.8116, 122.175, 13.5061, 498.015, 50, 272.667, 16.6054, 16.6054, 16.6054, 272.667, 16.6054, 16.6054, 16.6054, 1.18785, 0.143111, 16.6054, 16.6054, 16.4623, 16.1828, 3.287, 16.6054, 16.6054, 13.3184
19440, 1000, -3.37042e-38, 0, 920.311, 430.311, 11.9511, 57.5687, 113.178, 48.3636, 115.497, 13.5048, 497.968, 50, 272.667, 16.6054, 16.6054, 16.6054, 272.667, 16.6054, 16.6054, 16.6054, 1.18306, 0.143102, 16.6054, 16.6054, 16.4623, 16.1865, 3.28725, 16.6054, 16.6054, 13.3181
19520, 1000, 1.14642e-38, 0, 920.364, 430.323, 9.18484, 57.5667, 113.176, 59.0293, 108.355, 13.5037, 497.926, 50, 272.667, 16.6054, 16.6054, 16.6054, 272.667, 16.6054, 16.6054, 16.6054, 1.18001, 0.143094, 16.6054, 16.6054, 16.4623, 16.1893, 3.28747, 16.6054, 16.6054, 13.3179
19600, 1000, -8.28132e-40, 0, 920.412, 430.334, 7.30281, 57.5649, 113.174, 69.3561, 101.231, 13.5026, 497.887, 50, 272.667, 16.6054, 16.6054, 16.6054, 272.667, 16.6054, 16.6054, 16.6054, 1.17807, 0.143086, 16.6054, 16.6054, 16.4623, 16.1914, 3.28768, 16.6054, 16.6054, 13.3177
19680, 1000, 7.55285e-42, 0, 920.455, 430.344, 5.96847, 57.5633, 113.173, 79.1175, 94.3822, 13.5017, 497.852, 50, 272.667, 16.6054, 16.6054, 16.6054, 272.667, 16.6054, 16.6054, 16.6054, 1.17683, 0.14308, 16.6054, 16.6054, 16.4623, 16.1931, 3.28786, 16.6054, 16.6054, 13.3175
19760, 1000, -1.4499e-42, 0, 920.495, 430.353, 4.98664, 57.5618, 113.172, 88.219, 87.9282, 13.5008, 497.82, 50, 272.667, 16.6054, 16.6054, 16.6054, 272.667, 16.6054, 16.6054, 16.6054, 1.17604, 0.143074, 16.6054, 16.6054, 16.4623, 16.1945, 3.28803, 16.6054, 16.6054, 13.3174
19840, 1000, 3.92504e-44, 0, 920.531, 430.362, 4.24114, 57.5604, 113.17, 96.6363, 81.9175, 13.5, 497.791, 50, 272.667, 16.6054, 16.6054, 16.6054, 272.667, 16.6054, 16.6054, 16.6054, 1.17552, 0.143068, 16.6054, 16.6054, 16.4623, 16.1956, 3.28819, 16.6054, 16.6054, 13.3172
19920, 1000, 2.5627e-47, 0, 920.564, 430.369, 3.66015, 57.5592, 113.169, 104.381, 76.3601, 13.4993, 497.764, 50, 272.667, 16.6054, 16.6054, 16.6054, 272.667, 16.6054, 16.6054, 16.6054, 1.17517, 0.143063, 16.6054, 16.6054, 16.4623, 16.1966, 3.28833, 16.6054, 16.6054, 13.3171
20000, 1000, -6.96434e-48, 0, 920.593, 430.376, 3.19752, 57.558, 113.168, 111.484, 71.2459, 13.4987, 497.74, 50, 272.667, 16.6054, 16.6054, 16.6054, 272.667, 16.6054, 16.6054, 16.6054, 1.17494, 0.143058, 16.6054, 16.6054, 16.4623, 16.1975, 3.28845, 16.6054, 16.6054, 13.3169
20080, 1000, 1.70669e-49, 0, 920.62, 430.383, 2.82252, 57.557, 113.167, 117.983, 66.5542, 13.4981, 497.718, 50, 272.667, 16.6054, 16.6054, 16.6054, 272.667, 16.6054, 16.6054, 16.6054, 1.17478, 0.143054, 16.6054, 16.6054, 16.4623, 16.1983, 3.28857, 16.6054, 16.6054, 13.3168
20160, 1000, -5.65695e-50, 0, 920.645, 430.388, 2.51397, 57.5561, 113.166, 123.92, 62.2596, 13.4976, 497.698, 50, 272.667, 16.6054, 16.6054, 16.6054, 272.667, 16.6054, 16.6054, 16.6054, 1.17467, 0.143051, 16.6054, 16.6054, 16.4623, 16.199, 3.28867, 16.6054, 16.6054, 13.3167
20240, 1000, -3.57891e-50, 0, 920.667, 430.393, 2.25692, 57.5552, 113.166, 129.338, 58.3348, 13.4971, 497.68, 50, 272.667, 16.6054, 16.6054, 16.6054, 272.667, 16.6054, 16.6054, 16.6054, 1.17459, 0.143047, 16.6054, 16.6054, 16.4623, 16.1996, 3.28877, 16.6054, 16.6054, 13.3166
20320, 1000, -9.19241e-52, 0, 920.687, 430.398, 2.04047, 57.5545, 113.165, 134.278, 54.752, 13.4966, 497.664, 50, 272.667, 16.6054, 16.6054, 16.6054, 272.667, 16.6054, 16.6054, 16.6054, 1.17453, 0.143044, 16.6054, 16.6054, 16.4623, 16.2001, 3.28885, 16.6054, 16.6054, 13.3165
20400, 1000, 5.99904e-52, 0, 920.706, 430.402, 1.85655, 57.5538, 113.164, 138.779, 51.4844, 13.4962, 497.649, 50, 272.667, 16.6054, 16.6054, 16.6054, 272.667, 16.6054, 16.6054, 16.6054, 1.17448, 0.143041, 16.6054, 16.6054, 16.4623, 16.2006, 3.28893, 16.6054, 16.6054, 13.3165
20480, 1000, 2.3989e-52, 0, 920.722, 430.406, 1.69906, 57.5531, 113.164, 142.878, 48.5062, 13.4959, 497.635, 50, 272.667, 16.6054, 16.6054, 16.6054, 272.667, 16.6054, 16.6054, 16.6054, 1.17445, 0.143039, 16.6054, 16.6054, 16.4624, 16.2011, 3.28901, 16.6054, 16.6054, 13.3164
20560, 1000, -1.233e-52, 0, 920.737, 430.41, 1.56328, 57.5525, 113.163, 146.61, 45.7933, 13.4955, 497.623, 50, 272.667, 16.6054, 16.6054, 16.6054, 272.667, 16.6054, 16.6054, 16.6054, 1.17442, 0.143036, 16.6054, 16.6054, 16.4624, 16.2015, 3.28907, 16.6054, 16.6054, 13.3163
20640, 1000, -1.43351e-52, 0, 920.751, 430.413, 1.44555, 57.552, 113.163, 150.006, 43.3231, 13.4952, 497.612, 50, 272.667, 16.6054, 16.6054, 16.6054, 272.667, 16.6054, 16.6054, 16.6054, 1.17439, 0.143034, 16.6054, 16.6054, 16.4624, 16.2019, 3.28913, 16.6054, 16.6054, 13.3163
20720, 1000, -2.87762e-53, 0, 920.764, 430.416, 1.34293, 57.5515, 113.162, 153.097, 41.0746, 13.4949, 497.602, 50, 272.667, 16.6054, 16.6054, 16.6054, 272.667, 16.6054, 16.6054, 16.6054, 1.17437, 0.143032, 16.6054, 16.6054, 16.4624, 16.2022, 3.28918, 16.6054, 16.6054, 13.3162
20800, 1000, 4.75001e-54, 0, 920.775, 430.419, 1.25309, 57.5511, 113.162, 155.908, 39.0285, 13.4947, 497.592, 50, 272.667, 16.6054, 16.6054, 16.6054, 272.667, 16.6054, 16.6054, 16.6054, 1.17435, 0.14303, 16.6054, 16.6054, 16.4624, 16.2025, 3.28923, 16.6054, 16.6054, 13.3162
20880, 1000, 1.33695e-55, 0, 920.786, 430.421, 1.17414, 57.5507, 113.162, 158.465, 37.167, 13.4945, 497.584, 50, 272.667, 16.6054, 16.6054, 16.6054, 272.667, 16.6054, 16.6054, 16.6054, 1.17433, 0.143029, 16.6054, 16.6054, 16.4624, 16.2028, 3.28928, 16.6054, 16.6054, 13.3161
20960, 1000, 1.20129e-57, 0, 920.795, 430.423, 1.1045, 57.5504, 113.161, 160.79, 35.4738, 13.4943, 497.576, 50, 272.667, 16.6054, 16.6054, 16.6054, 272.667, 16.6054, 16.6054, 16.6054, 1.17431, 0.143027, 16.6054, 16.6054, 16.4624, 16.203, 3.28932, 16.6054, 16.6054, 13.3161
21040, 1000, 4.77583e-58, 0, 920.803, 430.425, 1.0429, 57.55, 113.161, 162.904, 33.9339, 13.4941, 497.569, 50, 272.667, 16.6054, 16.6054, 16.6054, 272.667, 16.6054, 16.6054, 16.6054, 1.1743, 0.143026, 16.6054, 16.6054, 16.4624, 16.2032, 3.28935, 16.6054, 16.6054, 13.316
21120, 1000, 7.05052e-59, 0, 920.811, 430.427, 0.988262, 57.5497, 113.161, 164.827, 32.5337, 13.4939, 497.563, 50, 272.667, 16.6054, 16.6054, 16.6054, 272.667, 16.6054, 16.6054, 16.6054, 1.17429, 0.143025, 16.6054, 16.6054, 16.4624, 16.2035, 3.28939, 16.6054, 16.6054, 13.316
21200, 1000, 6.5277e-60, 0, 920.818, 430.429, 0.939676, 57.5495, 113.161, 166.574, 31.2605, 13.4937, 497.557, 50, 272.667, 16.6054, 16.6054, 16.6054, 272.667, 16.6054, 16.6054, 16.6054, 1.17427, 0.143024, 16.6054, 16.6054, 16.4624, 16.2036, 3.28942, 16.6054, 16.6054, 13.316
21280, 1000, 2.7741e-59, 0, 920.825, 430.43, 0.896381, 57.5492, 113.16, 168.163, 30.103, 13.4936, 497.552, 50, 272.667, 16.6054, 16.6054, 16.6054, 272.667, 16.6054, 16.6054, 16.6054, 1.17426, 0.143023, 16.6054, 16.6054, 16.4624, 16.2038, 3.28944, 16.6054, 16.6054, 13.3159
21360, 1000, 4.78264e-60, 0, 920.83, 430.431, 0.857728, 57.549, 113.16, 169.607, 29.0507, 13.4935, 497.547, 50, 272.667, 16.6054, 16.6054, 16.6054, 272.667, 16.6054, 16.6054, 16.6054, 1.17426, 0.143022, 16.6054, 16.6054, 16.4624, 16.204, 3.28947, 16.6054, 16.6054, 13.3159
21440, 1000, -6.96876e-60, 0, 920.836, 430.433, 0.823159, 57.5488, 113.16, 170.92, 28.0942, 13.4934, 497.543, 50, 272.667, 16.6054, 16.6054, 16.6054, 272.667, 16.6054, 16.6054, 16.6054, 1.17425, 0.143021, 16.6054, 16.6054, 16.4624, 16.2041, 3.28949, 16.6054, 16.6054, 13.3159
21520, 1000, 1.38906e-60, 0, 920.84, 430.434, 0.792196, 57.5486, 113.16, 172.113, 27.2249, 13.4933, 497.539, 50, 272.667, 16.6054, 16.6054, 16.6054, 272.667, 16.6054, 16.6054, 16.6054, 1.17424, 0.14302, 16.6054, 16.6054, 16.4624, 16.2042, 3.28951, 16.6054, 16.6054, 13.3159
21600, 1000, 1.76393e-61, 0, 920.845, 430.435, 0.764424, 57.5484, 113.16, 173.198, 26.4347, 13.4932, 497.536, 50, 272.667, 16.6054, 16.6054, 16.6054, 272.667, 16.6054, 16.6054, 16.6054, 1.17423, 0.14302, 16.6054, 16.6054, 16.4624, 16.2044, 3.28953, 16.6054, 16.6054, 13.3159
21680, 1000, -3.61687e-61, 0, 920.849, 430.436, 0.739484, 57.5483, 113.16, 174.183, 25.7166, 13.4931, 497.532, 50, 272.667, 16.6054, 16.6054, 16.6054, 272.667, 16.6054, 16.6054, 16.6054, 1.17423, 0.143019, 16.6054, 16.6054, 16.4624, 16.2045, 3.28955, 16.6054, 16.6054, 13.3158
21760, 1000, 1.48937e-61, 0, 920.852, 430.436, 0.717061, 57.5482, 113.159, 175.079, 25.0639, 13.493, 497.529, 50, 272.667, 16.6054, 16.6054, 16.6054, 272.667, 16.6054, 16.6054, 16.6054, 1.17422, 0.143019, 16.6054, 16.6054, 16.4624, 16.2046, 3.28956, 16.6054, 16.6054, 13.3158
21840, 1000, -1.1559e-62, 0, 920.856, 430.437, 0.696882, 57.548, 113.159, 175.893, 24.4708, 13.4929, 497.527, 50, 272.667, 16.6054, 16.6054, 16.6054, 272.667, 16.6054, 16.6054, 16.6054, 1.17421, 0.143018, 16.6054, 16.6054, 16.4624, 16.2046, 3.28958, 16.6054, 16.6054, 13.3158
21920, 1000, -1.07806e-63, 0, 920.859, 430.438, 0.678706, 57.5479, 113.159, 176.633, 23.9318, 13.4929, 497.524, 50, 272.667, 16.6054, 16.6054, 16.6054, 272.667, 16.6054, 16.6054, 16.6054, 1.17421, 0.143018, 16.6054, 16.6054, 16.4624, 16.2047, 3.28959, 16.6054, 16.6054, 13.3158
22000, 1000, 9.61037e-64, 0, 920.861, 430.439, 0.662321, 57.5478, 113.159, 177.306, 23.442, 13.4928, 497.522, 50, 272.667, 16.6054, 16.6054, 16.6054, 272.667, 16.6054, 16.6054, 16.6054, 1.17421, 0.143017, 16.6054, 16.6054, 16.4624, 16.2048, 3.2896, 16.6054, 16.6054, 13.3158
22080, 1000, 2.65576e-63, 0, 920.864, 430.439, 0.647539, 57.5477, 113.159, 177.917, 22.997, 13.4927, 497.52, 50, 272.667, 16.6054, 16.6054, 16.6054, 272.667, 16.6054, 16.6054, 16.6054, 1.1742, 0.143017, 16.6054, 16.6054, 16.4624, 16.2049, 3.28961, 16.6054, 16.6054, 13.3158
22160, 1000, -2.39547e-64, 0, 920.866, 430.44, 0.634195, 57.5476, 113.159, 178.472, 22.5926, 13.4927, 497.518, 50, 272.667, 16.6054, 16.6054, 16.6054, 272.667, 16.6054, 16.6054, 16.6054, 1.1742, 0.143016, 16.6054, 16.6054, 16.4624, 16.2049, 3.28962, 16.6054, 16.6054, 13.3158
22240, 1000, -5.08326e-65, 0, 920.868, 430.44, 0.622141, 57.5475, 113.159, 178.976, 22.2251, 13.4926, 497.517, 50, 272.667, 16.6054, 16.6054, 16.6054, 272.667, 16.6054, 16.6054, 16.6054, 1.17419, 0.143016, 16.6054, 16.6054, 16.4624, 16.205, 3.28963, 16.6054, 16.6054, 13.3158
22320, 1000, 3.42698e-65, 0, 920.87, 430.441, 0.611247, 57.5475, 113.159, 179.435, 21.8912, 13.4926, 497.515, 50, 272.667, 16.6054, 16.6054, 16.6054, 272.667, 16.6054, 16.6054, 16.6054, 1.17419, 0.143016, 16.6054, 16.6054, 16.4624, 16.205, 3.28964, 16.6054, 16.6054, 13.3157
22400, 1000, -4.32283e-65, 0, 920.872, 430.441, 0.601397, 57.5474, 113.159, 179.851, 21.5878, 13.4926, 497.514, 50, 272.667, 16.6054, 16.6054, 16.6054, 272.667, 16.6054, 16.6054, 16.6054, 1.17419, 0.143016, 16.6054, 16.6054, 16.4624, 16.2051, 3.28965, 16.6054, 16.6054, 13.3157
22480, 1000, -1.35334e-64, 0, 920.873, 430.441, 0.592487, 57.5474, 113.159, 180.23, 21.3122, 13.4925, 497.512, 50, 272.667, 16.6054, 16.6054, 16.6054, 272.667, 16.6054, 16.6054, 16.6054, 1.17419, 0.143015, 16.6054, 16.6054, 16.4624, 16.2051, 3.28965, 16.6054, 16.6054, 13.3157
22560, 1000, -5.53874e-64, 0, 920.874, 430.442, 0.584423, 57.5473, 113.159, 180.574, 21.0617, 13.4925, 497.511, 50, 272.667, 16.6054, 16.6054, 16.6054, 272.667, 16.6054, 16.6054, 16.6054, 1.17418, 0.143015, 16.6054, 16.6054, 16.4624, 16.2051, 3.28966, 16.6054, 16.6054, 13.3157
22640, 1000, -7.31764e-64, 0, 920.876, 430.442, 0.577124, 57.5473, 113.159, 180.887, 20.8342, 13.4925, 497.51, 50, 272.667, 16.6054, 16.6054, 16.6054, 272.667, 16.6054, 16.6054, 16.6054, 1.17418, 0.143015, 16.6054, 16.6054, 16.4624, 16.2052, 3.28967, 16.6054, 16.6054, 13.3157
22720, 1000, -6.38951e-67, 0, 920.877, 430.442, 0.570513, 57.5472, 113.159, 181.171, 20.6275, 13.4925, 497.509, 50, 272.667, 16.6054, 16.6054, 16.6054, 272.667, 16.6054, 16.6054, 16.6054, 1.17418, 0.143015, 16.6054, 16.6054, 16.4624, 16.2052, 3.28967, 16.6054, 16.6054, 13.3157
22800, 1000, -1.95003e-66, 0, 920.878, 430.442, 0.564525, 57.5472, 113.159, 181.429, 20.4396, 13.4924, 497.509, 50, 272.667, 16.6054, 16.6054, 16.6054, 272.667, 16.6054, 16.6054, 16.6054, 1.17418, 0.143015, 16.6054, 16.6054, 16.4624, 16.2052, 3.28968, 16.6054, 16.6054, 13.3157
22880, 1000, 1.4572e-65, 0, 920.879, 430.443, 0.559099, 57.5471, 113.159, 181.663, 20.2689, 13.4924, 497.508, 50, 272.667, 16.6054, 16.6054, 16.6054, 272.667, 16.6054, 16.6054, 16.6054, 1.17418, 0.143014, 16.6054, 16.6054, 16.4624, 16.2053, 3.28968, 16.6054, 16.6054, 13.3157
22960, 1000, 1.08211e-65, 0, 920.88, 430.443, 0.554181, 57.5471, 113.159, 181.876, 20.1139, 13.4924, 497.507, 50, 272.667, 16.6054, 16.6054, 16.6054, 272.667, 16.6054, 16.6054, 16.6054, 1.17418, 0.143014, 16.6054, 16.6054, 16.4624, 16.2053, 3.28968, 16.6054, 16.6054, 13.3157
23040, 1000, -9.23953e-67, 0, 920.88, 430.443, 0.549723, 57.5471, 113.159, 182.07, 19.973, 13.4924, 497.506, 50, 272.667, 16.6054, 16.6054, 16.6054, 272.667, 16.6054, 16.6054, 16.6054, 1.17418, 0.143014, 16.6054, 16.6054, 16.4624, 16.2053, 3.28969, 16.6054, 16.6054, 13.3157
23120, 1000, 1.24995e-67, 0, 920.881, 430.443, 0.545681, 57.547, 113.159, 182.246, 19.845, 13.4924, 497.506, 50, 272.667, 16.6054, 16.6054, 16.6054, 272.667, 16.6054, 16.6054, 16.6054, 1.17417, 0.143014, 16.6054, 16.6054, 16.4624, 16.2053, 3.28969, 16.6054, 16.6054, 13.3157
23200, 1000, 4.39512e-66, 0, 920.882, 430.443, 0.542015, 57.547, 113.158, 182.406, 19.7287, 13.4923, 497.505, 50, 272.667, 16.6054, 16.6054, 16.6054, 272.667, 16.6054, 16.6054, 16.6054, 1.17417, 0.143014, 16.6054, 16.6054, 16.4624, 16.2053, 3.28969, 16.6054, 16.6054, 13.3157
23280, 1000, 1.00743e-65, 0, 920.882, 430.443, 0.53869, 57.547, 113.158, 182.551, 19.6231, 13.4923, 497.505, 50, 272.667, 16.6054, 16.6054, 16.6054, 272.667, 16.6054, 16.6054, 16.6054, 1.17417, 0.143014, 16.6054, 16.6054, 16.4624, 16.2054, 3.28969, 16.6054, 16.6054, 13.3157
23360, 1000, -2.26854e-66, 0, 920.883, 430.444, 0.535674, 57.547, 113.158, 182.683, 19.5271, 13.4923, 497.504, 50, 272.667, 16.6054, 16.6054, 16.6054, 272.667, 16.6054, 16.6054, 16.6054, 1.17417, 0.143014, 16.6054, 16.6054, 16.4624, 16.2054, 3.2897, 16.6054, 16.6054, 13.3157
23440, 1000, 1.84046e-65, 0, 920.883, 430.444, 0.532937, 57.547, 113.158, 182.803, 19.4399, 13.4923, 497.504, 50, 272.667, 16.6054, 16.6054, 16.6054, 272.667, 16.6054, 16.6054, 16.6054, 1.17417, 0.143014, 16.6054, 16.6054, 16.4624, 16.2054, 3.2897, 16.6054, 16.6054, 13.3157
23520, 1000, -6.04844e-65, 0, 920.884, 430.444, 0.530455, 57.5469, 113.158, 182.912, 19.3607, 13.4923, 497.504, 50, 272.667, 16.6054, 16.6054, 16.6054, 272.667, 16.6054, 16.6054, 16.6054, 1.17417, 0.143014, 16.6054, 16.6054, 16.4624, 16.2054, 3.2897, 16.6054, 16.6054, 13.3157
23600, 1000, -2.48333e-65, 0, 920.884, 430.444, 0.528201, 57.5469, 113.158, 183.011, 19.2887, 13.4923, 497.503, 50, 272.667, 16.6054, 16.6054, 16.6054, 272.667, 16.6054, 16.6054, 16.6054, 1.17417, 0.143014, 16.6054, 16.6054, 16.4624, 16.2054, 3.2897, 16.6054, 16.6054, 13.3157
23680, 1000, 3.46904e-65, 0, 920.885, 430.444, 0.526156, 57.5469, 113.158, 183.101, 19.2233, 13.4923, 497.503, 50, 272.667, 16.6054, 16.6054, 16.6054, 272.667, 16.6054, 16.6054, 16.6054, 1.17417, 0.143014, 16.6054, 16.6054, 16.4624, 16.2054, 3.2897, 16.6054, 16.6054, 13.3157
23760, 1000, 1.22554e-65, 0, 920.885, 430.444, 0.5243, 57.5469, 113.158, 183.182, 19.1639, 13.4923, 497.503, 50, 272.667, 16.6054, 16.6054, 16.6054, 272.667, 16.6054, 16.6054, 16.6054, 1.17417, 0.143014, 16.6054, 16.6054, 16.4624, 16.2054, 3.28971, 16.6054, 16.6054, 13.3157
23840, 1000, -2.11032e-65, 0, 920.885, 430.444, 0.522615, 57.5469, 113.158, 183.257, 19.11, 13.4923, 497.503, 50, 272.667, 16.6054, 16.6054, 16.6054, 272.667, 16.6054, 16.6054, 16.6054, 1.17417, 0.143014, 16.6054, 16.6054, 16.4624, 16.2054, 3.28971, 16.6054, 16.6054, 13.3157
23920, 1000, 1.94067e-66, 0, 920.885, 430.444, 0.521085, 57.5469, 113.158, 183.324, 19.0609, 13.4923, 497.502, 50, 272.667, 16.6054, 16.6054, 16.6054, 272.667, 16.6054, 16.6054, 16.6054, 1.17417, 0.143013, 16.6054, 16.6054, 16.4624, 16.2054, 3.28971, 16.6054, 16.6054, 13.3157
24000, 1000, 2.1576e-65, 0, 920.886, 430.444, 0.519697, 57.5469, 113.158, 183.385, 19.0164, 13.4923, 497.502, 50, 272.667, 16.6054, 16.6054, 16.6054, 272.667, 16.6054, 16.6054, 16.6054, 1.17417, 0.143013, 16.6054, 16.6054, 16.4624, 16.2055, 3.28971, 16.6054, 16.6054, 13.3157
24080, 1000, -6.0794e-66, 0, 920.886, 430.444, 0.518436, 57.5469, 113.158, 183.441, 18.9759, 13.4923, 497.502, 50, 272.667, 16.6054, 16.6054, 16.6054, 272.667, 16.6054, 16.6054, 16.6054, 1.17417, 0.143013, 16.6054, 16.6054, 16.4624, 16.2055, 3.28971, 16.6054, 16.6054, 13.3157
24160, 1000, -8.38743e-66, 0, 920.886, 430.444, 0.517291, 57.5469, 113.158, 183.492, 18.9391, 13.4922, 497.502, 50, 272.667, 16.6054, 16.6054, 16.6054, 272.667, 16.6054, 16.6054, 16.6054, 1.17417, 0.143013, 16.6054, 16.6054, 16.4624, 16.2055, 3.28971, 16.6054, 16.6054, 13.3157
24240, 1000, 2.80015e-65, 0, 920.886, 430.444, 0.516251, 57.5468, 113.158, 183.538, 18.9057, 13.4922, 497.502, 50, 272.667, 16.6054, 16.6054, 16.6054, 272.667, 16.6054, 16.6054, 16.6054, 1.17417, 0.143013, 16.6054, 16.6054, 16.4624, 16.2055, 3.28971, 16.6054, 16.6054, 13.3157
24320, 1000, 5.3355e-66, 0, 920.886, 430.444, 0.515307, 57.5468, 113.158, 183.579, 18.8754, 13.4922, 497.501, 50, 272.667, 16.6054, 16.6054, 16.6054, 272.667, 16.6054, 16.6054, 16.6054, 1.17417, 0.143013, 16.6054, 16.6054, 16.4624, 16.2055, 3.28971, 16.6054, 16.6054, 13.3157
24400, 1000, -2.18988e-65, 0, 920.887, 430.444, 0.51445, 57.5468, 113.158, 183.617, 18.8478, 13.4922, 497.501, 50, 272.667, 16.6054, 16.6054, 16.6054, 272.667, 16.6054, 16.6054, 16.6054, 1.17417, 0.143013, 16.6054, 16.6054, 16.4624, 16.2055, 3.28971, 16.6054, 16.6054, 13.3157
24480, 1000, 1.71767e-66, 0, 920.887, 430.444, 0.513672, 57.5468, 113.158, 183.652, 18.8228, 13.4922, 497.501, 50, 272.667, 16.6054, 16.6054, 16.6054, 272.667, 16.6054, 16.6054, 16.6054, 1.17417, 0.143013, 16.6054, 16.6054, 16.4624, 16.2055, 3.28971, 16.6054, 16.6054, 13.3157
24560, 1000, 2.54207e-66, 0, 920.887, 430.444, 0.512965, 57.5468, 113.158, 183.683, 18.8, 13.4922, 497.501, 50, 272.667, 16.6054, 16.6054, 16.6054, 272.667, 16.6054, 16.6054, 16.6054, 1.17416, 0.143013, 16.6054, 16.6054, 16.4624, 16.2055, 3.28971, 16.6054, 16.6054, 13.3157
24640, 1000, -1.02872e-66, 0, 920.887, 430.444, 0.512323, 57.5468, 113.158, 183.712, 18.7794, 13.4922, 497.501, 50, 272.667, 16.6054, 16.6054, 16.6054, 272.667, 16.6054, 16.6054, 16.6054, 1.17416, 0.143013, 16.6054, 16.6054, 16.4624, 16.2055, 3.28972, 16.6054, 16.6054, 13.3157
24720, 1000, 1.59969e-66, 0, 920.887, 430.445, 0.51174, 57.5468, 113.158, 183.738, 18.7606, 13.4922, 497.501, 50, 272.667, 16.6054, 16.6054, 16.6054, 272.667, 16.6054, 16.6054, 16.6054, 1.17416, 0.143013, 16.6054, 16.6054, 16.4624, 16.2055, 3.28972, 16.6054, 16.6054, 13.3157
24800, 1000, -5.30564e-66, 0, 920.887, 430.445, 0.51121, 57.5468, 113.158, 183.761, 18.7435, 13.4922, 497.501, 50, 272.667, 16.6054, 16.6054, 16.6054, 272.667, 16.6054, 16.6054, 16.6054, 1.17416, 0.143013, 16.6054, 16.6054, 16.4624, 16.2055, 3.28972, 16.6054, 16.6054, 13.3157
24880, 1000, 2.06464e-66, 0, 920.887, 430.445, 0.510729, 57.5468, 113.158, 183.782, 18.728, 13.4922, 497.501, 50, 272.667, 16.6054, 16.6054, 16.6054, 272.667, 16.6054, 16.6054, 16.6054, 1.17416, 0.143013, 16.6054, 16.6054, 16.4624, 16.2055, 3.28972, 16.6054, 16.6054, 13.3157
24960, 1000, 6.96895e-67, 0, 920.887, 430.445, 0.510292, 57.5468, 113.158, 183.802, 18.7139, 13.4922, 497.501, 50, 272.667, 16.6054, 16.6054, 16.6054, 272.667, 16.6054, 16.6054, 16.6054, 1.17416, 0.143013, 16.6054, 16.6054, 16.4624, 16.2055, 3.28972, 16.6054, 16.6054, 13.3157
25040, 1000, -1.1642e-65, 0, 920.887, 430.445, 0.509895, 57.5468, 113.158, 183.82, 18.7012, 13.4922, 497.501, 50, 272.667, 16.6054, 16.6054, 16.6054, 272.667, 16.6054, 16.6054, 16.6054, 1.17416, 0.143013, 16.6054, 16.6054, 16.4624, 16.2055, 3.28972, 16.6054, 16.6054, 13.3157
25120, 1000, 1.98509e-66, 0, 920.887, 430.445, 0.509535, 57.5468, 113.158, 183.836, 18.6895, 13.4922, 497.501, 50, 272.667, 16.6054, 16.6054, 16.6054, 272.667, 16.6054, 16.6054, 16.6054, 1.17416, 0.143013, 16.6054, 16.6054, 16.4624, 16.2055, 3.28972, 16.6054, 16.6054, 13.3157
25200, 1000, 2.11827e-66, 0, 920.888, 430.445, 0.509207, 57.5468, 113.158, 183.85, 18.679, 13.4922, 497.501, 0, 272.667, 16.6054, 16.6054, 16.6054, 272.667, 16.6054, 16.6054, 16.6054, 1.17416, 0.143013, 16.6054, 16.6054, 16.4624, 16.2055, 3.28972, 16.6054, 16.6054, 13.3157
25280, 1000, 1077.75, 50, 23.3824, 77.4172, 0.830277, 272.766, 236.167, 171.09, 27.9085, 369.775, 1.88092e-07, 0, 272.667, 16.6054, 16.6054, 16.6054, 272.667, 16.6054, 16.6054, 16.6054, 13.328, 4.23303, 16.6054, 16.6054, 12.3724, 10.5013, 0.148352, 16.6054, 16.6054, 16.457
25360, 1000, 1077.42, 50, 23.3753, 77.4081, 1.83455, 272.845, 236.2, 139.965, 50.5651, 369.988, 5.39794e-14, 0, 272.667, 16.6054, 16.6054, 16.6054, 272.667, 16.6054, 16.6054, 16.6054, 21.2837, 4.23398, 16.6054, 16.6054, 12.3714, 6.87405, 0.148267, 16.6054, 16.6054, 16.4571
25440, 1000, 1077.12, 50, 23.3689, 77.3997, 4.00492, 272.916, 236.23, 100.204, 79.325, 370.183, -1.31124e-14, 0, 272.667, 16.6054, 16.6054, 16.6054, 272.667, 16.6054, 16.6054, 16.6054, 26.2887, 4.23486, 16.6054, 16.6054, 12.3705, 4.59322, 0.14819, 16.6054, 16.6054, 16.4572
25520, 1000, 1076.85, 50, 23.363, 77.3922, 9.1996, 272.981, 236.257, 59.2885, 108.166, 370.359, -2.87029e-17, 0, 272.667, 16.6054, 16.6054, 16.6054, 272.667, 16.6054, 16.6054, 16.6054, 29.4382, 4.23565, 16.6054, 16.6054, 12.3697, 3.15898, 0.14812, 16.6054, 16.6054, 16.4573
25600, 1000, 1076.6, 50, 23.3577, 77.3853, 23.8457, 273.039, 236.282, 27.0008, 128.176, 370.52, -3.88259e-22, 0, 272.667, 16.6054, 16.6054, 16.6054, 272.667, 16.6054, 16.6054, 16.6054, 31.4208, 4.23637, 16.6054, 16.6054, 12.369, 2.25706, 0.148056, 16.6054, 16.6054, 16.4573
25680, 1000, 1076.38, 50, 23.3529, 77.379, 54.6753, 273.093, 236.305, 12.0176, 131.183, 370.665, -1.70699e-26, 0, 272.667, 16.6054, 16.6054, 16.6054, 272.667, 16.6054, 16.6054, 16.6054, 32.6694, 4.23702, 16.6054, 16.6054, 12.3684, 1.68986, 0.147999, 16.6054, 16.6054, 16.4574
25760, 1000, 1076.17, 50, 23.3485, 77.3734, 93.006, 273.141, 236.325, 6.72959, 125.073, 370.798, -4.80534e-30, 0, 272.667, 16.6054, 16.6054, 16.6054, 272.667, 16.6054, 16.6054, 16.6054, 33.4564, 4.23762, 16.6054, 16.6054, 12.3678, 1.33312, 0.147946, 16.6054, 16.6054, 16.4574
25840, 1000, 1075.99, 50, 23.3445, 77.3682, 131.598, 273.185, 236.344, 4.43585, 116.687, 370.918, 1.14322e-31, 0, 272.667, 16.6054, 16.6054, 16.6054, 272.667, 16.6054, 16.6054, 16.6054, 33.953, 4.23816, 16.6054, 16.6054, 12.3672, 1.10873, 0.147899, 16.6054, 16.6054, 16.4575
25920, 1000, 1075.82, 50, 23.3408, 77.3635, 168.311, 273.225, 236.361, 3.20987, 108.007, 371.027, 3.8532e-33, 0, 272.667, 16.6054, 16.6054, 16.6054, 272.667, 16.6054, 16.6054, 16.6054, 34.2668, 4.23865, 16.6054, 16.6054, 12.3667, 0.967555, 0.147856, 16.6054, 16.6054, 16.4575
26000, 1000, 1075.67, 50, 23.3375, 77.3592, 202.529, 273.261, 236.376, 2.46046, 99.6272, 371.126, 3.82454e-35, 0, 272.667, 16.6054, 16.6054, 16.6054, 272.667, 16.6054, 16.6054, 16.6054, 34.4655, 4.2391, 16.6054, 16.6054, 12.3663, 0.878715, 0.147816, 16.6054, 16.6054, 16.4576
26080, 1000, 1075.53, 50, 23.3345, 77.3554, 234.113, 273.294, 236.39, 1.96024, 91.7532, 371.217, 1.80102e-36, 0, 272.667, 16.6054, 16.6054, 16.6054, 272.667, 16.6054, 16.6054, 16.6054, 34.5918, 4.2395, 16.6054, 16.6054, 12.3659, 0.822788, 0.147781, 16.6054, 16.6054, 16.4576
26160, 1000, 1075.4, 50, 23.3318, 77.3518, 263.108, 273.324, 236.403, 1.60536, 84.4493, 371.299, 1.67451e-39, 0, 272.667, 16.6054, 16.6054, 16.6054, 272.667, 16.6054, 16.6054, 16.6054, 34.6723, 4.23987, 16.6054, 16.6054, 12.3655, 0.787561, 0.147749, 16.6054, 16.6054, 16.4576
26240, 1000, 1075.29, 50, 23.3293, 77.3486, 289.636, 273.352, 236.414, 1.34217, 77.7227, 371.373, -6.50955e-43, 0, 272.667, 16.6054, 16.6054, 16.6054, 272.667, 16.6054, 16.6054, 16.6054, 34.724, 4.24021, 16.6054, 16.6054, 12.3652, 0.765355, 0.147719, 16.6054, 16.6054, 16.4577
26320, 1000, 1075.18, 50, 23.3271, 77.3457, 313.856, 273.376, 236.425, 1.14031, 71.5542, 371.441, 6.71302e-42, 0, 272.667, 16.6054, 16.6054, 16.6054, 272.667, 16.6054, 16.6054, 16.6054, 34.7575, 4.24051, 16.6054, 16.6054, 12.3649, 0.751343, 0.147693, 16.6054, 16.6054, 16.4577
26400, 1000, 1075.09, 50, 23.325, 77.3431, 335.936, 273.399, 236.434, 0.981386, 65.9131, 371.502, 1.23978e-41, 0, 272.667, 16.6054, 16.6054, 16.6054, 272.667, 16.6054, 16.6054, 16.6054, 34.7795, 4.24079, 16.6054, 16.6054, 12.3646, 0.742485, 0.147668, 16.6054, 16.6054, 16.4577
26480, 1000, 1075, 50, 23.3232, 77.3407, 356.047, 273.419, 236.443, 0.853633, 60.7637, 371.558, 2.81124e-42, 0, 272.667, 16.6054, 16.6054, 16.6054, 272.667, 16.6054, 16.6054, 16.6054, 34.7941, 4.24104, 16.6054, 16.6054, 12.3643, 0.736874, 0.147646, 16.6054, 16.6054, 16.4577
26560, 1000, 1074.93, 50, 23.3215, 77.3385, 374.351, 273.438, 236.451, 0.749182, 56.0688, 371.609, 2.01343e-44, 0, 272.667, 16.6054, 16.6054, 16.6054, 272.667, 16.6054, 16.6054, 16.6054, 34.804, 4.24127, 16.6054, 16.6054, 12.3641, 0.733308, 0.147626, 16.6054, 16.6054, 16.4578
26640, 1000, 1074.85, 50, 23.32, 77.3365, 391.004, 273.455, 236.458, 0.662583, 51.7922, 371.655, 9.31233e-45, 0, 272.667, 16.6054, 16.6054, 16.6054, 272.667, 16.6054, 16.6054, 16.6054, 34.8109, 4.24148, 16.6054, 16.6054, 12.3639, 0.731031, 0.147608, 16.6054, 16.6054, 16.4578
26720, 1000, 1074.79, 50, 23.3186, 77.3347, 406.149, 273.47, 236.464, 0.589943, 47.8988, 371.697, -2.04533e-46, 0, 272.667, 16.6054, 16.6054, 16.6054, 272.667, 16.6054, 16.6054, 16.6054, 34.8158, 4.24167, 16.6054, 16.6054, 12.3637, 0.729568, 0.147592, 16.6054, 16.6054, 16.4578
26800, 1000, 1074.73, 50, 23.3173, 77.3331, 419.92, 273.484, 236.47, 0.528411, 44.3561, 371.735, -7.76872e-47, 0, 272.667, 16.6054, 16.6054, 16.6054, 272.667, 16.6054, 16.6054, 16.6054, 34.8195, 4.24184, 16.6054, 16.6054, 12.3635, 0.728619, 0.147577, 16.6054, 16.6054, 16.4578
26880, 1000, 1074.68, 50, 23.3162, 77.3316, 432.439, 273.497, 236.476, 0.475851, 41.1334, 371.769, 2.3349e-46, 0, 272.667, 16.6054, 16.6054, 16.6054, 272.667, 16.6054, 16.6054, 16.6054, 34.8222, 4.242, 16.6054, 16.6054, 12.3634, 0.727997, 0.147563, 16.6054, 16.6054, 16.4578
26960, 1000, 1074.63, 50, 23.3151, 77.3302, 443.82, 273.508, 236.48, 0.43063, 38.2026, 371.8, -2.97158e-47, 0, 272.667, 16.6054, 16.6054, 16.6054, 272.667, 16.6054, 16.6054, 16.6054, 34.8245, 4.24214, 16.6054, 16.6054, 12.3633, 0.727582, 0.147551, 16.6054, 16.6054, 16.4578
27040, 1000, 0.0208945, 0, 917.773, 429.72, 450.609, 57.8811, 113.542, 0.405217, 36.4071, 13.5573, 499.817, 50, 272.667, 16.6054, 16.6054, 16.6054, 272.667, 16.6054, 16.6054, 16.6054, 27.9691, 0.143494, 16.6054, 16.6054, 16.4619, 3.77182, 3.2771, 16.6054, 16.6054, 13.3283
27120, 1000, 8.22121e-12, 0, 918.075, 429.791, 435.788, 57.653, 113.252, 0.463688, 40.1665, 13.5534, 499.766, 50, 272.667, 16.6054, 16.6054, 16.6054, 272.667, 16.6054, 16.6054, 16.6054, 18.0232, 0.143448, 16.6054, 16.6054, 16.4619, 8.36492, 3.27779, 16.6054, 16.6054, 13.3276
27200, 1000, -1.2451e-14, 0, 918.332, 429.851, 406.415, 57.6433, 113.244, 0.590905, 47.6982, 13.5478, 499.559, 50, 272.667, 16.6054, 16.6054, 16.6054, 272.667, 16.6054, 16.6054, 16.6054, 11.7695, 0.143408, 16.6054, 16.6054, 16.462, 11.2549, 3.27887, 16.6054, 16.6054, 13.3265
27280, 1000, 2.04159e-15, 0, 918.566, 429.905, 369.749, 57.6345, 113.236, 0.777439, 57.1065, 13.5427, 499.372, 50, 272.667, 16.6054, 16.6054, 16.6054, 272.667, 16.6054, 16.6054, 16.6054, 7.83724, 0.143371, 16.6054, 16.6054, 16.462, 13.0739, 3.27986, 16.6054, 16.6054, 13.3255
27360, 1000, -2.77126e-15, 0, 918.779, 429.954, 330.194, 57.6265, 113.229, 1.02445, 67.2362, 13.5381, 499.201, 50, 272.667, 16.6054, 16.6054, 16.6054, 272.667, 16.6054, 16.6054, 16.6054, 5.36471, 0.143339, 16.6054, 16.6054, 16.4621, 14.2193, 3.28075, 16.6054, 16.6054, 13.3246
27440, 1000, -2.17982e-17, 0, 918.972, 429.999, 290.374, 57.6193, 113.222, 1.34015, 77.3931, 13.5339, 499.046, 50, 272.667, 16.6054, 16.6054, 16.6054, 272.667, 16.6054, 16.6054, 16.6054, 3.80997, 0.143309, 16.6054, 16.6054, 16.4621, 14.9411, 3.28157, 16.6054, 16.6054, 13.3238
27520, 1000, 7.08776e-16, 0, 919.147, 430.04, 251.809, 57.6127, 113.216, 1.73968, 87.1667, 13.5301, 498.905, 50, 272.667, 16.6054, 16.6054, 16.6054, 272.667, 16.6054, 16.6054, 16.6054, 2.83232, 0.143282, 16.6054, 16.6054, 16.4621, 15.3963, 3.28231, 16.6054, 16.6054, 13.3231
27600, 1000, 3.9557e-15, 0, 919.307, 430.077, 215.343, 57.6067, 113.211, 2.24685, 96.3176, 13.5267, 498.777, 50, 272.667, 16.6054, 16.6054, 16.6054, 272.667, 16.6054, 16.6054, 16.6054, 2.21753, 0.143257, 16.6054, 16.6054, 16.4621, 15.6838, 3.28298, 16.6054, 16.6054, 13.3224
27680, 1000, -1.5415e-16, 0, 919.451, 430.111, 181.413, 57.6012, 113.206, 2.89818, 104.703, 13.5235, 498.661, 50, 272.667, 16.6054, 16.6054, 16.6054, 272.667, 16.6054, 16.6054, 16.6054, 1.8309, 0.143235, 16.6054, 16.6054, 16.4622, 15.8658, 3.2836, 16.6054, 16.6054, 13.3218
27760, 1000, 1.53185e-17, 0, 919.583, 430.141, 150.225, 57.5962, 113.202, 3.75016, 112.227, 13.5207, 498.555, 50, 272.667, 16.6054, 16.6054, 16.6054, 272.667, 16.6054, 16.6054, 16.6054, 1.58774, 0.143214, 16.6054, 16.6054, 16.4622, 15.9813, 3.28415, 16.6054, 16.6054, 13.3212
27840, 1000, 1.02326e-16, 0, 919.702, 430.169, 121.865, 57.5917, 113.198, 4.89221, 118.801, 13.5181, 498.459, 50, 272.667, 16.6054, 16.6054, 16.6054, 272.667, 16.6054, 16.6054, 16.6054, 1.43479, 0.143196, 16.6054, 16.6054, 16.4622, 16.0548, 3.28466, 16.6054, 16.6054, 13.3207
27920, 1000, -3.15876e-16, 0, 919.811, 430.194, 96.3916, 57.5876, 113.194, 6.46952, 124.301, 13.5157, 498.372, 50, 272.667, 16.6054, 16.6054, 16.6054, 272.667, 16.6054, 16.6054, 16.6054, 1.33856, 0.143179, 16.6054, 16.6054, 16.4622, 16.102, 3.28512, 16.6054, 16.6054, 13.3203
28000, 1000, 4.98307e-17, 0, 919.909, 430.217, 73.9111, 57.5839, 113.191, 8.7211, 128.522, 13.5136, 498.292, 50, 272.667, 16.6054, 16.6054, 16.6054, 272.667, 16.6054, 16.6054, 16.6054, 1.27801, 0.143164, 16.6054, 16.6054, 16.4622, 16.1324, 3.28554, 16.6054, 16.6054, 13.3199
28080, 1000, -4.2008e-20, 0, 919.999, 430.238, 54.6506, 57.5805, 113.188, 12.0289, 131.122, 13.5116, 498.22, 50, 272.667, 16.6054, 16.6054, 16.6054, 272.667, 16.6054, 16.6054, 16.6054, 1.2399, 0.14315, 16.6054, 16.6054, 16.4622, 16.1523, 3.28592, 16.6054, 16.6054, 13.3195
28160, 1000, 2.75425e-21, 0, 920.08, 430.257, 38.9773, 57.5775, 113.185, 16.9218, 131.616, 13.5099, 498.154, 50, 272.667, 16.6054, 16.6054, 16.6054, 272.667, 16.6054, 16.6054, 16.6054, 1.21589, 0.143138, 16.6054, 16.6054, 16.4623, 16.1654, 3.28627, 16.6054, 16.6054, 13.3191
28240, 1000, 1.1617e-23, 0, 920.154, 430.274, 27.1959, 57.5747, 113.183, 23.8649, 129.578, 13.5083, 498.095, 50, 272.667, 16.6054, 16.6054, 16.6054, 272.667, 16.6054, 16.6054, 16.6054, 1.20076, 0.143126, 16.6054, 16.6054, 16.4623, 16.1743, 3.28658, 16.6054, 16.6054, 13.3188
28320, 1000, -1.11359e-24, 0, 920.221, 430.29, 19.0952, 57.5721, 113.181, 32.8013, 125.106, 13.5068, 498.041, 50, 272.667, 16.6054, 16.6054, 16.6054, 272.667, 16.6054, 16.6054, 16.6054, 1.19121, 0.143116, 16.6054, 16.6054, 16.4623, 16.1804, 3.28687, 16.6054, 16.6054, 13.3185
28400, 1000, -8.57491e-27, 0, 920.282, 430.304, 13.8327, 57.5698, 113.179, 43.0335, 118.936, 13.5055, 497.991, 50, 272.667, 16.6054, 16.6054, 16.6054, 272.667, 16.6054, 16.6054, 16.6054, 1.18518, 0.143106, 16.6054, 16.6054, 16.4623, 16.1848, 3.28713, 16.6054, 16.6054, 13.3183
28480, 1000, -6.1897e-27, 0, 920.338, 430.317, 10.4284, 57.5677, 113.177, 53.7171, 111.947, 13.5043, 497.947, 50, 272.667, 16.6054, 16.6054, 16.6054, 272.667, 16.6054, 16.6054, 16.6054, 1.18136, 0.143098, 16.6054, 16.6054, 16.4623, 16.188, 3.28736, 16.6054, 16.6054, 13.318
28560, 1000, 1.48561e-27, 0, 920.388, 430.329, 8.15862, 57.5658, 113.175, 64.2533, 104.77, 13.5032, 497.906, 50, 272.667, 16.6054, 16.6054, 16.6054, 272.667, 16.6054, 16.6054, 16.6054, 1.17893, 0.14309, 16.6054, 16.6054, 16.4623, 16.1904, 3.28758, 16.6054, 16.6054, 13.3178
28640, 1000, -1.99479e-29, 0, 920.434, 430.339, 6.58179, 57.5641, 113.174, 74.3156, 97.7626, 13.5022, 497.869, 50, 272.667, 16.6054, 16.6054, 16.6054, 272.667, 16.6054, 16.6054, 16.6054, 1.17739, 0.143083, 16.6054, 16.6054, 16.4623, 16.1923, 3.28777, 16.6054, 16.6054, 13.3176
28720, 1000, 1.19486e-28, 0, 920.476, 430.349, 5.4421, 57.5625, 113.172, 83.7534, 91.1015, 13.5013, 497.835, 50, 272.667, 16.6054, 16.6054, 16.6054, 272.667, 16.6054, 16.6054, 16.6054, 1.17639, 0.143077, 16.6054, 16.6054, 16.4623, 16.1938, 3.28795, 16.6054, 16.6054, 13.3174
28800, 1000, -2.89761e-31, 0, 920.513, 430.358, 4.5896, 57.5611, 113.171, 92.513, 84.8661, 13.5004, 497.805, 50, 272.667, 16.6054, 16.6054, 16.6054, 272.667, 16.6054, 16.6054, 16.6054, 1.17575, 0.143071, 16.6054, 16.6054, 16.4623, 16.1951, 3.28811, 16.6054, 16.6054, 13.3173
28880, 1000, -1.81668e-33, 0, 920.548, 430.366, 3.93341, 57.5598, 113.17, 100.591, 79.0824, 13.4997, 497.777, 50, 272.667, 16.6054, 16.6054, 16.6054, 272.667, 16.6054, 16.6054, 16.6054, 1.17533, 0.143066, 16.6054, 16.6054, 16.4623, 16.1962, 3.28826, 16.6054, 16.6054, 13.3171
28960, 1000, -2.64973e-34, 0, 920.579, 430.373, 3.41623, 57.5586, 113.169, 108.011, 73.7487, 13.499, 497.752, 50, 272.667, 16.6054, 16.6054, 16.6054, 272.667, 16.6054, 16.6054, 16.6054, 1.17505, 0.143061, 16.6054, 16.6054, 16.4623, 16.1971, 3.28839, 16.6054, 16.6054, 13.317
29040, 1000, 2.6939e-35, 0, 920.607, 430.379, 3.00056, 57.5575, 113.168, 114.806, 68.8487, 13.4984, 497.729, 50, 272.667, 16.6054, 16.6054, 16.6054, 272.667, 16.6054, 16.6054, 16.6054, 1.17486, 0.143056, 16.6054, 16.6054, 16.4623, 16.1979, 3.28851, 16.6054, 16.6054, 13.3169
29120, 1000, -1.93228e-35, 0, 920.633, 430.385, 2.66099, 57.5565, 113.167, 121.019, 64.3589, 13.4978, 497.708, 50, 272.667, 16.6054, 16.6054, 16.6054, 272.667, 16.6054, 16.6054, 16.6054, 1.17472, 0.143052, 16.6054, 16.6054, 16.4623, 16.1986, 3.28862, 16.6054, 16.6054, 13.3168
29200, 1000, 6.58088e-37, 0, 920.656, 430.391, 2.37977, 57.5556, 113.166, 126.691, 60.2527, 13.4973, 497.689, 50, 272.667, 16.6054, 16.6054, 16.6054, 272.667, 16.6054, 16.6054, 16.6054, 1.17463, 0.143049, 16.6054, 16.6054, 16.4623, 16.1993, 3.28872, 16.6054, 16.6054, 13.3167
29280, 1000, 2.63405e-37, 0, 920.677, 430.396, 2.14417, 57.5548, 113.165, 131.865, 56.5023, 13.4968, 497.672, 50, 272.667, 16.6054, 16.6054, 16.6054, 272.667, 16.6054, 16.6054, 16.6054, 1.17456, 0.143046, 16.6054, 16.6054, 16.4623, 16.1999, 3.28881, 16.6054, 16.6054, 13.3166
29360, 1000, 1.5397e-38, 0, 920.697, 430.4, 1.94486, 57.5541, 113.165, 136.581, 53.0804, 13.4964, 497.656, 50, 272.667, 16.6054, 16.6054, 16.6054, 272.667, 16.6054, 16.6054, 16.6054, 1.17451, 0.143043, 16.6054, 16.6054, 16.4623, 16.2004, 3.28889, 16.6054, 16.6054, 13.3165
29440, 1000, 1.96027e-38, 0, 920.714, 430.404, 1.77482, 57.5534, 113.164, 140.877, 49.9607, 13.496, 497.642, 50, 272.667, 16.6054, 16.6054, 16.6054, 272.667, 16.6054, 16.6054, 16.6054, 1.17446, 0.14304, 16.6054, 16.6054, 16.4624, 16.2009, 3.28897, 16.6054, 16.6054, 13.3164
29520, 1000, -4.50367e-39, 0, 920.73, 430.408, 1.62871, 57.5528, 113.164, 144.788, 47.1181, 13.4957, 497.629, 50, 272.667, 16.6054, 16.6054, 16.6054, 272.667, 16.6054, 16.6054, 16.6054, 1.17443, 0.143037, 16.6054, 16.6054, 16.4624, 16.2013, 3.28904, 16.6054, 16.6054, 13.3164
29600, 1000, 2.41083e-40, 0, 920.745, 430.411, 1.50236, 57.5523, 113.163, 148.348, 44.5292, 13.4954, 497.617, 50, 272.667, 16.6054, 16.6054, 16.6054, 272.667, 16.6054, 16.6054, 16.6054, 1.1744, 0.143035, 16.6054, 16.6054, 16.4624, 16.2017, 3.2891, 16.6054, 16.6054, 13.3163
29680, 1000, 2.7676e-40, 0, 920.758, 430.414, 1.39251, 57.5518, 113.163, 151.588, 42.1724, 13.4951, 497.607, 50, 272.667, 16.6054, 16.6054, 16.6054, 272.667, 16.6054, 16.6054, 16.6054, 1.17438, 0.143033, 16.6054, 16.6054, 16.4624, 16.202, 3.28916, 16.6054, 16.6054, 13.3162
29760, 1000, -3.28383e-41, 0, 920.77, 430.417, 1.29654, 57.5513, 113.162, 154.535, 40.0274, 13.4948, 497.597, 50, 272.667, 16.6054, 16.6054, 16.6054, 272.667, 16.6054, 16.6054, 16.6054, 1.17436, 0.143031, 16.6054, 16.6054, 16.4624, 16.2023, 3.28921, 16.6054, 16.6054, 13.3162
29840, 1000, -2.5154e-41, 0, 920.78, 430.42, 1.21236, 57.5509, 113.162, 157.216, 38.0758, 13.4946, 497.588, 50, 272.667, 16.6054, 16.6054, 16.6054, 272.667, 16.6054, 16.6054, 16.6054, 1.17434, 0.14303, 16.6054, 16.6054, 16.4624, 16.2026, 3.28925, 16.6054, 16.6054, 13.3161
29920, 1000, 6.01265e-44, 0, 920.79, 430.422, 1.13824, 57.5505, 113.162, 159.655, 36.3004, 13.4944, 497.58, 50, 272.667, 16.6054, 16.6054, 16.6054, 272.667, 16.6054, 16.6054, 16.6054, 1.17432, 0.143028, 16.6054, 16.6054, 16.4624, 16.2029, 3.2893, 16.6054, 16.6054, 13.3161
30000, 1000, 2.4063e-44, 0, 920.799, 430.424, 1.07277, 57.5502, 113.161, 161.872, 34.6856, 13.4942, 497.573, 50, 272.667, 16.6054, 16.6054, 16.6054, 272.667, 16.6054, 16.6054, 16.6054, 1.17431, 0.143027, 16.6054, 16.6054, 16.4624, 16.2031, 3.28934, 16.6054, 16.6054, 13.3161
30080, 1000, 6.66365e-46, 0, 920.807, 430.426, 1.01477, 57.5499, 113.161, 163.888, 33.2172, 13.494, 497.566, 50, 272.667, 16.6054, 16.6054, 16.6054, 272.667, 16.6054, 16.6054, 16.6054, 1.17429, 0.143025, 16.6054, 16.6054, 16.4624, 16.2034, 3.28937, 16.6054, 16.6054, 13.316
30160, 1000, -1.54378e-46, 0, 920.815, 430.428, 0.963263, 57.5496, 113.161, 165.721, 31.8819, 13.4938, 497.56, 50, 272.667, 16.6054, 16.6054, 16.6054, 272.667, 16.6054, 16.6054, 16.6054, 1.17428, 0.143024, 16.6054, 16.6054, 16.4624, 16.2035, 3.2894, 16.6054, 16.6054, 13.316
30240, 1000, -2.88372e-48, 0, 920.821, 430.429, 0.91741, 57.5493, 113.161, 167.388, 30.6679, 13.4937, 497.555, 50, 272.667, 16.6054, 16.6054, 16.6054, 272.667, 16.6054, 16.6054, 16.6054, 1.17427, 0.143023, 16.6054, 16.6054, 16.4624, 16.2037, 3.28943, 16.6054, 16.6054, 13.316
30320, 1000, -1.03385e-48, 0, 920.828, 430.431, 0.876511, 57.5491, 113.16, 168.902, 29.5643, 13.4935, 497.55, 50, 272.667, 16.6054, 16.6054, 16.6054, 272.667, 16.6054, 16.6054, 16.6054, 1.17426, 0.143022, 16.6054, 16.6054, 16.4624, 16.2039, 3.28946, 16.6054, 16.6054, 13.3159
30400, 1000, 1.08096e-47, 0, 920.833, 430.432, 0.839964, 57.5489, 113.16, 170.279, 28.5611, 13.4934, 497.545, 50, 272.667, 16.6054, 16.6054, 16.6054, 272.667, 16.6054, 16.6054, 16.6054, 1.17425, 0.143022, 16.6054, 16.6054, 16.4624, 16.204, 3.28948, 16.6054, 16.6054, 13.3159
30480, 1000, -3.23915e-48, 0, 920.838, 430.433, 0.807254, 57.5487, 113.16, 171.531, 27.6492, 13.4933, 497.541, 50, 272.667, 16.6054, 16.6054, 16.6054, 272.667, 16.6054, 16.6054, 16.6054, 1.17424, 0.143021, 16.6054, 16.6054, 16.4624, 16.2042, 3.2895, 16.6054, 16.6054, 13.3159
30560, 1000, 1.79753e-48, 0, 920.843, 430.434, 0.777935, 57.5485, 113.16, 172.669, 26.8203, 13.4932, 497.537, 50, 272.667, 16.6054, 16.6054, 16.6054, 272.667, 16.6054, 16.6054, 16.6054, 1.17424, 0.14302, 16.6054, 16.6054, 16.4624, 16.2043, 3.28952, 16.6054, 16.6054, 13.3159
30640, 1000, -4.80129e-49, 0, 920.847, 430.435, 0.75162, 57.5484, 113.16, 173.702, 26.067, 13.4931, 497.534, 50, 272.667, 16.6054, 16.6054, 16.6054, 272.667, 16.6054, 16.6054, 16.6054, 1.17423, 0.143019, 16.6054, 16.6054, 16.4624, 16.2044, 3.28954, 16.6054, 16.6054, 13.3158
30720, 1000, 5.63989e-50, 0, 920.851, 430.436, 0.727976, 57.5482, 113.16, 174.642, 25.3824, 13.493, 497.531, 50, 272.667, 16.6054, 16.6054, 16.6054, 272.667, 16.6054, 16.6054, 16.6054, 1.17422, 0.143019, 16.6054, 16.6054, 16.4624, 16.2045, 3.28956, 16.6054, 16.6054, 13.3158
30800, 1000, 1.53377e-50, 0, 920.854, 430.437, 0.706707, 57.5481, 113.159, 175.496, 24.7603, 13.493, 497.528, 50, 272.667, 16.6054, 16.6054, 16.6054, 272.667, 16.6054, 16.6054, 16.6054, 1.17422, 0.143018, 16.6054, 16.6054, 16.4624, 16.2046, 3.28957, 16.6054, 16.6054, 13.3158
30880, 1000, -5.42206e-50, 0, 920.857, 430.438, 0.687557, 57.548, 113.159, 176.272, 24.1949, 13.4929, 497.526, 50, 272.667, 16.6054, 16.6054, 16.6054, 272.667, 16.6054, 16.6054, 16.6054, 1.17421, 0.143018, 16.6054, 16.6054, 16.4624, 16.2047, 3.28959, 16.6054, 16.6054, 13.3158
30960, 1000, -1.12663e-50, 0, 920.86, 430.438, 0.670302, 57.5479, 113.159, 176.977, 23.6811, 13.4928, 497.523, 50, 272.667, 16.6054, 16.6054, 16.6054, 272.667, 16.6054, 16.6054, 16.6054, 1.17421, 0.143017, 16.6054, 16.6054, 16.4624, 16.2048, 3.2896, 16.6054, 16.6054, 13.3158
31040, 1000, 5.84486e-50, 0, 920.863, 430.439, 0.654741, 57.5478, 113.159, 177.618, 23.2142, 13.4928, 497.521, 50, 272.667, 16.6054, 16.6054, 16.6054, 272.667, 16.6054, 16.6054, 16.6054, 1.1742, 0.143017, 16.6054, 16.6054, 16.4624, 16.2048, 3.28961, 16.6054, 16.6054, 13.3158
31120, 1000, 5.48911e-51, 0, 920.865, 430.439, 0.640697, 57.5477, 113.159, 178.201, 22.7899, 13.4927, 497.519, 50, 272.667, 16.6054, 16.6054, 16.6054, 272.667, 16.6054, 16.6054, 16.6054, 1.1742, 0.143017, 16.6054, 16.6054, 16.4624, 16.2049, 3.28962, 16.6054, 16.6054, 13.3158
31200, 1000, -2.07429e-50, 0, 920.867, 430.44, 0.628015, 57.5476, 113.159, 178.73, 22.4045, 13.4927, 497.517, 50, 272.667, 16.6054, 16.6054, 16.6054, 272.667, 16.6054, 16.6054, 16.6054, 1.1742, 0.143016, 16.6054, 16.6054, 16.4624, 16.2049, 3.28963, 16.6054, 16.6054, 13.3158
31280, 1000, 1.58482e-50, 0, 920.869, 430.44, 0.616557, 57.5475, 113.159, 179.211, 22.0542, 13.4926, 497.516, 50, 272.667, 16.6054, 16.6054, 16.6054, 272.667, 16.6054, 16.6054, 16.6054, 1.17419, 0.143016, 16.6054, 16.6054, 16.4624, 16.205, 3.28964, 16.6054, 16.6054, 13.3158
31360, 1000, -7.31131e-51, 0, 920.871, 430.441, 0.606199, 57.5474, 113.159, 179.648, 21.7359, 13.4926, 497.514, 50, 272.667, 16.6054, 16.6054, 16.6054, 272.667, 16.6054, 16.6054, 16.6054, 1.17419, 0.143016, 16.6054, 16.6054, 16.4624, 16.205, 3.28964, 16.6054, 16.6054, 13.3157
31440, 1000, 5.98338e-51, 0, 920.872, 430.441, 0.596831, 57.5474, 113.159, 180.045, 21.4467, 13.4926, 497.513, 50, 272.667, 16.6054, 16.6054, 16.6054, 272.667, 16.6054, 16.6054, 16.6054, 1.17419, 0.143015, 16.6054, 16.6054, 16.4624, 16.2051, 3.28965, 16.6054, 16.6054, 13.3157
31520, 1000, 2.98859e-52, 0, 920.874, 430.441, 0.588356, 57.5473, 113.159, 180.406, 21.184, 13.4925, 497.512, 50, 272.667, 16.6054, 16.6054, 16.6054, 272.667, 16.6054, 16.6054, 16.6054, 1.17419, 0.143015, 16.6054, 16.6054, 16.4624, 16.2051, 3.28966, 16.6054, 16.6054, 13.3157
31600, 1000, 1.21461e-52, 0, 920.875, 430.442, 0.580684, 57.5473, 113.159, 180.734, 20.9453, 13.4925, 497.511, 50, 272.667, 16.6054, 16.6054, 16.6054, 272.667, 16.6054, 16.6054, 16.6054, 1.17418, 0.143015, 16.6054, 16.6054, 16.4624, 16.2052, 3.28966, 16.6054, 16.6054, 13.3157
31680, 1000, 8.71274e-54, 0, 920.876, 430.442, 0.573738, 57.5472, 113.159, 181.032, 20.7284, 13.4925, 497.51, 50, 272.667, 16.6054, 16.6054, 16.6054, 272.667, 16.6054, 16.6054, 16.6054, 1.17418, 0.143015, 16.6054, 16.6054, 16.4624, 16.2052, 3.28967, 16.6054, 16.6054, 13.3157
31760, 1000, -3.17837e-54, 0, 920.877, 430.442, 0.567446, 57.5472, 113.159, 181.303, 20.5313, 13.4924, 497.509, 50, 272.667, 16.6054, 16.6054, 16.6054, 272.667, 16.6054, 16.6054, 16.6054, 1.17418, 0.143015, 16.6054, 16.6054, 16.4624, 16.2052, 3.28967, 16.6054, 16.6054, 13.3157
31840, 1000, 5.40257e-56, 0, 920.878, 430.442, 0.561747, 57.5472, 113.159, 181.549, 20.3523, 13.4924, 497.508, 50, 272.667, 16.6054, 16.6054, 16.6054, 272.667, 16.6054, 16.6054, 16.6054, 1.17418, 0.143015, 16.6054, 16.6054, 16.4624, 16.2053, 3.28968, 16.6054, 16.6054, 13.3157
31920, 1000, 3.1319e-54, 0, 920.879, 430.443, 0.556581, 57.5471, 113.159, 181.772, 20.1896, 13.4924, 497.507, 50, 272.667, 16.6054, 16.6054, 16.6054, 272.667, 16.6054, 16.6054, 16.6054, 1.17418, 0.143014, 16.6054, 16.6054, 16.4624, 16.2053, 3.28968, 16.6054, 16.6054, 13.3157
32000, 1000, 7.97754e-54, 0, 920.88, 430.443, 0.551898, 57.5471, 113.159, 181.975, 20.0418, 13.4924, 497.507, 50, 272.667, 16.6054, 16.6054, 16.6054, 272.667, 16.6054, 16.6054, 16.6054, 1.17418, 0.143014, 16.6054, 16.6054, 16.4624, 16.2053, 3.28968, 16.6054, 16.6054, 13.3157
32080, 1000, 3.3413e-54, 0, 920.881, 430.443, 0.547654, 57.5471, 113.159, 182.16, 19.9075, 13.4924, 497.506, 50, 272.667, 16.6054, 16.6054, 16.6054, 272.667, 16.6054, 16.6054, 16.6054, 1.17417, 0.143014, 16.6054, 16.6054, 16.4624, 16.2053, 3.28969, 16.6054, 16.6054, 13.3157
32160, 1000, -1.58239e-54, 0, 920.881, 430.443, 0.543804, 57.547, 113.158, 182.328, 19.7855, 13.4924, 497.506, 50, 272.667, 16.6054, 16.6054, 16.6054, 272.667, 16.6054, 16.6054, 16.6054, 1.17417, 0.143014, 16.6054, 16.6054, 16.4624, 16.2053, 3.28969, 16.6054, 16.6054, 13.3157
32240, 1000, 2.69667e-54, 0, 920.882, 430.443, 0.540313, 57.547, 113.158, 182.48, 19.6747, 13.4923, 497.505, 50, 272.667, 16.6054, 16.6054, 16.6054, 272.667, 16.6054, 16.6054, 16.6054, 1.17417, 0.143014, 16.6054, 16.6054, 16.4624, 16.2054, 3.28969, 16.6054, 16.6054, 13.3157
32320, 1000, -2.52748e-54, 0, 920.883, 430.443, 0.537146, 57.547, 113.158, 182.618, 19.574, 13.4923, 497.505, 50, 272.667, 16.6054, 16.6054, 16.6054, 272.667, 16.6054, 16.6054, 16.6054, 1.17417, 0.143014, 16.6054, 16.6054, 16.4624, 16.2054, 3.2897, 16.6054, 16.6054, 13.3157
32400, 1000, 2.18049e-54, 0, 920.883, 430.444, 0.534273, 57.547, 113.158, 182.744, 19.4825, 13.4923, 497.504, 50, 272.667, 16.6054, 16.6054, 16.6054, 272.667, 16.6054, 16.6054, 16.6054, 1.17417, 0.143014, 16.6054, 16.6054, 16.4624, 16.2054, 3.2897, 16.6054, 16.6054, 13.3157
32480, 1000, -7.52892e-55, 0, 920.884, 430.444, 0.531667, 57.5469, 113.158, 182.858, 19.3994, 13.4923, 497.504, 50, 272.667, 16.6054, 16.6054, 16.6054, 272.667, 16.6054, 16.6054, 16.6054, 1.17417, 0.143014, 16.6054, 16.6054, 16.4624, 16.2054, 3.2897, 16.6054, 16.6054, 13.3157
32560, 1000, -1.52856e-55, 0, 920.884, 430.444, 0.529301, 57.5469, 113.158, 182.962, 19.3239, 13.4923, 497.503, 50, 272.667, 16.6054, 16.6054, 16.6054, 272.667, 16.6054, 16.6054, 16.6054, 1.17417, 0.143014, 16.6054, 16.6054, 16.4624, 16.2054, 3.2897, 16.6054, 16.6054, 13.3157
32640, 1000, 1.18245e-56, 0, 920.884, 430.444, 0.527155, 57.5469, 113.158, 183.057, 19.2553, 13.4923, 497.503, 50, 272.667, 16.6054, 16.6054, 16.6054, 272.667, 16.6054, 16.6054, 16.6054, 1.17417, 0.143014, 16.6054, 16.6054, 16.4624, 16.2054, 3.2897, 16.6054, 16.6054, 13.3157
32720, 1000, -5.74718e-55, 0, 920.885, 430.444, 0.525207, 57.5469, 113.158, 183.142, 19.1929, 13.4923, 497.503, 50, 272.667, 16.6054, 16.6054, 16.6054, 272.667, 16.6054, 16.6054, 16.6054, 1.17417, 0.143014, 16.6054, 16.6054, 16.4624, 16.2054, 3.28971, 16.6054, 16.6054, 13.3157
32800, 1000, -1.83018e-55, 0, 920.885, 430.444, 0.523438, 57.5469, 113.158, 183.22, 19.1363, 13.4923, 497.503, 50, 272.667, 16.6054, 16.6054, 16.6054, 272.667, 16.6054, 16.6054, 16.6054, 1.17417, 0.143014, 16.6054, 16.6054, 16.4624, 16.2054, 3.28971, 16.6054, 16.6054, 13.3157
32880, 1000, -1.72058e-54, 0, 920.885, 430.444, 0.521832, 57.5469, 113.158, 183.291, 19.0849, 13.4923, 497.502, 50, 272.667, 16.6054, 16.6054, 16.6054, 272.667, 16.6054, 16.6054, 16.6054, 1.17417, 0.143013, 16.6054, 16.6054, 16.4624, 16.2054, 3.28971, 16.6054, 16.6054, 13.3157
32960, 1000, 4.92585e-55, 0, 920.886, 430.444, 0.520375, 57.5469, 113.158, 183.355, 19.0381, 13.4923, 497.502, 50, 272.667, 16.6054, 16.6054, 16.6054, 272.667, 16.6054, 16.6054, 16.6054, 1.17417, 0.143013, 16.6054, 16.6054, 16.4624, 16.2054, 3.28971, 16.6054, 16.6054, 13.3157
33040, 1000, 4.51896e-54, 0, 920.886, 430.444, 0.519051, 57.5469, 113.158, 183.414, 18.9957, 13.4923, 497.502, 50, 272.667, 16.6054, 16.6054, 16.6054, 272.667, 16.6054, 16.6054, 16.6054, 1.17417, 0.143013, 16.6054, 16.6054, 16.4624, 16.2055, 3.28971, 16.6054, 16.6054, 13.3157
33120, 1000, 5.13887e-54, 0, 920.886, 430.444, 0.51785, 57.5469, 113.158, 183.467, 18.9571, 13.4922, 497.502, 50, 272.667, 16.6054, 16.6054, 16.6054, 272.667, 16.6054, 16.6054, 16.6054, 1.17417, 0.143013, 16.6054, 16.6054, 16.4624, 16.2055, 3.28971, 16.6054, 16.6054, 13.3157
33200, 1000, -6.48845e-55, 0, 920.886, 430.444, 0.516759, 57.5468, 113.158, 183.515, 18.922, 13.4922, 497.502, 50, 272.667, 16.6054, 16.6054, 16.6054, 272.667, 16.6054, 16.6054, 16.6054, 1.17417, 0.143013, 16.6054, 16.6054, 16.4624, 16.2055, 3.28971, 16.6054, 16.6054, 13.3157
33280, 1000, -7.05968e-54, 0, 920.886, 430.444, 0.515768, 57.5468, 113.158, 183.559, 18.8902, 13.4922, 497.502, 50, 272.667, 16.6054, 16.6054, 16.6054, 272.667, 16.6054, 16.6054, 16.6054, 1.17417, 0.143013, 16.6054, 16.6054, 16.4624, 16.2055, 3.28971, 16.6054, 16.6054, 13.3157
33360, 1000, -3.10104e-54, 0, 920.887, 430.444, 0.514869, 57.5468, 113.158, 183.599, 18.8613, 13.4922, 497.501, 50, 272.667, 16.6054, 16.6054, 16.6054, 272.667, 16.6054, 16.6054, 16.6054, 1.17417, 0.143013, 16.6054, 16.6054, 16.4624, 16.2055, 3.28971, 16.6054, 16.6054, 13.3157
33440, 1000, 6.19553e-54, 0, 920.887, 430.444, 0.514052, 57.5468, 113.158, 183.635, 18.835, 13.4922, 497.501, 50, 272.667, 16.6054, 16.6054, 16.6054, 272.667, 16.6054, 16.6054, 16.6054, 1.17417, 0.143013, 16.6054, 16.6054, 16.4624, 16.2055, 3.28971, 16.6054, 16.6054, 13.3157
33520, 1000, 1.16029e-53, 0, 920.887, 430.444, 0.51331, 57.5468, 113.158, 183.668, 18.8111, 13.4922, 497.501, 50, 272.667, 16.6054, 16.6054, 16.6054, 272.667, 16.6054, 16.6054, 16.6054, 1.17417, 0.143013, 16.6054, 16.6054, 16.4624, 16.2055, 3.28971, 16.6054, 16.6054, 13.3157
33600, 1000, -1.2979e-54, 0, 920.887, 430.444, 0.512636, 57.5468, 113.158, 183.698, 18.7895, 13.4922, 497.501, 50, 272.667, 16.6054, 16.6054, 16.6054, 272.667, 16.6054, 16.6054, 16.6054, 1.17416, 0.143013, 16.6054, 16.6054, 16.4624, 16.2055, 3.28971, 16.6054, 16.6054, 13.3157
33680, 1000, -1.56527e-53, 0, 920.887, 430.444, 0.512024, 57.5468, 113.158, 183.725, 18.7698, 13.4922, 497.501, 50, 272.667, 16.6054, 16.6054, 16.6054, 272.667, 16.6054, 16.6054, 16.6054, 1.17416, 0.143013, 16.6054, 16.6054, 16.4624, 16.2055, 3.28972, 16.6054, 16.6054, 13.3157
33760, 1000, -1.28457e-53, 0, 920.887, 430.445, 0.511468, 57.5468, 113.158, 183.75, 18.7519, 13.4922, 497.501, 50, 272.667, 16.6054, 16.6054, 16.6054, 272.667, 16.6054, 16.6054, 16.6054, 1.17416, 0.143013, 16.6054, 16.6054, 16.4624, 16.2055, 3.28972, 16.6054, 16.6054, 13.3157
33840, 1000, 1.12883e-53, 0, 920.887, 430.445, 0.510964, 57.5468, 113.158, 183.772, 18.7356, 13.4922, 497.501, 50, 272.667, 16.6054, 16.6054, 16.6054, 272.667, 16.6054, 16.6054, 16.6054, 1.17416, 0.143013, 16.6054, 16.6054, 16.4624, 16.2055, 3.28972, 16.6054, 16.6054, 13.3157
33920, 1000, 2.385e-53, 0, 920.887, 430.445, 0.510506, 57.5468, 113.158, 183.792, 18.7208, 13.4922, 497.501, 50, 272.667, 16.6054, 16.6054, 16.6054, 272.667, 16.6054, 16.6054, 16.6054, 1.17416, 0.143013, 16.6054, 16.6054, 16.4624, 16.2055, 3.28972, 16.6054, 16.6054, 13.3157
34000, 1000, 5.0776e-54, 0, 920.887, 430.445, 0.510089, 57.5468, 113.158, 183.811, 18.7074, 13.4922, 497.501, 50, 272.667, 16.6054, 16.6054, 16.6054, 272.667, 16.6054, 16.6054, 16.6054, 1.17416, 0.143013, 16.6054, 16.6054, 16.4624, 16.2055, 3.28972, 16.6054, 16.6054, 13.3157
34080, 1000, -2.62116e-53, 0, 920.887, 430.445, 0.50971, 57.5468, 113.158, 183.828, 18.6952, 13.4922, 497.501, 50, 272.667, 16.6054, 16.6054, 16.6054, 272.667, 16.6054, 16.6054, 16.6054, 1.17416, 0.143013, 16.6054, 16.6054, 16.4624, 16.2055, 3.28972, 16.6054, 16.6054, 13.3157
34160, 1000, -2.79148e-53, 0, 920.887, 430.445, 0.509367, 57.5468, 113.158, 183.843, 18.6841, 13.4922, 497.501, 50, 272.667, 16.6054, 16.6054, 16.6054, 272.667, 16.6054, 16.6054, 16.6054, 1.17416, 0.143013, 16.6054, 16.6054, 16.4624, 16.2055, 3.28972, 16.6054, 16.6054, 13.3157
34240, 1000, 1077.92, 50, 23.3862, 77.4228, 0.590856, 272.72, 236.147, 180.539, 21.0424, 369.653, 0.0096732, 0, 272.667, 16.6054, 16.6054, 16.6054, 272.667, 16.6054, 16.6054, 16.6054, 7.73383, 4.23251, 16.6054, 16.6054, 12.3729, 13.0525, 0.148401, 16.6054, 16.6054, 16.457
34320, 1000, 1077.58, 50, 23.3788, 77.4125, 1.23285, 272.806, 236.184, 157.126, 38.0775, 369.884, 4.05082e-12, 0, 272.667, 16.6054, 16.6054, 16.6054, 272.667, 16.6054, 16.6054, 16.6054, 17.7648, 4.23352, 16.6054, 16.6054, 12.3719, 8.47825, 0.148309, 16.6054, 16.6054, 16.4571
34400, 1000, 1077.26, 50, 23.372, 77.4038, 2.71098, 272.881, 236.215, 120.683, 64.5543, 370.088, -3.23188e-14, 0, 272.667, 16.6054, 16.6054, 16.6054, 272.667, 16.6054, 16.6054, 16.6054, 24.0748, 4.23443, 16.6054, 16.6054, 12.371, 5.60196, 0.148228, 16.6054, 16.6054, 16.4572
34480, 1000, 1076.98, 50, 23.3659, 77.3959, 5.98906, 272.949, 236.244, 79.4045, 94.1562, 370.273, -5.2619e-15, 0, 272.667, 16.6054, 16.6054, 16.6054, 272.667, 16.6054, 16.6054, 16.6054, 28.0449, 4.23526, 16.6054, 16.6054, 12.3701, 3.7933, 0.148154, 16.6054, 16.6054, 16.4572
34560, 1000, 1076.72, 50, 23.3603, 77.3886, 14.6565, 273.011, 236.27, 41.2344, 120.068, 370.441, -3.82579e-20, 0, 272.667, 16.6054, 16.6054, 16.6054, 272.667, 16.6054, 16.6054, 16.6054, 30.5436, 4.23602, 16.6054, 16.6054, 12.3694, 2.65596, 0.148087, 16.6054, 16.6054, 16.4573
34640, 1000, 1076.49, 50, 23.3552, 77.3821, 37.5447, 273.067, 236.294, 17.5705, 131.559, 370.594, 1.01407e-27, 0, 272.667, 16.6054, 16.6054, 16.6054, 272.667, 16.6054, 16.6054, 16.6054, 32.1169, 4.2367, 16.6054, 16.6054, 12.3687, 1.94073, 0.148027, 16.6054, 16.6054, 16.4574
34720, 1000, 1076.27, 50, 23.3506, 77.3761, 73.5421, 273.117, 236.315, 8.75758, 128.66, 370.733, 2.14729e-32, 0, 272.667, 16.6054, 16.6054, 16.6054, 272.667, 16.6054, 16.6054, 16.6054, 33.1081, 4.23733, 16.6054, 16.6054, 12.3681, 1.49091, 0.147972, 16.6054, 16.6054, 16.4574
34800, 1000, 1076.08, 50, 23.3464, 77.3707, 112.463, 273.164, 236.335, 5.38245, 120.986, 370.859, -6.95884e-35, 0, 272.667, 16.6054, 16.6054, 16.6054, 272.667, 16.6054, 16.6054, 16.6054, 33.7331, 4.2379, 16.6054, 16.6054, 12.3675, 1.20798, 0.147922, 16.6054, 16.6054, 16.4575
34880, 1000, 1075.9, 50, 23.3426, 77.3658, 150.245, 273.206, 236.353, 3.74003, 112.332, 370.974, 1.10797e-40, 0, 272.667, 16.6054, 16.6054, 16.6054, 272.667, 16.6054, 16.6054, 16.6054, 34.1278, 4.23841, 16.6054, 16.6054, 12.367, 1.03, 0.147877, 16.6054, 16.6054, 16.4575
34960, 1000, 1075.74, 50, 23.3392, 77.3613, 185.746, 273.244, 236.369, 2.79416, 103.762, 371.078, 3.50135e-44, 0, 272.667, 16.6054, 16.6054, 16.6054, 272.667, 16.6054, 16.6054, 16.6054, 34.3774, 4.23888, 16.6054, 16.6054, 12.3665, 0.918016, 0.147836, 16.6054, 16.6054, 16.4576
35040, 1000, 1075.6, 50, 23.336, 77.3572, 218.65, 273.278, 236.383, 2.18737, 95.621, 371.173, 1.16509e-46, 0, 272.667, 16.6054, 16.6054, 16.6054, 272.667, 16.6054, 16.6054, 16.6054, 34.5357, 4.23931, 16.6054, 16.6054, 12.3661, 0.847532, 0.147798, 16.6054, 16.6054, 16.4576
35120, 1000, 1075.46, 50, 23.3331, 77.3536, 248.928, 273.31, 236.397, 1.76874, 88.0287, 371.259, 4.72972e-48, 0, 272.667, 16.6054, 16.6054, 16.6054, 272.667, 16.6054, 16.6054, 16.6054, 34.6365, 4.23969, 16.6054, 16.6054, 12.3657, 0.80315, 0.147764, 16.6054, 16.6054, 16.4576
35200, 1000, 1075.34, 50, 23.3306, 77.3502, 276.671, 273.338, 236.409, 1.46457, 81.0146, 371.337, -4.22486e-51, 0, 272.667, 16.6054, 16.6054, 16.6054, 272.667, 16.6054, 16.6054, 16.6054, 34.701, 4.24005, 16.6054, 16.6054, 12.3653, 0.775184, 0.147733, 16.6054, 16.6054, 16.4577
35280, 1000, 1075.23, 50, 23.3282, 77.3471, 302.024, 273.364, 236.42, 1.23492, 74.5704, 371.408, 5.40681e-53, 0, 272.667, 16.6054, 16.6054, 16.6054, 272.667, 16.6054, 16.6054, 16.6054, 34.7426, 4.24037, 16.6054, 16.6054, 12.365, 0.757547, 0.147706, 16.6054, 16.6054, 16.4577
35360, 1000, 1075.14, 50, 23.326, 77.3444, 325.152, 273.388, 236.43, 1.05633, 68.6699, 371.472, -2.37226e-53, 0, 272.667, 16.6054, 16.6054, 16.6054, 272.667, 16.6054, 16.6054, 16.6054, 34.7696, 4.24066, 16.6054, 16.6054, 12.3647, 0.746409, 0.14768, 16.6054, 16.6054, 16.4577
35440, 1000, 1075.05, 50, 23.3241, 77.3419, 346.227, 273.409, 236.439, 0.914175, 63.2792, 371.531, -4.92062e-56, 0, 272.667, 16.6054, 16.6054, 16.6054, 272.667, 16.6054, 16.6054, 16.6054, 34.7875, 4.24092, 16.6054, 16.6054, 12.3645, 0.739362, 0.147657, 16.6054, 16.6054, 16.4577
35520, 1000, 1074.96, 50, 23.3223, 77.3396, 365.415, 273.429, 236.447, 0.798879, 58.3617, 371.584, 6.52739e-56, 0, 272.667, 16.6054, 16.6054, 16.6054, 272.667, 16.6054, 16.6054, 16.6054, 34.7995, 4.24116, 16.6054, 16.6054, 12.3642, 0.734891, 0.147636, 16.6054, 16.6054, 16.4578
35600, 1000, 1074.89, 50, 23.3207, 77.3375, 382.875, 273.446, 236.454, 0.703923, 53.8804, 371.632, -3.79502e-56, 0, 272.667, 16.6054, 16.6054, 16.6054, 272.667, 16.6054, 16.6054, 16.6054, 34.8077, 4.24138, 16.6054, 16.6054, 12.364, 0.732043, 0.147617, 16.6054, 16.6054, 16.4578
35680, 1000, 1074.82, 50, 23.3193, 77.3356, 398.756, 273.463, 236.461, 0.624716, 49.7997, 371.676, -3.18895e-56, 0, 272.667, 16.6054, 16.6054, 16.6054, 272.667, 16.6054, 16.6054, 16.6054, 34.8135, 4.24158, 16.6054, 16.6054, 12.3638, 0.730219, 0.1476, 16.6054, 16.6054, 16.4578
35760, 1000, 1074.76, 50, 23.3179, 77.3339, 413.198, 273.477, 236.467, 0.557936, 46.0856, 371.716, 8.29396e-57, 0, 272.667, 16.6054, 16.6054, 16.6054, 272.667, 16.6054, 16.6054, 16.6054, 34.8178, 4.24176, 16.6054, 16.6054, 12.3636, 0.729043, 0.147584, 16.6054, 16.6054, 16.4578
35840, 1000, 1074.7, 50, 23.3167, 77.3323, 426.329, 273.49, 236.473, 0.501121, 42.7065, 371.752, 3.35233e-57, 0, 272.667, 16.6054, 16.6054, 16.6054, 272.667, 16.6054, 16.6054, 16.6054, 34.8209, 4.24192, 16.6054, 16.6054, 12.3635, 0.728276, 0.14757, 16.6054, 16.6054, 16.4578
35920, 1000, 1074.65, 50, 23.3156, 77.3309, 438.265, 273.502, 236.478, 0.452409, 39.6332, 371.785, -8.76178e-58, 0, 272.667, 16.6054, 16.6054, 16.6054, 272.667, 16.6054, 16.6054, 16.6054, 34.8234, 4.24207, 16.6054, 16.6054, 12.3633, 0.727769, 0.147557, 16.6054, 16.6054, 16.4578
36000, 1000, 1074.61, 0, 23.3146, 77.3296, 449.115, 273.513, 236.483, 0.410365, 36.8384, 371.815, -7.59727e-58, 0, 272.667, 16.6054, 16.6054, 16.6054, 272.667, 16.6054, 16.6054, 16.6054, 34.8254, 4.2422, 16.6054, 16.6054, 12.3632, 0.727427, 0.147545, 16.6054, 16.6054, 16.4578
36080, 1000, 4.06276e-07, 0, 917.937, 429.759, 445.624, 57.6588, 113.258, 0.424627, 37.6573, 13.5564, 499.876, 50, 272.667, 16.6054, 16.6054, 16.6054, 272.667, 16.6054, 16.6054, 16.6054, 22.4219, 0.143469, 16.6054, 16.6054, 16.4619, 6.33329, 3.27721, 16.6054, 16.6054, 13.3282
36160, 1000, 1.83619e-13, 0, 918.207, 429.821, 422.383, 57.648, 113.248, 0.519619, 43.6008, 13.5505, 499.66, 50, 272.667, 16.6054, 16.6054, 16.6054, 272.667, 16.6054, 16.6054, 16.6054, 14.5353, 0.143427, 16.6054, 16.6054, 16.462, 9.97647, 3.27834, 16.6054, 16.6054, 13.327
36240, 1000, 2.52431e-14, 0, 918.452, 429.878, 388.666, 57.6388, 113.24, 0.676869, 52.2534, 13.5452, 499.463, 50, 272.667, 16.6054, 16.6054, 16.6054, 272.667, 16.6054, 16.6054, 16.6054, 9.57634, 0.143389, 16.6054, 16.6054, 16.462, 12.2692, 3.27938, 16.6054, 16.6054, 13.326
36320, 1000, -1.68134e-14, 0, 918.675, 429.93, 350.136, 57.6304, 113.232, 0.893023, 62.1329, 13.5404, 499.284, 50, 272.667, 16.6054, 16.6054, 16.6054, 272.667, 16.6054, 16.6054, 16.6054, 6.45824, 0.143355, 16.6054, 16.6054, 16.462, 13.7125, 3.28032, 16.6054, 16.6054, 13.3251
36400, 1000, -3.58595e-15, 0, 918.878, 429.977, 310.202, 57.6228, 113.225, 1.17294, 72.342, 13.536, 499.122, 50, 272.667, 16.6054, 16.6054, 16.6054, 272.667, 16.6054, 16.6054, 16.6054, 4.49759, 0.143323, 16.6054, 16.6054, 16.4621, 14.6217, 3.28117, 16.6054, 16.6054, 13.3242
36480, 1000, -5.56591e-16, 0, 919.062, 430.02, 270.87, 57.6159, 113.219, 1.52819, 82.3458, 13.532, 498.974, 50, 272.667, 16.6054, 16.6054, 16.6054, 272.667, 16.6054, 16.6054, 16.6054, 3.26472, 0.143295, 16.6054, 16.6054, 16.4621, 15.1948, 3.28195, 16.6054, 16.6054, 13.3234
36560, 1000, -7.26814e-18, 0, 919.229, 430.059, 233.279, 57.6096, 113.214, 1.97788, 91.8305, 13.5284, 498.84, 50, 272.667, 16.6054, 16.6054, 16.6054, 272.667, 16.6054, 16.6054, 16.6054, 2.48944, 0.143269, 16.6054, 16.6054, 16.4621, 15.5565, 3.28266, 16.6054, 16.6054, 13.3227
36640, 1000, -8.36334e-20, 0, 919.381, 430.094, 198.044, 57.6039, 113.209, 2.55154, 100.613, 13.5251, 498.718, 50, 272.667, 16.6054, 16.6054, 16.6054, 272.667, 16.6054, 16.6054, 16.6054, 2.00191, 0.143246, 16.6054, 16.6054, 16.4621, 15.7852, 3.2833, 16.6054, 16.6054, 13.3221
36720, 1000, -6.04448e-21, 0, 919.519, 430.126, 165.469, 57.5987, 113.204, 3.29448, 108.578, 13.5221, 498.607, 50, 272.667, 16.6054, 16.6054, 16.6054, 272.667, 16.6054, 16.6054, 16.6054, 1.69529, 0.143224, 16.6054, 16.6054, 16.4622, 15.9301, 3.28388, 16.6054, 16.6054, 13.3215
36800, 1000, -3.52735e-22, 0, 919.644, 430.156, 135.688, 57.5939, 113.2, 4.27752, 115.64, 13.5194, 498.506, 50, 272.667, 16.6054, 16.6054, 16.6054, 272.667, 16.6054, 16.6054, 16.6054, 1.50244, 0.143205, 16.6054, 16.6054, 16.4622, 16.0222, 3.28441, 16.6054, 16.6054, 13.321
36880, 1000, 1.86525e-21, 0, 919.758, 430.182, 108.763, 57.5896, 113.196, 5.61428, 121.695, 13.5169, 498.414, 50, 272.667, 16.6054, 16.6054, 16.6054, 272.667, 16.6054, 16.6054, 16.6054, 1.38113, 0.143187, 16.6054, 16.6054, 16.4622, 16.081, 3.2849, 16.6054, 16.6054, 13.3205
36960, 1000, -1.00213e-24, 0, 919.861, 430.206, 84.7666, 57.5857, 113.193, 7.49105, 126.589, 13.5146, 498.331, 50, 272.667, 16.6054, 16.6054, 16.6054, 272.667, 16.6054, 16.6054, 16.6054, 1.3048, 0.143171, 16.6054, 16.6054, 16.4622, 16.1188, 3.28533, 16.6054, 16.6054, 13.3201
37040, 1000, 9.28534e-29, 0, 919.955, 430.228, 63.858, 57.5822, 113.19, 10.2125, 130.052, 13.5126, 498.255, 50, 272.667, 16.6054, 16.6054, 16.6054, 272.667, 16.6054, 16.6054, 16.6054, 1.25676, 0.143157, 16.6054, 16.6054, 16.4622, 16.1434, 3.28573, 16.6054, 16.6054, 13.3197
37120, 1000, 4.15991e-30, 0, 920.041, 430.248, 46.3403, 57.579, 113.187, 14.2418, 131.665, 13.5107, 498.186, 50, 272.667, 16.6054, 16.6054, 16.6054, 272.667, 16.6054, 16.6054, 16.6054, 1.22651, 0.143144, 16.6054, 16.6054, 16.4622, 16.1595, 3.2861, 16.6054, 16.6054, 13.3193
37200, 1000, -1.69311e-32, 0, 920.118, 430.266, 32.596, 57.576, 113.184, 20.1232, 130.924, 13.509, 498.124, 50, 272.667, 16.6054, 16.6054, 16.6054, 272.667, 16.6054, 16.6054, 16.6054, 1.20746, 0.143132, 16.6054, 16.6054, 16.4623, 16.1703, 3.28643, 16.6054, 16.6054, 13.319
37280, 1000, -1.16452e-34, 0, 920.189, 430.282, 22.7275, 57.5734, 113.182, 28.1167, 127.611, 13.5075, 498.067, 50, 272.667, 16.6054, 16.6054, 16.6054, 272.667, 16.6054, 16.6054, 16.6054, 1.19544, 0.143121, 16.6054, 16.6054, 16.4623, 16.1777, 3.28673, 16.6054, 16.6054, 13.3187
37360, 1000, 1.96041e-37, 0, 920.253, 430.297, 16.1741, 57.5709, 113.18, 37.8116, 122.175, 13.5061, 498.015, 50, 272.667, 16.6054, 16.6054, 16.6054, 272.667, 16.6054, 16.6054, 16.6054, 1.18785, 0.143111, 16.6054, 16.6054, 16.4623, 16.1828, 3.287, 16.6054, 16.6054, 13.3184
37440, 1000, 6.5269e-39, 0, 920.311, 430.311, 11.951, 57.5687, 113.178, 48.3636, 115.497, 13.5048, 497.968, 50, 272.667, 16.6054, 16.6054, 16.6054, 272.667, 16.6054, 16.6054, 16.6054, 1.18305, 0.143102, 16.6054, 16.6054, 16.4623, 16.1865, 3.28725, 16.6054, 16.6054, 13.3181
37520, 1000, -4.94339e-41, 0, 920.364, 430.323, 9.18484, 57.5667, 113.176, 59.0293, 108.355, 13.5037, 497.926, 50, 272.667, 16.6054, 16.6054, 16.6054, 272.667, 16.6054, 16.6054, 16.6054, 1.18001, 0.143094, 16.6054, 16.6054, 16.4623, 16.1893, 3.28747, 16.6054, 16.6054, 13.3179
37600, 1000, 2.5192e-41, 0, 920.412, 430.334, 7.30281, 57.5649, 113.174, 69.3561, 101.231, 13.5026, 497.887, 50, 272.667, 16.6054, 16.6054, 16.6054, 272.667, 16.6054, 16.6054, 16.6054, 1.17807, 0.143086, 16.6054, 16.6054, 16.4623, 16.1914, 3.28768, 16.6054, 16.6054, 13.3177
37680, 1000, -4.07745e-43, 0, 920.455, 430.344, 5.96847, 57.5633, 113.173, 79.1175, 94.3822, 13.5017, 497.852, 50, 272.667, 16.6054, 16.6054, 16.6054, 272.667, 16.6054, 16.6054, 16.6054, 1.17683, 0.14308, 16.6054, 16.6054, 16.4623, 16.1931, 3.28786, 16.6054, 16.6054, 13.3175
37760, 1000, -6.03169e-45, 0, 920.495, 430.353, 4.98664, 57.5618, 113.172, 88.219, 87.9281, 13.5008, 497.82, 50, 272.667, 16.6054, 16.6054, 16.6054, 272.667, 16.6054, 16.6054, 16.6054, 1.17604, 0.143074, 16.6054, 16.6054, 16.4623, 16.1945, 3.28803, 16.6054, 16.6054, 13.3174
37840, 1000, -1.8316e-44, 0, 920.531, 430.362, 4.24113, 57.5604, 113.17, 96.6363, 81.9175, 13.5, 497.791, 50, 272.667, 16.6054, 16.6054, 16.6054, 272.667, 16.6054, 16.6054, 16.6054, 1.17552, 0.143068, 16.6054, 16.6054, 16.4623, 16.1956, 3.28819, 16.6054, 16.6054, 13.3172
37920, 1000, -3.50929e-46, 0, 920.564, 430.369, 3.66014, 57.5592, 113.169, 104.381, 76.3601, 13.4993, 497.764, 50, 272.667, 16.6054, 16.6054, 16.6054, 272.667, 16.6054, 16.6054, 16.6054, 1.17517, 0.143063, 16.6054, 16.6054, 16.4623, 16.1966, 3.28833, 16.6054, 16.6054, 13.3171
38000, 1000, 4.97468e-48, 0, 920.593, 430.376, 3.19752, 57.558, 113.168, 111.484, 71.2458, 13.4987, 497.74, 50, 272.667, 16.6054, 16.6054, 16.6054, 272.667, 16.6054, 16.6054, 16.6054, 1.17494, 0.143058, 16.6054, 16.6054, 16.4623, 16.1975, 3.28845, 16.6054, 16.6054, 13.3169
38080, 1000, -5.16003e-49, 0, 920.62, 430.383, 2.82252, 57.557, 113.167, 117.983, 66.5542, 13.4981, 497.718, 50, 272.667, 16.6054, 16.6054, 16.6054, 272.667, 16.6054, 16.6054, 16.6054, 1.17478, 0.143054, 16.6054, 16.6054, 16.4623, 16.1983, 3.28857, 16.6054, 16.6054, 13.3168
38160, 1000, -2.54246e-49, 0, 920.645, 430.388, 2.51397, 57.5561, 113.166, 123.92, 62.2596, 13.4976, 497.698, 50, 272.667, 16.6054, 16.6054, 16.6054, 272.667, 16.6054, 16.6054, 16.6054, 1.17467, 0.143051, 16.6054, 16.6054, 16.4623, 16.199, 3.28867, 16.6054, 16.6054, 13.3167
38240, 1000, -2.29103e-48, 0, 920.667, 430.393, 2.25692, 57.5552, 113.166, 129.338, 58.3348, 13.4971, 497.68, 50, 272.667, 16.6054, 16.6054, 16.6054, 272.667, 16.6054, 16.6054, 16.6054, 1.17459, 0.143047, 16.6054, 16.6054, 16.4623, 16.1996, 3.28877, 16.6054, 16.6054, 13.3166
38320, 1000, 7.24859e-50, 0, 920.687, 430.398, 2.04047, 57.5545, 113.165, 134.278, 54.752, 13.4966, 497.664, 50, 272.667, 16.6054, 16.6054, 16.6054, 272.667, 16.6054, 16.6054, 16.6054, 1.17453, 0.143044, 16.6054, 16.6054, 16.4623, 16.2001, 3.28885, 16.6054, 16.6054, 13.3165
38400, 1000, -5.47477e-50, 0, 920.706, 430.402, 1.85655, 57.5538, 113.164, 138.779, 51.4844, 13.4962, 497.649, 50, 272.667, 16.6054, 16.6054, 16.6054, 272.667, 16.6054, 16.6054, 16.6054, 1.17448, 0.143041, 16.6054, 16.6054, 16.4623, 16.2006, 3.28893, 16.6054, 16.6054, 13.3165
38480, 1000, -1.85483e-49, 0, 920.722, 430.406, 1.69906, 57.5531, 113.164, 142.878, 48.5062, 13.4959, 497.635, 50, 272.667, 16.6054, 16.6054, 16.6054, 272.667, 16.6054, 16.6054, 16.6054, 1.17445, 0.143039, 16.6054, 16.6054, 16.4624, 16.2011, 3.28901, 16.6054, 16.6054, 13.3164
38560, 1000, 4.07776e-50, 0, 920.737, 430.41, 1.56328, 57.5525, 113.163, 146.61, 45.7933, 13.4955, 497.623, 50, 272.667, 16.6054, 16.6054, 16.6054, 272.667, 16.6054, 16.6054, 16.6054, 1.17442, 0.143036, 16.6054, 16.6054, 16.4624, 16.2015, 3.28907, 16.6054, 16.6054, 13.3163
38640, 1000, 6.51986e-51, 0, 920.751, 430.413, 1.44555, 57.552, 113.163, 150.006, 43.3231, 13.4952, 497.612, 50, 272.667, 16.6054, 16.6054, 16.6054, 272.667, 16.6054, 16.6054, 16.6054, 1.17439, 0.143034, 16.6054, 16.6054, 16.4624, 16.2019, 3.28913, 16.6054, 16.6054, 13.3163
38720, 1000, -1.34181e-54, 0, 920.764, 430.416, 1.34293, 57.5515, 113.162, 153.097, 41.0746, 13.4949, 497.602, 50, 272.667, 16.6054, 16.6054, 16.6054, 272.667, 16.6054, 16.6054, 16.6054, 1.17437, 0.143032, 16.6054, 16.6054, 16.4624, 16.2022, 3.28918, 16.6054, 16.6054, 13.3162
38800, 1000, -1.98581e-51, 0, 920.775, 430.419, 1.25309, 57.5511, 113.162, 155.908, 39.0285, 13.4947, 497.592, 50, 272.667, 16.6054, 16.6054, 16.6054, 272.667, 16.6054, 16.6054, 16.6054, 1.17435, 0.14303, 16.6054, 16.6054, 16.4624, 16.2025, 3.28923, 16.6054, 16.6054, 13.3162
38880, 1000, 1.51943e-51, 0, 920.786, 430.421, 1.17414, 57.5507, 113.162, 158.465, 37.1671, 13.4945, 497.584, 50, 272.667, 16.6054, 16.6054, 16.6054, 272.667, 16.6054, 16.6054, 16.6054, 1.17433, 0.143029, 16.6054, 16.6054, 16.4624, 16.2028, 3.28928, 16.6054, 16.6054, 13.3161
38960, 1000, 2.79529e-53, 0, 920.795, 430.423, 1.1045, 57.5504, 113.161, 160.79, 35.4738, 13.4943, 497.576, 50, 272.667, 16.6054, 16.6054, 16.6054, 272.667, 16.6054, 16.6054, 16.6054, 1.17431, 0.143027, 16.6054, 16.6054, 16.4624, 16.203, 3.28932, 16.6054, 16.6054, 13.3161
39040, 1000, 5.75546e-54, 0, 920.803, 430.425, 1.0429, 57.55, 113.161, 162.904, 33.9339, 13.4941, 497.569, 50, 272.667, 16.6054, 16.6054, 16.6054, 272.667, 16.6054, 16.6054, 16.6054, 1.1743, 0.143026, 16.6054, 16.6054, 16.4624, 16.2032, 3.28935, 16.6054, 16.6054, 13.316
39120, 1000, 1.11746e-55, 0, 920.811, 430.427, 0.988262, 57.5497, 113.161, 164.827, 32.5336, 13.4939, 497.563, 50, 272.667, 16.6054, 16.6054, 16.6054, 272.667, 16.6054, 16.6054, 16.6054, 1.17429, 0.143025, 16.6054, 16.6054, 16.4624, 16.2035, 3.28939, 16.6054, 16.6054, 13.316
39200, 1000, 3.47009e-56, 0, 920.818, 430.429, 0.939676, 57.5495, 113.161, 166.574, 31.2605, 13.4937, 497.557, 50, 272.667, 16.6054, 16.6054, 16.6054, 272.667, 16.6054, 16.6054, 16.6054, 1.17427, 0.143024, 16.6054, 16.6054, 16.4624, 16.2036, 3.28942, 16.6054, 16.6054, 13.316
39280, 1000, 2.01419e-56, 0, 920.825, 430.43, 0.896381, 57.5492, 113.16, 168.163, 30.103, 13.4936, 497.552, 50, 272.667, 16.6054, 16.6054, 16.6054, 272.667, 16.6054, 16.6054, 16.6054, 1.17426, 0.143023, 16.6054, 16.6054, 16.4624, 16.2038, 3.28944, 16.6054, 16.6054, 13.3159
39360, 1000, -1.70132e-56, 0, 920.83, 430.431, 0.857728, 57.549, 113.16, 169.607, 29.0507, 13.4935, 497.547, 50, 272.667, 16.6054, 16.6054, 16.6054, 272.667, 16.6054, 16.6054, 16.6054, 1.17426, 0.143022, 16.6054, 16.6054, 16.4624, 16.204, 3.28947, 16.6054, 16.6054, 13.3159
39440, 1000, -5.15721e-56, 0, 920.836, 430.433, 0.823159, 57.5488, 113.16, 170.92, 28.0942, 13.4934, 497.543, 50, 272.667, 16.6054, 16.6054, 16.6054, 272.667, 16.6054, 16.6054, 16.6054, 1.17425, 0.143021, 16.6054, 16.6054, 16.4624, 16.2041, 3.28949, 16.6054, 16.6054, 13.3159
39520, 1000, 1.27696e-56, 0, 920.84, 430.434, 0.792196, 57.5486, 113.16, 172.113, 27.2249, 13.4933, 497.539, 50, 272.667, 16.6054, 16.6054, 16.6054, 272.667, 16.6054, 16.6054, 16.6054, 1.17424, 0.14302, 16.6054, 16.6054, 16.4624, 16.2042, 3.28951, 16.6054, 16.6054, 13.3159
39600, 1000, -7.72557e-57, 0, 920.845, 430.435, 0.764424, 57.5484, 113.16, 173.198, 26.4347, 13.4932, 497.536, 50, 272.667, 16.6054, 16.6054, 16.6054, 272.667, 16.6054, 16.6054, 16.6054, 1.17423, 0.14302, 16.6054, 16.6054, 16.4624, 16.2044, 3.28953, 16.6054, 16.6054, 13.3159
39680, 1000, -3.87788e-58, 0, 920.849, 430.436, 0.739484, 57.5483, 113.16, 174.183, 25.7166, 13.4931, 497.532, 50, 272.667, 16.6054, 16.6054, 16.6054, 272.667, 16.6054, 16.6054, 16.6054, 1.17423, 0.143019, 16.6054, 16.6054, 16.4624, 16.2045, 3.28955, 16.6054, 16.6054, 13.3158
39760, 1000, -8.77898e-57, 0, 920.852, 430.436, 0.717061, 57.5482, 113.159, 175.079, 25.0639, 13.493, 497.529, 50, 272.667, 16.6054, 16.6054, 16.6054, 272.667, 16.6054, 16.6054, 16.6054, 1.17422, 0.143019, 16.6054, 16.6054, 16.4624, 16.2046, 3.28956, 16.6054, 16.6054, 13.3158
39840, 1000, 4.19414e-56, 0, 920.856, 430.437, 0.696883, 57.548, 113.159, 175.893, 24.4708, 13.4929, 497.527, 50, 272.667, 16.6054, 16.6054, 16.6054, 272.667, 16.6054, 16.6054, 16.6054, 1.17421, 0.143018, 16.6054, 16.6054, 16.4624, 16.2046, 3.28958, 16.6054, 16.6054, 13.3158
39920, 1000, 1.99096e-57, 0, 920.859, 430.438, 0.678706, 57.5479, 113.159, 176.633, 23.9318, 13.4929, 497.524, 50, 272.667, 16.6054, 16.6054, 16.6054, 272.667, 16.6054, 16.6054, 16.6054, 1.17421, 0.143018, 16.6054, 16.6054, 16.4624, 16.2047, 3.28959, 16.6054, 16.6054, 13.3158
40000, 1000, -3.54995e-58, 0, 920.861, 430.439, 0.662321, 57.5478, 113.159, 177.306, 23.442, 13.4928, 497.522, 50, 272.667, 16.6054, 16.6054, 16.6054, 272.667, 16.6054, 16.6054, 16.6054, 1.17421, 0.143017, 16.6054, 16.6054, 16.4624, 16.2048, 3.2896, 16.6054, 16.6054, 13.3158
40080, 1000, -5.25847e-59, 0, 920.864, 430.439, 0.647539, 57.5477, 113.159, 177.917, 22.997, 13.4927, 497.52, 50, 272.667, 16.6054, 16.6054, 16.6054, 272.667, 16.6054, 16.6054, 16.6054, 1.1742, 0.143017, 16.6054, 16.6054, 16.4624, 16.2049, 3.28961, 16.6054, 16.6054, 13.3158
40160, 1000, 7.2485e-60, 0, 920.866, 430.44, 0.634196, 57.5476, 113.159, 178.472, 22.5926, 13.4927, 497.518, 50, 272.667, 16.6054, 16.6054, 16.6054, 272.667, 16.6054, 16.6054, 16.6054, 1.1742, 0.143016, 16.6054, 16.6054, 16.4624, 16.2049, 3.28962, 16.6054, 16.6054, 13.3158
40240, 1000, -4.4425e-60, 0, 920.868, 430.44, 0.622142, 57.5475, 113.159, 178.976, 22.2252, 13.4926, 497.517, 50, 272.667, 16.6054, 16.6054, 16.6054, 272.667, 16.6054, 16.6054, 16.6054, 1.17419, 0.143016, 16.6054, 16.6054, 16.4624, 16.205, 3.28963, 16.6054, 16.6054, 13.3158
40320, 1000, 2.14563e-58, 0, 920.87, 430.441, 0.611249, 57.5475, 113.159, 179.435, 21.8913, 13.4926, 497.515, 50, 272.667, 16.6054, 16.6054, 16.6054, 272.667, 16.6054, 16.6054, 16.6054, 1.17419, 0.143016, 16.6054, 16.6054, 16.4624, 16.205, 3.28964, 16.6054, 16.6054, 13.3157
40400, 1000, -4.62041e-59, 0, 920.872, 430.441, 0.601398, 57.5474, 113.159, 179.851, 21.5879, 13.4926, 497.514, 50, 272.667, 16.6054, 16.6054, 16.6054, 272.667, 16.6054, 16.6054, 16.6054, 1.17419, 0.143016, 16.6054, 16.6054, 16.4624, 16.2051, 3.28965, 16.6054, 16.6054, 13.3157
40480, 1000, -1.09222e-58, 0, 920.873, 430.441, 0.592487, 57.5474, 113.159, 180.23, 21.3122, 13.4925, 497.512, 50, 272.667, 16.6054, 16.6054, 16.6054, 272.667, 16.6054, 16.6054, 16.6054, 1.17419, 0.143015, 16.6054, 16.6054, 16.4624, 16.2051, 3.28965, 16.6054, 16.6054, 13.3157
40560, 1000, 2.97208e-58, 0, 920.874, 430.442, 0.584425, 57.5473, 113.159, 180.574, 21.0618, 13.4925, 497.511, 50, 272.667, 16.6054, 16.6054, 16.6054, 272.667, 16.6054, 16.6054, 16.6054, 1.17418, 0.143015, 16.6054, 16.6054, 16.4624, 16.2051, 3.28966, 16.6054, 16.6054, 13.3157
40640, 1000, -4.893e-58, 0, 920.876, 430.442, 0.577124, 57.5473, 113.159, 180.887, 20.8342, 13.4925, 497.51, 50, 272.667, 16.6054, 16.6054, 16.6054, 272.667, 16.6054, 16.6054, 16.6054, 1.17418, 0.143015, 16.6054, 16.6054, 16.4624, 16.2052, 3.28967, 16.6054, 16.6054, 13.3157
40720, 1000, 2.57927e-59, 0, 920.877, 430.442, 0.570514, 57.5472, 113.159, 181.171, 20.6275, 13.4925, 497.509, 50, 272.667, 16.6054, 16.6054, 16.6054, 272.667, 16.6054, 16.6054, 16.6054, 1.17418, 0.143015, 16.6054, 16.6054, 16.4624, 16.2052, 3.28967, 16.6054, 16.6054, 13.3157
40800, 1000, 8.24595e-61, 0, 920.878, 430.442, 0.564525, 57.5472, 113.159, 181.429, 20.4396, 13.4924, 497.509, 50, 272.667, 16.6054, 16.6054, 16.6054, 272.667, 16.6054, 16.6054, 16.6054, 1.17418, 0.143015, 16.6054, 16.6054, 16.4624, 16.2052, 3.28968, 16.6054, 16.6054, 13.3157
40880, 1000, -1.99165e-62, 0, 920.879, 430.443, 0.559099, 57.5471, 113.159, 181.663, 20.269, 13.4924, 497.508, 50, 272.667, 16.6054, 16.6054, 16.6054, 272.667, 16.6054, 16.6054, 16.6054, 1.17418, 0.143014, 16.6054, 16.6054, 16.4624, 16.2053, 3.28968, 16.6054, 16.6054, 13.3157
40960, 1000, 9.88152e-63, 0, 920.88, 430.443, 0.554181, 57.5471, 113.159, 181.876, 20.1139, 13.4924, 497.507, 50, 272.667, 16.6054, 16.6054, 16.6054, 272.667, 16.6054, 16.6054, 16.6054, 1.17418, 0.143014, 16.6054, 16.6054, 16.4624, 16.2053, 3.28968, 16.6054, 16.6054, 13.3157
41040, 1000, -1.00361e-63, 0, 920.88, 430.443, 0.549723, 57.5471, 113.159, 182.07, 19.973, 13.4924, 497.506, 50, 272.667, 16.6054, 16.6054, 16.6054, 272.667, 16.6054, 16.6054, 16.6054, 1.17418, 0.143014, 16.6054, 16.6054, 16.4624, 16.2053, 3.28969, 16.6054, 16.6054, 13.3157
41120, 1000, 1.17441e-62, 0, 920.881, 430.443, 0.545682, 57.547, 113.159, 182.246, 19.845, 13.4924, 497.506, 50, 272.667, 16.6054, 16.6054, 16.6054, 272.667, 16.6054, 16.6054, 16.6054, 1.17417, 0.143014, 16.6054, 16.6054, 16.4624, 16.2053, 3.28969, 16.6054, 16.6054, 13.3157
41200, 1000, 2.07155e-62, 0, 920.882, 430.443, 0.542016, 57.547, 113.158, 182.406, 19.7288, 13.4923, 497.505, 50, 272.667, 16.6054, 16.6054, 16.6054, 272.667, 16.6054, 16.6054, 16.6054, 1.17417, 0.143014, 16.6054, 16.6054, 16.4624, 16.2053, 3.28969, 16.6054, 16.6054, 13.3157
41280, 1000, 4.26131e-63, 0, 920.882, 430.443, 0.538691, 57.547, 113.158, 182.551, 19.6231, 13.4923, 497.505, 50, 272.667, 16.6054, 16.6054, 16.6054, 272.667, 16.6054, 16.6054, 16.6054, 1.17417, 0.143014, 16.6054, 16.6054, 16.4624, 16.2054, 3.28969, 16.6054, 16.6054, 13.3157
41360, 1000, -5.85417e-64, 0, 920.883, 430.444, 0.535674, 57.547, 113.158, 182.683, 19.5271, 13.4923, 497.504, 50, 272.667, 16.6054, 16.6054, 16.6054, 272.667, 16.6054, 16.6054, 16.6054, 1.17417, 0.143014, 16.6054, 16.6054, 16.4624, 16.2054, 3.2897, 16.6054, 16.6054, 13.3157
41440, 1000, -7.80356e-65, 0, 920.883, 430.444, 0.532938, 57.547, 113.158, 182.803, 19.4399, 13.4923, 497.504, 50, 272.667, 16.6054, 16.6054, 16.6054, 272.667, 16.6054, 16.6054, 16.6054, 1.17417, 0.143014, 16.6054, 16.6054, 16.4624, 16.2054, 3.2897, 16.6054, 16.6054, 13.3157
41520, 1000, 8.12962e-65, 0, 920.884, 430.444, 0.530454, 57.5469, 113.158, 182.912, 19.3607, 13.4923, 497.504, 50, 272.667, 16.6054, 16.6054, 16.6054, 272.667, 16.6054, 16.6054, 16.6054, 1.17417, 0.143014, 16.6054, 16.6054, 16.4624, 16.2054, 3.2897, 16.6054, 16.6054, 13.3157
41600, 1000, 9.98707e-65, 0, 920.884, 430.444, 0.528201, 57.5469, 113.158, 183.011, 19.2887, 13.4923, 497.503, 50, 272.667, 16.6054, 16.6054, 16.6054, 272.667, 16.6054, 16.6054, 16.6054, 1.17417, 0.143014, 16.6054, 16.6054, 16.4624, 16.2054, 3.2897, 16.6054, 16.6054, 13.3157
41680, 1000, -9.9622e-65, 0, 920.885, 430.444, 0.526156, 57.5469, 113.158, 183.101, 19.2233, 13.4923, 497.503, 50, 272.667, 16.6054, 16.6054, 16.6054, 272.667, 16.6054, 16.6054, 16.6054, 1.17417, 0.143014, 16.6054, 16.6054, 16.4624, 16.2054, 3.2897, 16.6054, 16.6054, 13.3157
41760, 1000, -8.15842e-66, 0, 920.885, 430.444, 0.5243, 57.5469, 113.158, 183.182, 19.1639, 13.4923, 497.503, 50, 272.667, 16.6054, 16.6054, 16.6054, 272.667, 16.6054, 16.6054, 16.6054, 1.17417, 0.143014, 16.6054, 16.6054, 16.4624, 16.2054, 3.28971, 16.6054, 16.6054, 13.3157
41840, 1000, 2.5046e-65, 0, 920.885, 430.444, 0.522615, 57.5469, 113.158, 183.257, 19.1099, 13.4923, 497.503, 50, 272.667, 16.6054, 16.6054, 16.6054, 272.667, 16.6054, 16.6054, 16.6054, 1.17417, 0.143014, 16.6054, 16.6054, 16.4624, 16.2054, 3.28971, 16.6054, 16.6054, 13.3157
41920, 1000, 4.2715e-65, 0, 920.885, 430.444, 0.521085, 57.5469, 113.158, 183.324, 19.0609, 13.4923, 497.502, 50, 272.667, 16.6054, 16.6054, 16.6054, 272.667, 16.6054, 16.6054, 16.6054, 1.17417, 0.143013, 16.6054, 16.6054, 16.4624, 16.2054, 3.28971, 16.6054, 16.6054, 13.3157
42000, 1000, 1.54632e-64, 0, 920.886, 430.444, 0.519697, 57.5469, 113.158, 183.385, 19.0164, 13.4923, 497.502, 50, 272.667, 16.6054, 16.6054, 16.6054, 272.667, 16.6054, 16.6054, 16.6054, 1.17417, 0.143013, 16.6054, 16.6054, 16.4624, 16.2055, 3.28971, 16.6054, 16.6054, 13.3157
42080, 1000, 2.18307e-64, 0, 920.886, 430.444, 0.518436, 57.5469, 113.158, 183.441, 18.9759, 13.4923, 497.502, 50, 272.667, 16.6054, 16.6054, 16.6054, 272.667, 16.6054, 16.6054, 16.6054, 1.17417, 0.143013, 16.6054, 16.6054, 16.4624, 16.2055, 3.28971, 16.6054, 16.6054, 13.3157
42160, 1000, 2.15113e-64, 0, 920.886, 430.444, 0.517291, 57.5469, 113.158, 183.492, 18.9391, 13.4922, 497.502, 50, 272.667, 16.6054, 16.6054, 16.6054, 272.667, 16.6054, 16.6054, 16.6054, 1.17417, 0.143013, 16.6054, 16.6054, 16.4624, 16.2055, 3.28971, 16.6054, 16.6054, 13.3157
42240, 1000, 1.65557e-64, 0, 920.886, 430.444, 0.516252, 57.5468, 113.158, 183.538, 18.9057, 13.4922, 497.502, 50, 272.667, 16.6054, 16.6054, 16.6054, 272.667, 16.6054, 16.6054, 16.6054, 1.17417, 0.143013, 16.6054, 16.6054, 16.4624, 16.2055, 3.28971, 16.6054, 16.6054, 13.3157
42320, 1000, 5.65915e-65, 0, 920.886, 430.444, 0.515308, 57.5468, 113.158, 183.579, 18.8754, 13.4922, 497.501, 50, 272.667, 16.6054, 16.6054, 16.6054, 272.667, 16.6054, 16.6054, 16.6054, 1.17417, 0.143013, 16.6054, 16.6054, 16.4624, 16.2055, 3.28971, 16.6054, 16.6054, 13.3157
42400, 1000, -5.14272e-66, 0, 920.887, 430.444, 0.51445, 57.5468, 113.158, 183.617, 18.8478, 13.4922, 497.501, 50, 272.667, 16.6054, 16.6054, 16.6054, 272.667, 16.6054, 16.6054, 16.6054, 1.17417, 0.143013, 16.6054, 16.6054, 16.4624, 16.2055, 3.28971, 16.6054, 16.6054, 13.3157
42480, 1000, -4.19277e-65, 0, 920.887, 430.444, 0.513672, 57.5468, 113.158, 183.652, 18.8228, 13.4922, 497.501, 50, 272.667, 16.6054, 16.6054, 16.6054, 272.667, 16.6054, 16.6054, 16.6054, 1.17417, 0.143013, 16.6054, 16.6054, 16.4624, 16.2055, 3.28971, 16.6054, 16.6054, 13.3157
42560, 1000, -1.74513e-65, 0, 920.887, 430.444, 0.512965, 57.5468, 113.158, 183.683, 18.8, 13.4922, 497.501, 50, 272.667, 16.6054, 16.6054, 16.6054, 272.667, 16.6054, 16.6054, 16.6054, 1.17416, 0.143013, 16.6054, 16.6054, 16.4624, 16.2055, 3.28971, 16.6054, 16.6054, 13.3157
42640, 1000, -1.20522e-66, 0, 920.887, 430.444, 0.512323, 57.5468, 113.158, 183.712, 18.7794, 13.4922, 497.501, 50, 272.667, 16.6054, 16.6054, 16.6054, 272.667, 16.6054, 16.6054, 16.6054, 1.17416, 0.143013, 16.6054, 16.6054, 16.4624, 16.2055, 3.28972, 16.6054, 16.6054, 13.3157
42720, 1000, 1.29116e-67, 0, 920.887, 430.445, 0.51174, 57.5468, 113.158, 183.738, 18.7606, 13.4922, 497.501, 50, 272.667, 16.6054, 16.6054, 16.6054, 272.667, 16.6054, 16.6054, 16.6054, 1.17416, 0.143013, 16.6054, 16.6054, 16.4624, 16.2055, 3.28972, 16.6054, 16.6054, 13.3157
42800, 1000, -1.07885e-67, 0, 920.887, 430.445, 0.51121, 57.5468, 113.158, 183.761, 18.7435, 13.4922, 497.501, 50, 272.667, 16.6054, 16.6054, 16.6054, 272.667, 16.6054, 16.6054, 16.6054, 1.17416, 0.143013, 16.6054, 16.6054, 16.4624, 16.2055, 3.28972, 16.6054, 16.6054, 13.3157
42880, 1000, -4.08038e-68, 0, 920.887, 430.445, 0.510729, 57.5468, 113.158, 183.782, 18.728, 13.4922, 497.501, 50, 272.667, 16.6054, 16.6054, 16.6054, 272.667, 16.6054, 16.6054, 16.6054, 1.17416, 0.143013, 16.6054, 16.6054, 16.4624, 16.2055, 3.28972, 16.6054, 16.6054, 13.3157
42960, 1000, 7.8239e-70, 0, 920.887, 430.445, 0.510292, 57.5468, 113.158, 183.802, 18.714, 13.4922, 497.501, 50, 272.667, 16.6054, 16.6054, 16.6054, 272.667, 16.6054, 16.6054, 16.6054, 1.17416, 0.143013, 16.6054, 16.6054, 16.4624, 16.2055, 3.28972, 16.6054, 16.6054, 13.3157
43040, 1000, 1.26827e-71, 0, 920.887, 430.445, 0.509895, 57.5468, 113.158, 183.82, 18.7012, 13.4922, 497.501, 50, 272.667, 16.6054, 16.6054, 16.6054, 272.667, 16.6054, 16.6054, 16.6054, 1.17416, 0.143013, 16.6054, 16.6054, 16.4624, 16.2055, 3.28972, 16.6054, 16.6054, 13.3157
43120, 1000, -2.46155e-70, 0, 920.887, 430.445, 0.509535, 57.5468, 113.158, 183.836, 18.6895, 13.4922, 497.501, 50, 272.667, 16.6054, 16.6054, 16.6054, 272.667, 16.6054, 16.6054, 16.6054, 1.17416, 0.143013, 16.6054, 16.6054, 16.4624, 16.2055, 3.28972, 16.6054, 16.6054, 13.3157
43200, 1000, -5.27651e-71, 0, 920.888, 430.445, 0.509208, 57.5468, 113.158, 183.85, 18.679, 13.4922, 497.501, 0, 272.667, 16.6054, 16.6054, 16.6054, 272.667, 16.6054, 16.6054, 16.6054, 1.17416, 0.143013, 16.6054, 16.6054, 16.4624, 16.2055, 3.28972, 16.6054, 16.6054, 13.3157
43280, 1000, 1077.75, 50, 23.3824, 77.4172, 0.830278, 272.766, 236.167, 171.09, 27.9085, 369.775, 1.88092e-07, 0, 272.667, 16.6054, 16.6054, 16.6054, 272.667, 16.6054, 16.6054, 16.6054, 13.328, 4.23303, 16.6054, 16.6054, 12.3724, 10.5013, 0.148352, 16.6054, 16.6054, 16.457
43360, 1000, 1077.42, 50, 23.3753, 77.4081, 1.83455, 272.845, 236.2, 139.965, 50.5651, 369.988, 5.43742e-14, 0, 272.667, 16.6054, 16.6054, 16.6054, 272.667, 16.6054, 16.6054, 16.6054, 21.2837, 4.23398, 16.6054, 16.6054, 12.3714, 6.87405, 0.148267, 16.6054, 16.6054, 16.4571
43440, 1000, 1077.12, 50, 23.3689, 77.3997, 4.00492, 272.916, 236.23, 100.204, 79.325, 370.183, -1.33668e-14, 0, 272.667, 16.6054, 16.6054, 16.6054, 272.667, 16.6054, 16.6054, 16.6054, 26.2887, 4.23486, 16.6054, 16.6054, 12.3705, 4.59322, 0.14819, 16.6054, 16.6054, 16.4572
43520, 1000, 1076.85, 50, 23.363, 77.3922, 9.19961, 272.981, 236.257, 59.2885, 108.166, 370.359, -3.84321e-18, 0, 272.667, 16.6054, 16.6054, 16.6054, 272.667, 16.6054, 16.6054, 16.6054, 29.4382, 4.23565, 16.6054, 16.6054, 12.3697, 3.15898, 0.14812, 16.6054, 16.6054, 16.4573
43600, 1000, 1076.6, 50, 23.3577, 77.3853, 23.8457, 273.039, 236.282, 27.0008, 128.176, 370.52, -1.34624e-24, 0, 272.667, 16.6054, 16.6054, 16.6054, 272.667, 16.6054, 16.6054, 16.6054, 31.4208, 4.23637, 16.6054, 16.6054, 12.369, 2.25706, 0.148056, 16.6054, 16.6054, 16.4573
43680, 1000, 1076.38, 50, 23.3529, 77.379, 54.6753, 273.093, 236.305, 12.0176, 131.183, 370.665, 6.29386e-27, 0, 272.667, 16.6054, 16.6054, 16.6054, 272.667, 16.6054, 16.6054, 16.6054, 32.6694, 4.23702, 16.6054, 16.6054, 12.3684, 1.68986, 0.147999, 16.6054, 16.6054, 16.4574
43760, 1000, 1076.17, 50, 23.3485, 77.3734, 93.006, 273.141, 236.325, 6.72959, 125.073, 370.798, 3.8105e-29, 0, 272.667, 16.6054, 16.6054, 16.6054, 272.667, 16.6054, 16.6054, 16.6054, 33.4564, 4.23762, 16.6054, 16.6054, 12.3678, 1.33312, 0.147946, 16.6054, 16.6054, 16.4574
43840, 1000, 1075.99, 50, 23.3445, 77.3682, 131.598, 273.185, 236.344, 4.43585, 116.687, 370.918, 1.03269e-30, 0, 272.667, 16.6054, 16.6054, 16.6054, 272.667, 16.6054, 16.6054, 16.6054, 33.953, 4.23816, 16.6054, 16.6054, 12.3672, 1.10873, 0.147899, 16.6054, 16.6054, 16.4575
43920, 1000, 1075.82, 50, 23.3408, 77.3635, 168.311, 273.225, 236.361, 3.20987, 108.007, 371.027, 2.06461e-31, 0, 272.667, 16.6054, 16.6054, 16.6054, 272.667, 16.6054, 16.6054, 16.6054, 34.2668, 4.23865, 16.6054, 16.6054, 12.3667, 0.967555, 0.147856, 16.6054, 16.6054, 16.4575
44000, 1000, 1075.67, 50, 23.3375, 77.3592, 202.529, 273.261, 236.376, 2.46046, 99.6272, 371.126, 2.05354e-35, 0, 272.667, 16.6054, 16.6054, 16.6054, 272.667, 16.6054, 16.6054, 16.6054, 34.4655, 4.2391, 16.6054, 16.6054, 12.3663, 0.878715, 0.147816, 16.6054, 16.6054, 16.4576
44080, 1000, 1075.53, 50, 23.3345, 77.3554, 234.113, 273.294, 236.39, 1.96024, 91.7532, 371.217, 1.1967e-37, 0, 272.667, 16.6054, 16.6054, 16.6054, 272.667, 16.6054, 16.6054, 16.6054, 34.5918, 4.2395, 16.6054, 16.6054, 12.3659, 0.822788, 0.147781, 16.6054, 16.6054, 16.4576
44160, 1000, 1075.4, 50, 23.3318, 77.3518, 263.108, 273.324, 236.403, 1.60536, 84.4493, 371.299, -6.78577e-40, 0, 272.667, 16.6054, 16.6054, 16.6054, 272.667, 16.6054, 16.6054, 16.6054, 34.6723, 4.23987, 16.6054, 16.6054, 12.3655, 0.787561, 0.147749, 16.6054, 16.6054, 16.4576
44240, 1000, 1075.29, 50, 23.3293, 77.3486, 289.636, 273.352, 236.414, 1.34217, 77.7227, 371.373, -3.33585e-41, 0, 272.667, 16.6054, 16.6054, 16.6054, 272.667, 16.6054, 16.6054, 16.6054, 34.724, 4.24021, 16.6054, 16.6054, 12.3652, 0.765356, 0.147719, 16.6054, 16.6054, 16.4577
44320, 1000, 1075.18, 50, 23.3271, 77.3457, 313.856, 273.376, 236.425, 1.14031, 71.5542, 371.441, -1.30768e-46, 0, 272.667, 16.6054, 16.6054, 16.6054, 272.667, 16.6054, 16.6054, 16.6054, 34.7575, 4.24051, 16.6054, 16.6054, 12.3649, 0.751343, 0.147693, 16.6054, 16.6054, 16.4577
44400, 1000, 1075.09, 50, 23.325, 77.3431, 335.936, 273.399, 236.434, 0.981386, 65.9131, 371.502, 2.4398e-47, 0, 272.667, 16.6054, 16.6054, 16.6054, 272.667, 16.6054, 16.6054, 16.6054, 34.7795, 4.24079, 16.6054, 16.6054, 12.3646, 0.742486, 0.147668, 16.6054, 16.6054, 16.4577
44480, 1000, 1075, 50, 23.3232, 77.3407, 356.047, 273.419, 236.443, 0.853633, 60.7637, 371.558, 2.49926e-48, 0, 272.667, 16.6054, 16.6054, 16.6054, 272.667, 16.6054, 16.6054, 16.6054, 34.7941, 4.24104, 16.6054, 16.6054, 12.3643, 0.736874, 0.147646, 16.6054, 16.6054, 16.4577
44560, 1000, 1074.93, 50, 23.3215, 77.3385, 374.351, 273.438, 236.451, 0.749181, 56.0688, 371.609, 1.03679e-48, 0, 272.667, 16.6054, 16.6054, 16.6054, 272.667, 16.6054, 16.6054, 16.6054, 34.804, 4.24127, 16.6054, 16.6054, 12.3641, 0.733308, 0.147626, 16.6054, 16.6054, 16.4578
44640, 1000, 1074.85, 50, 23.32, 77.3365, 391.004, 273.455, 236.458, 0.662583, 51.7921, 371.655, -6.27146e-51, 0, 272.667, 16.6054, 16.6054, 16.6054, 272.667, 16.6054, 16.6054, 16.6054, 34.8109, 4.24148, 16.6054, 16.6054, 12.3639, 0.731031, 0.147608, 16.6054, 16.6054, 16.4578
44720, 1000, 1074.79, 50, 23.3186, 77.3347, 406.149, 273.47, 236.464, 0.589943, 47.8988, 371.697, 2.305e-52, 0, 272.667, 16.6054, 16.6054, 16.6054, 272.667, 16.6054, 16.6054, 16.6054, 34.8158, 4.24167, 16.6054, 16.6054, 12.3637, 0.729568, 0.147592, 16.6054, 16.6054, 16.4578
44800, 1000, 1074.73, 50, 23.3173, 77.3331, 419.92, 273.484, 236.47, 0.528411, 44.3561, 371.735, -5.26742e-53, 0, 272.667, 16.6054, 16.6054, 16.6054, 272.667, 16.6054, 16.6054, 16.6054, 34.8195, 4.24184, 16.6054, 16.6054, 12.3635, 0.728619, 0.147577, 16.6054, 16.6054, 16.4578
44880, 1000, 1074.68, 50, 23.3162, 77.3316, 432.439, 273.497, 236.476, 0.47585, 41.1334, 371.769, -1.33641e-54, 0, 272.667, 16.6054, 16.6054, 16.6054, 272.667, 16.6054, 16.6054, 16.6054, 34.8222, 4.242, 16.6054, 16.6054, 12.3634, 0.727997, 0.147563, 16.6054, 16.6054, 16.4578
44960, 1000, 1074.63, 50, 23.3151, 77.3302, 443.82, 273.508, 236.48, 0.43063, 38.2026, 371.8, -1.19379e-55, 0, 272.667, 16.6054, 16.6054, 16.6054, 272.667, 16.6054, 16.6054, 16.6054, 34.8245, 4.24214, 16.6054, 16.6054, 12.3633, 0.727582, 0.147551, 16.6054, 16.6054, 16.4578
45040, 1000, 0.0208946, 0, 917.773, 429.72, 450.609, 57.8811, 113.542, 0.405217, 36.4071, 13.5573, 499.817, 50, 272.667, 16.6054, 16.6054, 16.6054, 272.667, 16.6054, 16.6054, 16.6054, 27.9691, 0.143494, 16.6054, 16.6054, 16.4619, 3.77182, 3.2771, 16.6054, 16.6054, 13.3283
45120, 1000, 8.19878e-12, 0, 918.075, 429.791, 435.788, 57.653, 113.252, 0.463688, 40.1665, 13.5534, 499.766, 50, 272.667, 16.6054, 16.6054, 16.6054, 272.667, 16.6054, 16.6054, 16.6054, 18.0232, 0.143448, 16.6054, 16.6054, 16.4619, 8.36492, 3.27779, 16.6054, 16.6054, 13.3276
45200, 1000, -7.41719e-14, 0, 918.332, 429.851, 406.415, 57.6433, 113.244, 0.590905, 47.6982, 13.5478, 499.559, 50, 272.667, 16.6054, 16.6054, 16.6054, 272.667, 16.6054, 16.6054, 16.6054, 11.7695, 0.143408, 16.6054, 16.6054, 16.462, 11.2549, 3.27887, 16.6054, 16.6054, 13.3265
45280, 1000, 5.06373e-15, 0, 918.566, 429.905, 369.749, 57.6345, 113.236, 0.777439, 57.1065, 13.5427, 499.372, 50, 272.667, 16.6054, 16.6054, 16.6054, 272.667, 16.6054, 16.6054, 16.6054, 7.83724, 0.143371, 16.6054, 16.6054, 16.462, 13.0739, 3.27986, 16.6054, 16.6054, 13.3255
45360, 1000, 9.15567e-16, 0, 918.779, 429.954, 330.194, 57.6265, 113.229, 1.02445, 67.2362, 13.5381, 499.201, 50, 272.667, 16.6054, 16.6054, 16.6054, 272.667, 16.6054, 16.6054, 16.6054, 5.36471, 0.143339, 16.6054, 16.6054, 16.4621, 14.2193, 3.28075, 16.6054, 16.6054, 13.3246
45440, 1000, 3.77392e-16, 0, 918.972, 429.999, 290.374, 57.6193, 113.222, 1.34015, 77.3931, 13.5339, 499.046, 50, 272.667, 16.6054, 16.6054, 16.6054, 272.667, 16.6054, 16.6054, 16.6054, 3.80997, 0.143309, 16.6054, 16.6054, 16.4621, 14.9411, 3.28157, 16.6054, 16.6054, 13.3238
45520, 1000, 1.19506e-15, 0, 919.147, 430.04, 251.809, 57.6127, 113.216, 1.73968, 87.1668, 13.5301, 498.905, 50, 272.667, 16.6054, 16.6054, 16.6054, 272.667, 16.6054, 16.6054, 16.6054, 2.83232, 0.143282, 16.6054, 16.6054, 16.4621, 15.3963, 3.28231, 16.6054, 16.6054, 13.3231
45600, 1000, 1.51388e-16, 0, 919.307, 430.077, 215.343, 57.6067, 113.211, 2.24684, 96.3176, 13.5267, 498.777, 50, 272.667, 16.6054, 16.6054, 16.6054, 272.667, 16.6054, 16.6054, 16.6054, 2.21753, 0.143257, 16.6054, 16.6054, 16.4621, 15.6838, 3.28298, 16.6054, 16.6054, 13.3224
45680, 1000, -2.9516e-19, 0, 919.451, 430.111, 181.413, 57.6012, 113.206, 2.89818, 104.703, 13.5235, 498.661, 50, 272.667, 16.6054, 16.6054, 16.6054, 272.667, 16.6054, 16.6054, 16.6054, 1.8309, 0.143235, 16.6054, 16.6054, 16.4622, 15.8658, 3.2836, 16.6054, 16.6054, 13.3218
45760, 1000, -3.12959e-20, 0, 919.583, 430.141, 150.225, 57.5962, 113.202, 3.75016, 112.227, 13.5207, 498.555, 50, 272.667, 16.6054, 16.6054, 16.6054, 272.667, 16.6054, 16.6054, 16.6054, 1.58774, 0.143214, 16.6054, 16.6054, 16.4622, 15.9813, 3.28415, 16.6054, 16.6054, 13.3212
45840, 1000, -7.28578e-21, 0, 919.702, 430.169, 121.865, 57.5917, 113.198, 4.89221, 118.801, 13.5181, 498.459, 50, 272.667, 16.6054, 16.6054, 16.6054, 272.667, 16.6054, 16.6054, 16.6054, 1.43478, 0.143196, 16.6054, 16.6054, 16.4622, 16.0549, 3.28466, 16.6054, 16.6054, 13.3207
45920, 1000, 1.24929e-19, 0, 919.811, 430.194, 96.3916, 57.5876, 113.194, 6.46952, 124.301, 13.5157, 498.372, 50, 272.667, 16.6054, 16.6054, 16.6054, 272.667, 16.6054, 16.6054, 16.6054, 1.33856, 0.143179, 16.6054, 16.6054, 16.4622, 16.102, 3.28512, 16.6054, 16.6054, 13.3203
46000, 1000, 3.3512e-20, 0, 919.909, 430.217, 73.9111, 57.5839, 113.191, 8.7211, 128.522, 13.5136, 498.292, 50, 272.667, 16.6054, 16.6054, 16.6054, 272.667, 16.6054, 16.6054, 16.6054, 1.27801, 0.143164, 16.6054, 16.6054, 16.4622, 16.1324, 3.28554, 16.6054, 16.6054, 13.3199
46080, 1000, -5.31299e-22, 0, 919.999, 430.238, 54.6506, 57.5805, 113.188, 12.0289, 131.122, 13.5116, 498.22, 50, 272.667, 16.6054, 16.6054, 16.6054, 272.667, 16.6054, 16.6054, 16.6054, 1.2399, 0.14315, 16.6054, 16.6054, 16.4622, 16.1523, 3.28592, 16.6054, 16.6054, 13.3195
46160, 1000, -2.17713e-23, 0, 920.08, 430.257, 38.9773, 57.5775, 113.185, 16.9218, 131.616, 13.5099, 498.154, 50, 272.667, 16.6054, 16.6054, 16.6054, 272.667, 16.6054, 16.6054, 16.6054, 1.21589, 0.143138, 16.6054, 16.6054, 16.4623, 16.1654, 3.28627, 16.6054, 16.6054, 13.3191
46240, 1000, -1.20875e-27, 0, 920.154, 430.274, 27.1958, 57.5747, 113.183, 23.865, 129.578, 13.5083, 498.095, 50, 272.667, 16.6054, 16.6054, 16.6054, 272.667, 16.6054, 16.6054, 16.6054, 1.20076, 0.143126, 16.6054, 16.6054, 16.4623, 16.1743, 3.28658, 16.6054, 16.6054, 13.3188
46320, 1000, 9.45709e-29, 0, 920.221, 430.29, 19.0952, 57.5721, 113.181, 32.8014, 125.106, 13.5068, 498.041, 50, 272.667, 16.6054, 16.6054, 16.6054, 272.667, 16.6054, 16.6054, 16.6054, 1.19121, 0.143116, 16.6054, 16.6054, 16.4623, 16.1804, 3.28687, 16.6054, 16.6054, 13.3185
46400, 1000, 5.30836e-31, 0, 920.282, 430.304, 13.8327, 57.5698, 113.179, 43.0335, 118.936, 13.5055, 497.991, 50, 272.667, 16.6054, 16.6054, 16.6054, 272.667, 16.6054, 16.6054, 16.6054, 1.18518, 0.143106, 16.6054, 16.6054, 16.4623, 16.1848, 3.28713, 16.6054, 16.6054, 13.3183
46480, 1000, -7.94792e-33, 0, 920.338, 430.317, 10.4284, 57.5677, 113.177, 53.7171, 111.947, 13.5043, 497.947, 50, 272.667, 16.6054, 16.6054, 16.6054, 272.667, 16.6054, 16.6054, 16.6054, 1.18136, 0.143098, 16.6054, 16.6054, 16.4623, 16.188, 3.28736, 16.6054, 16.6054, 13.318
46560, 1000, -5.52691e-35, 0, 920.388, 430.329, 8.15861, 57.5658, 113.175, 64.2533, 104.77, 13.5032, 497.906, 50, 272.667, 16.6054, 16.6054, 16.6054, 272.667, 16.6054, 16.6054, 16.6054, 1.17893, 0.14309, 16.6054, 16.6054, 16.4623, 16.1904, 3.28758, 16.6054, 16.6054, 13.3178
46640, 1000, 2.20132e-36, 0, 920.434, 430.339, 6.58178, 57.5641, 113.174, 74.3156, 97.7626, 13.5022, 497.869, 50, 272.667, 16.6054, 16.6054, 16.6054, 272.667, 16.6054, 16.6054, 16.6054, 1.17739, 0.143083, 16.6054, 16.6054, 16.4623, 16.1923, 3.28777, 16.6054, 16.6054, 13.3176
46720, 1000, -6.19793e-39, 0, 920.476, 430.349, 5.44209, 57.5625, 113.172, 83.7535, 91.1015, 13.5013, 497.835, 50, 272.667, 16.6054, 16.6054, 16.6054, 272.667, 16.6054, 16.6054, 16.6054, 1.17639, 0.143077, 16.6054, 16.6054, 16.4623, 16.1938, 3.28795, 16.6054, 16.6054, 13.3174
46800, 1000, -3.13256e-39, 0, 920.513, 430.358, 4.5896, 57.5611, 113.171, 92.5131, 84.8661, 13.5004, 497.805, 50, 272.667, 16.6054, 16.6054, 16.6054, 272.667, 16.6054, 16.6054, 16.6054, 1.17575, 0.143071, 16.6054, 16.6054, 16.4623, 16.1951, 3.28811, 16.6054, 16.6054, 13.3173
46880, 1000, -1.67527e-40, 0, 920.548, 430.366, 3.93341, 57.5598, 113.17, 100.591, 79.0824, 13.4997, 497.777, 50, 272.667, 16.6054, 16.6054, 16.6054, 272.667, 16.6054, 16.6054, 16.6054, 1.17533, 0.143066, 16.6054, 16.6054, 16.4623, 16.1962, 3.28826, 16.6054, 16.6054, 13.3171
46960, 1000, 8.2665e-41, 0, 920.579, 430.373, 3.41623, 57.5586, 113.169, 108.011, 73.7487, 13.499, 497.752, 50, 272.667, 16.6054, 16.6054, 16.6054, 272.667, 16.6054, 16.6054, 16.6054, 1.17505, 0.143061, 16.6054, 16.6054, 16.4623, 16.1971, 3.28839, 16.6054, 16.6054, 13.317
47040, 1000, -5.53725e-42, 0, 920.607, 430.379, 3.00056, 57.5575, 113.168, 114.806, 68.8487, 13.4984, 497.729, 50, 272.667, 16.6054, 16.6054, 16.6054, 272.667, 16.6054, 16.6054, 16.6054, 1.17486, 0.143056, 16.6054, 16.6054, 16.4623, 16.1979, 3.28851, 16.6054, 16.6054, 13.3169
47120, 1000, 1.40035e-44, 0, 920.633, 430.385, 2.66099, 57.5565, 113.167, 121.019, 64.3589, 13.4978, 497.708, 50, 272.667, 16.6054, 16.6054, 16.6054, 272.667, 16.6054, 16.6054, 16.6054, 1.17472, 0.143052, 16.6054, 16.6054, 16.4623, 16.1986, 3.28862, 16.6054, 16.6054, 13.3168
47200, 1000, 8.15068e-45, 0, 920.656, 430.391, 2.37977, 57.5556, 113.166, 126.691, 60.2527, 13.4973, 497.689, 50, 272.667, 16.6054, 16.6054, 16.6054, 272.667, 16.6054, 16.6054, 16.6054, 1.17463, 0.143049, 16.6054, 16.6054, 16.4623, 16.1993, 3.28872, 16.6054, 16.6054, 13.3167
47280, 1000, 2.45203e-45, 0, 920.677, 430.396, 2.14417, 57.5548, 113.165, 131.865, 56.5023, 13.4968, 497.672, 50, 272.667, 16.6054, 16.6054, 16.6054, 272.667, 16.6054, 16.6054, 16.6054, 1.17456, 0.143046, 16.6054, 16.6054, 16.4623, 16.1999, 3.28881, 16.6054, 16.6054, 13.3166
47360, 1000, 3.40819e-46, 0, 920.697, 430.4, 1.94486, 57.5541, 113.165, 136.581, 53.0804, 13.4964, 497.656, 50, 272.667, 16.6054, 16.6054, 16.6054, 272.667, 16.6054, 16.6054, 16.6054, 1.17451, 0.143043, 16.6054, 16.6054, 16.4623, 16.2004, 3.28889, 16.6054, 16.6054, 13.3165
47440, 1000, -6.35514e-46, 0, 920.714, 430.404, 1.77482, 57.5534, 113.164, 140.877, 49.9607, 13.496, 497.642, 50, 272.667, 16.6054, 16.6054, 16.6054, 272.667, 16.6054, 16.6054, 16.6054, 1.17446, 0.14304, 16.6054, 16.6054, 16.4624, 16.2009, 3.28897, 16.6054, 16.6054, 13.3164
47520, 1000, -3.18386e-47, 0, 920.73, 430.408, 1.6287, 57.5528, 113.164, 144.788, 47.1181, 13.4957, 497.629, 50, 272.667, 16.6054, 16.6054, 16.6054, 272.667, 16.6054, 16.6054, 16.6054, 1.17443, 0.143037, 16.6054, 16.6054, 16.4624, 16.2013, 3.28904, 16.6054, 16.6054, 13.3164
47600, 1000, 5.14344e-47, 0, 920.745, 430.411, 1.50236, 57.5523, 113.163, 148.348, 44.5292, 13.4954, 497.617, 50, 272.667, 16.6054, 16.6054, 16.6054, 272.667, 16.6054, 16.6054, 16.6054, 1.1744, 0.143035, 16.6054, 16.6054, 16.4624, 16.2017, 3.2891, 16.6054, 16.6054, 13.3163
47680, 1000, -2.85014e-47, 0, 920.758, 430.414, 1.39251, 57.5518, 113.163, 151.588, 42.1724, 13.4951, 497.607, 50, 272.667, 16.6054, 16.6054, 16.6054, 272.667, 16.6054, 16.6054, 16.6054, 1.17438, 0.143033, 16.6054, 16.6054, 16.4624, 16.202, 3.28916, 16.6054, 16.6054, 13.3162
47760, 1000, -8.38751e-48, 0, 920.77, 430.417, 1.29654, 57.5513, 113.162, 154.535, 40.0274, 13.4948, 497.597, 50, 272.667, 16.6054, 16.6054, 16.6054, 272.667, 16.6054, 16.6054, 16.6054, 1.17436, 0.143031, 16.6054, 16.6054, 16.4624, 16.2023, 3.28921, 16.6054, 16.6054, 13.3162
47840, 1000, 9.60999e-48, 0, 920.78, 430.42, 1.21236, 57.5509, 113.162, 157.216, 38.0758, 13.4946, 497.588, 50, 272.667, 16.6054, 16.6054, 16.6054, 272.667, 16.6054, 16.6054, 16.6054, 1.17434, 0.14303, 16.6054, 16.6054, 16.4624, 16.2026, 3.28925, 16.6054, 16.6054, 13.3161
47920, 1000, 3.12135e-47, 0, 920.79, 430.422, 1.13824, 57.5505, 113.162, 159.655, 36.3004, 13.4944, 497.58, 50, 272.667, 16.6054, 16.6054, 16.6054, 272.667, 16.6054, 16.6054, 16.6054, 1.17432, 0.143028, 16.6054, 16.6054, 16.4624, 16.2029, 3.2893, 16.6054, 16.6054, 13.3161
48000, 1000, -3.93328e-48, 0, 920.799, 430.424, 1.07277, 57.5502, 113.161, 161.872, 34.6856, 13.4942, 497.573, 50, 272.667, 16.6054, 16.6054, 16.6054, 272.667, 16.6054, 16.6054, 16.6054, 1.17431, 0.143027, 16.6054, 16.6054, 16.4624, 16.2031, 3.28934, 16.6054, 16.6054, 13.3161
48080, 1000, 2.91468e-48, 0, 920.807, 430.426, 1.01477, 57.5499, 113.161, 163.888, 33.2171, 13.494, 497.566, 50, 272.667, 16.6054, 16.6054, 16.6054, 272.667, 16.6054, 16.6054, 16.6054, 1.17429, 0.143025, 16.6054, 16.6054, 16.4624, 16.2034, 3.28937, 16.6054, 16.6054, 13.316
48160, 1000, 3.84583e-49, 0, 920.815, 430.428, 0.963263, 57.5496, 113.161, 165.721, 31.8819, 13.4938, 497.56, 50, 272.667, 16.6054, 16.6054, 16.6054, 272.667, 16.6054, 16.6054, 16.6054, 1.17428, 0.143024, 16.6054, 16.6054, 16.4624, 16.2035, 3.2894, 16.6054, 16.6054, 13.316
48240, 1000, -1.79802e-48, 0, 920.821, 430.429, 0.91741, 57.5493, 113.161, 167.388, 30.6679, 13.4937, 497.555, 50, 272.667, 16.6054, 16.6054, 16.6054, 272.667, 16.6054, 16.6054, 16.6054, 1.17427, 0.143023, 16.6054, 16.6054, 16.4624, 16.2037, 3.28943, 16.6054, 16.6054, 13.316
48320, 1000, 3.0237e-49, 0, 920.828, 430.431, 0.876511, 57.5491, 113.16, 168.902, 29.5643, 13.4935, 497.55, 50, 272.667, 16.6054, 16.6054, 16.6054, 272.667, 16.6054, 16.6054, 16.6054, 1.17426, 0.143022, 16.6054, 16.6054, 16.4624, 16.2039, 3.28946, 16.6054, 16.6054, 13.3159
48400, 1000, -1.94143e-49, 0, 920.833, 430.432, 0.839965, 57.5489, 113.16, 170.279, 28.5611, 13.4934, 497.545, 50, 272.667, 16.6054, 16.6054, 16.6054, 272.667, 16.6054, 16.6054, 16.6054, 1.17425, 0.143022, 16.6054, 16.6054, 16.4624, 16.204, 3.28948, 16.6054, 16.6054, 13.3159
48480, 1000, -1.7046e-50, 0, 920.838, 430.433, 0.807254, 57.5487, 113.16, 171.531, 27.6492, 13.4933, 497.541, 50, 272.667, 16.6054, 16.6054, 16.6054, 272.667, 16.6054, 16.6054, 16.6054, 1.17424, 0.143021, 16.6054, 16.6054, 16.4624, 16.2042, 3.2895, 16.6054, 16.6054, 13.3159
48560, 1000, -3.1117e-51, 0, 920.843, 430.434, 0.777935, 57.5485, 113.16, 172.669, 26.8203, 13.4932, 497.537, 50, 272.667, 16.6054, 16.6054, 16.6054, 272.667, 16.6054, 16.6054, 16.6054, 1.17424, 0.14302, 16.6054, 16.6054, 16.4624, 16.2043, 3.28952, 16.6054, 16.6054, 13.3159
48640, 1000, 3.30804e-50, 0, 920.847, 430.435, 0.751621, 57.5484, 113.16, 173.702, 26.0671, 13.4931, 497.534, 50, 272.667, 16.6054, 16.6054, 16.6054, 272.667, 16.6054, 16.6054, 16.6054, 1.17423, 0.143019, 16.6054, 16.6054, 16.4624, 16.2044, 3.28954, 16.6054, 16.6054, 13.3158
48720, 1000, 1.03616e-51, 0, 920.851, 430.436, 0.727976, 57.5482, 113.16, 174.642, 25.3824, 13.493, 497.531, 50, 272.667, 16.6054, 16.6054, 16.6054, 272.667, 16.6054, 16.6054, 16.6054, 1.17422, 0.143019, 16.6054, 16.6054, 16.4624, 16.2045, 3.28956, 16.6054, 16.6054, 13.3158
48800, 1000, 4.09047e-52, 0, 920.854, 430.437, 0.706707, 57.5481, 113.159, 175.496, 24.7603, 13.493, 497.528, 50, 272.667, 16.6054, 16.6054, 16.6054, 272.667, 16.6054, 16.6054, 16.6054, 1.17422, 0.143018, 16.6054, 16.6054, 16.4624, 16.2046, 3.28957, 16.6054, 16.6054, 13.3158
48880, 1000, 9.40635e-51, 0, 920.857, 430.438, 0.687558, 57.548, 113.159, 176.272, 24.1949, 13.4929, 497.526, 50, 272.667, 16.6054, 16.6054, 16.6054, 272.667, 16.6054, 16.6054, 16.6054, 1.17421, 0.143018, 16.6054, 16.6054, 16.4624, 16.2047, 3.28959, 16.6054, 16.6054, 13.3158
48960, 1000, 2.15254e-51, 0, 920.86, 430.438, 0.670302, 57.5479, 113.159, 176.977, 23.6811, 13.4928, 497.523, 50, 272.667, 16.6054, 16.6054, 16.6054, 272.667, 16.6054, 16.6054, 16.6054, 1.17421, 0.143017, 16.6054, 16.6054, 16.4624, 16.2048, 3.2896, 16.6054, 16.6054, 13.3158
49040, 1000, -2.23822e-51, 0, 920.863, 430.439, 0.654741, 57.5478, 113.159, 177.618, 23.2142, 13.4928, 497.521, 50, 272.667, 16.6054, 16.6054, 16.6054, 272.667, 16.6054, 16.6054, 16.6054, 1.1742, 0.143017, 16.6054, 16.6054, 16.4624, 16.2048, 3.28961, 16.6054, 16.6054, 13.3158
49120, 1000, -1.51519e-52, 0, 920.865, 430.439, 0.640697, 57.5477, 113.159, 178.201, 22.7899, 13.4927, 497.519, 50, 272.667, 16.6054, 16.6054, 16.6054, 272.667, 16.6054, 16.6054, 16.6054, 1.1742, 0.143017, 16.6054, 16.6054, 16.4624, 16.2049, 3.28962, 16.6054, 16.6054, 13.3158
49200, 1000, -5.04656e-52, 0, 920.867, 430.44, 0.628015, 57.5476, 113.159, 178.73, 22.4045, 13.4927, 497.517, 50, 272.667, 16.6054, 16.6054, 16.6054, 272.667, 16.6054, 16.6054, 16.6054, 1.1742, 0.143016, 16.6054, 16.6054, 16.4624, 16.2049, 3.28963, 16.6054, 16.6054, 13.3158
49280, 1000, -5.4443e-52, 0, 920.869, 430.44, 0.616557, 57.5475, 113.159, 179.211, 22.0542, 13.4926, 497.516, 50, 272.667, 16.6054, 16.6054, 16.6054, 272.667, 16.6054, 16.6054, 16.6054, 1.17419, 0.143016, 16.6054, 16.6054, 16.4624, 16.205, 3.28964, 16.6054, 16.6054, 13.3158
49360, 1000, 2.28143e-53, 0, 920.871, 430.441, 0.606199, 57.5474, 113.159, 179.648, 21.7359, 13.4926, 497.514, 50, 272.667, 16.6054, 16.6054, 16.6054, 272.667, 16.6054, 16.6054, 16.6054, 1.17419, 0.143016, 16.6054, 16.6054, 16.4624, 16.205, 3.28964, 16.6054, 16.6054, 13.3157
49440, 1000, -1.95683e-52, 0, 920.872, 430.441, 0.596831, 57.5474, 113.159, 180.045, 21.4467, 13.4926, 497.513, 50, 272.667, 16.6054, 16.6054, 16.6054, 272.667, 16.6054, 16.6054, 16.6054, 1.17419, 0.143015, 16.6054, 16.6054, 16.4624, 16.2051, 3.28965, 16.6054, 16.6054, 13.3157
49520, 1000, -3.63922e-54, 0, 920.874, 430.441, 0.588355, 57.5473, 113.159, 180.406, 21.184, 13.4925, 497.512, 50, 272.667, 16.6054, 16.6054, 16.6054, 272.667, 16.6054, 16.6054, 16.6054, 1.17419, 0.143015, 16.6054, 16.6054, 16.4624, 16.2051, 3.28966, 16.6054, 16.6054, 13.3157
49600, 1000, 5.27542e-54, 0, 920.875, 430.442, 0.580683, 57.5473, 113.159, 180.734, 20.9452, 13.4925, 497.511, 50, 272.667, 16.6054, 16.6054, 16.6054, 272.667, 16.6054, 16.6054, 16.6054, 1.17418, 0.143015, 16.6054, 16.6054, 16.4624, 16.2052, 3.28966, 16.6054, 16.6054, 13.3157
49680, 1000, -5.24198e-54, 0, 920.876, 430.442, 0.573736, 57.5472, 113.159, 181.032, 20.7283, 13.4925, 497.51, 50, 272.667, 16.6054, 16.6054, 16.6054, 272.667, 16.6054, 16.6054, 16.6054, 1.17418, 0.143015, 16.6054, 16.6054, 16.4624, 16.2052, 3.28967, 16.6054, 16.6054, 13.3157
49760, 1000, 4.52606e-54, 0, 920.877, 430.442, 0.567445, 57.5472, 113.159, 181.303, 20.5313, 13.4924, 497.509, 50, 272.667, 16.6054, 16.6054, 16.6054, 272.667, 16.6054, 16.6054, 16.6054, 1.17418, 0.143015, 16.6054, 16.6054, 16.4624, 16.2052, 3.28967, 16.6054, 16.6054, 13.3157
49840, 1000, 2.05984e-53, 0, 920.878, 430.442, 0.561745, 57.5472, 113.159, 181.549, 20.3522, 13.4924, 497.508, 50, 272.667, 16.6054, 16.6054, 16.6054, 272.667, 16.6054, 16.6054, 16.6054, 1.17418, 0.143015, 16.6054, 16.6054, 16.4624, 16.2053, 3.28968, 16.6054, 16.6054, 13.3157
49920, 1000, 9.29533e-53, 0, 920.879, 430.443, 0.556579, 57.5471, 113.159, 181.772, 20.1896, 13.4924, 497.507, 50, 272.667, 16.6054, 16.6054, 16.6054, 272.667, 16.6054, 16.6054, 16.6054, 1.17418, 0.143014, 16.6054, 16.6054, 16.4624, 16.2053, 3.28968, 16.6054, 16.6054, 13.3157
50000, 1000, 8.43444e-53, 0, 920.88, 430.443, 0.551897, 57.5471, 113.159, 181.975, 20.0418, 13.4924, 497.507, 50, 272.667, 16.6054, 16.6054, 16.6054, 272.667, 16.6054, 16.6054, 16.6054, 1.17418, 0.143014, 16.6054, 16.6054, 16.4624, 16.2053, 3.28968, 16.6054, 16.6054, 13.3157
50080, 1000, -4.97288e-53, 0, 920.881, 430.443, 0.547653, 57.5471, 113.159, 182.16, 19.9075, 13.4924, 497.506, 50, 272.667, 16.6054, 16.6054, 16.6054, 272.667, 16.6054, 16.6054, 16.6054, 1.17417, 0.143014, 16.6054, 16.6054, 16.4624, 16.2053, 3.28969, 16.6054, 16.6054, 13.3157
50160, 1000, 7.0191e-53, 0, 920.881, 430.443, 0.543803, 57.547, 113.158, 182.328, 19.7855, 13.4924, 497.506, 50, 272.667, 16.6054, 16.6054, 16.6054, 272.667, 16.6054, 16.6054, 16.6054, 1.17417, 0.143014, 16.6054, 16.6054, 16.4624, 16.2053, 3.28969, 16.6054, 16.6054, 13.3157
50240, 1000, 2.27949e-53, 0, 920.882, 430.443, 0.540312, 57.547, 113.158, 182.48, 19.6747, 13.4923, 497.505, 50, 272.667, 16.6054, 16.6054, 16.6054, 272.667, 16.6054, 16.6054, 16.6054, 1.17417, 0.143014, 16.6054, 16.6054, 16.4624, 16.2054, 3.28969, 16.6054, 16.6054, 13.3157
50320, 1000, -7.6368e-53, 0, 920.883, 430.443, 0.537146, 57.547, 113.158, 182.618, 19.574, 13.4923, 497.505, 50, 272.667, 16.6054, 16.6054, 16.6054, 272.667, 16.6054, 16.6054, 16.6054, 1.17417, 0.143014, 16.6054, 16.6054, 16.4624, 16.2054, 3.2897, 16.6054, 16.6054, 13.3157
50400, 1000, 1.54177e-53, 0, 920.883, 430.444, 0.534273, 57.547, 113.158, 182.744, 19.4825, 13.4923, 497.504, 50, 272.667, 16.6054, 16.6054, 16.6054, 272.667, 16.6054, 16.6054, 16.6054, 1.17417, 0.143014, 16.6054, 16.6054, 16.4624, 16.2054, 3.2897, 16.6054, 16.6054, 13.3157
50480, 1000, 1.17899e-52, 0, 920.884, 430.444, 0.531666, 57.5469, 113.158, 182.859, 19.3994, 13.4923, 497.504, 50, 272.667, 16.6054, 16.6054, 16.6054, 272.667, 16.6054, 16.6054, 16.6054, 1.17417, 0.143014, 16.6054, 16.6054, 16.4624, 16.2054, 3.2897, 16.6054, 16.6054, 13.3157
50560, 1000, -1.73757e-52, 0, 920.884, 430.444, 0.529301, 57.5469, 113.158, 182.962, 19.3238, 13.4923, 497.503, 50, 272.667, 16.6054, 16.6054, 16.6054, 272.667, 16.6054, 16.6054, 16.6054, 1.17417, 0.143014, 16.6054, 16.6054, 16.4624, 16.2054, 3.2897, 16.6054, 16.6054, 13.3157
50640, 1000, -3.76101e-53, 0, 920.884, 430.444, 0.527154, 57.5469, 113.158, 183.057, 19.2552, 13.4923, 497.503, 50, 272.667, 16.6054, 16.6054, 16.6054, 272.667, 16.6054, 16.6054, 16.6054, 1.17417, 0.143014, 16.6054, 16.6054, 16.4624, 16.2054, 3.2897, 16.6054, 16.6054, 13.3157
50720, 1000, 1.44523e-52, 0, 920.885, 430.444, 0.525206, 57.5469, 113.158, 183.142, 19.1929, 13.4923, 497.503, 50, 272.667, 16.6054, 16.6054, 16.6054, 272.667, 16.6054, 16.6054, 16.6054, 1.17417, 0.143014, 16.6054, 16.6054, 16.4624, 16.2054, 3.28971, 16.6054, 16.6054, 13.3157
50800, 1000, -1.78196e-52, 0, 920.885, 430.444, 0.523437, 57.5469, 113.158, 183.22, 19.1363, 13.4923, 497.503, 50, 272.667, 16.6054, 16.6054, 16.6054, 272.667, 16.6054, 16.6054, 16.6054, 1.17417, 0.143014, 16.6054, 16.6054, 16.4624, 16.2054, 3.28971, 16.6054, 16.6054, 13.3157
50880, 1000, 2.74424e-52, 0, 920.885, 430.444, 0.521832, 57.5469, 113.158, 183.291, 19.0849, 13.4923, 497.502, 50, 272.667, 16.6054, 16.6054, 16.6054, 272.667, 16.6054, 16.6054, 16.6054, 1.17417, 0.143013, 16.6054, 16.6054, 16.4624, 16.2054, 3.28971, 16.6054, 16.6054, 13.3157
50960, 1000, 2.56193e-53, 0, 920.886, 430.444, 0.520375, 57.5469, 113.158, 183.355, 19.0381, 13.4923, 497.502, 50, 272.667, 16.6054, 16.6054, 16.6054, 272.667, 16.6054, 16.6054, 16.6054, 1.17417, 0.143013, 16.6054, 16.6054, 16.4624, 16.2054, 3.28971, 16.6054, 16.6054, 13.3157
51040, 1000, -4.90433e-54, 0, 920.886, 430.444, 0.519051, 57.5469, 113.158, 183.414, 18.9957, 13.4923, 497.502, 50, 272.667, 16.6054, 16.6054, 16.6054, 272.667, 16.6054, 16.6054, 16.6054, 1.17417, 0.143013, 16.6054, 16.6054, 16.4624, 16.2055, 3.28971, 16.6054, 16.6054, 13.3157
51120, 1000, 1.64082e-54, 0, 920.886, 430.444, 0.51785, 57.5469, 113.158, 183.467, 18.9571, 13.4922, 497.502, 50, 272.667, 16.6054, 16.6054, 16.6054, 272.667, 16.6054, 16.6054, 16.6054, 1.17417, 0.143013, 16.6054, 16.6054, 16.4624, 16.2055, 3.28971, 16.6054, 16.6054, 13.3157
51200, 1000, -5.34899e-54, 0, 920.886, 430.444, 0.516759, 57.5468, 113.158, 183.515, 18.9221, 13.4922, 497.502, 50, 272.667, 16.6054, 16.6054, 16.6054, 272.667, 16.6054, 16.6054, 16.6054, 1.17417, 0.143013, 16.6054, 16.6054, 16.4624, 16.2055, 3.28971, 16.6054, 16.6054, 13.3157
51280, 1000, -2.39166e-54, 0, 920.886, 430.444, 0.515768, 57.5468, 113.158, 183.559, 18.8902, 13.4922, 497.502, 50, 272.667, 16.6054, 16.6054, 16.6054, 272.667, 16.6054, 16.6054, 16.6054, 1.17417, 0.143013, 16.6054, 16.6054, 16.4624, 16.2055, 3.28971, 16.6054, 16.6054, 13.3157
51360, 1000, 1.97489e-55, 0, 920.887, 430.444, 0.514869, 57.5468, 113.158, 183.599, 18.8613, 13.4922, 497.501, 50, 272.667, 16.6054, 16.6054, 16.6054, 272.667, 16.6054, 16.6054, 16.6054, 1.17417, 0.143013, 16.6054, 16.6054, 16.4624, 16.2055, 3.28971, 16.6054, 16.6054, 13.3157
51440, 1000, 1.19151e-55, 0, 920.887, 430.444, 0.514052, 57.5468, 113.158, 183.635, 18.835, 13.4922, 497.501, 50, 272.667, 16.6054, 16.6054, 16.6054, 272.667, 16.6054, 16.6054, 16.6054, 1.17417, 0.143013, 16.6054, 16.6054, 16.4624, 16.2055, 3.28971, 16.6054, 16.6054, 13.3157
51520, 1000, -1.74347e-55, 0, 920.887, 430.444, 0.51331, 57.5468, 113.158, 183.668, 18.8111, 13.4922, 497.501, 50, 272.667, 16.6054, 16.6054, 16.6054, 272.667, 16.6054, 16.6054, 16.6054, 1.17417, 0.143013, 16.6054, 16.6054, 16.4624, 16.2055, 3.28971, 16.6054, 16.6054, 13.3157
51600, 1000, -7.86516e-55, 0, 920.887, 430.444, 0.512636, 57.5468, 113.158, 183.698, 18.7895, 13.4922, 497.501, 50, 272.667, 16.6054, 16.6054, 16.6054, 272.667, 16.6054, 16.6054, 16.6054, 1.17416, 0.143013, 16.6054, 16.6054, 16.4624, 16.2055, 3.28971, 16.6054, 16.6054, 13.3157
51680, 1000, -5.79639e-57, 0, 920.887, 430.444, 0.512024, 57.5468, 113.158, 183.725, 18.7698, 13.4922, 497.501, 50, 272.667, 16.6054, 16.6054, 16.6054, 272.667, 16.6054, 16.6054, 16.6054, 1.17416, 0.143013, 16.6054, 16.6054, 16.4624, 16.2055, 3.28972, 16.6054, 16.6054, 13.3157
51760, 1000, 2.31857e-56, 0, 920.887, 430.445, 0.511469, 57.5468, 113.158, 183.75, 18.7519, 13.4922, 497.501, 50, 272.667, 16.6054, 16.6054, 16.6054, 272.667, 16.6054, 16.6054, 16.6054, 1.17416, 0.143013, 16.6054, 16.6054, 16.4624, 16.2055, 3.28972, 16.6054, 16.6054, 13.3157
51840, 1000, 6.11077e-56, 0, 920.887, 430.445, 0.510964, 57.5468, 113.158, 183.772, 18.7356, 13.4922, 497.501, 50, 272.667, 16.6054, 16.6054, 16.6054, 272.667, 16.6054, 16.6054, 16.6054, 1.17416, 0.143013, 16.6054, 16.6054, 16.4624, 16.2055, 3.28972, 16.6054, 16.6054, 13.3157
51920, 1000, -1.92801e-56, 0, 920.887, 430.445, 0.510505, 57.5468, 113.158, 183.792, 18.7208, 13.4922, 497.501, 50, 272.667, 16.6054, 16.6054, 16.6054, 272.667, 16.6054, 16.6054, 16.6054, 1.17416, 0.143013, 16.6054, 16.6054, 16.4624, 16.2055, 3.28972, 16.6054, 16.6054, 13.3157
52000, 1000, -7.07375e-58, 0, 920.887, 430.445, 0.510089, 57.5468, 113.158, 183.811, 18.7074, 13.4922, 497.501, 50, 272.667, 16.6054, 16.6054, 16.6054, 272.667, 16.6054, 16.6054, 16.6054, 1.17416, 0.143013, 16.6054, 16.6054, 16.4624, 16.2055, 3.28972, 16.6054, 16.6054, 13.3157
52080, 1000, -4.53419e-58, 0, 920.887, 430.445, 0.50971, 57.5468, 113.158, 183.828, 18.6952, 13.4922, 497.501, 50, 272.667, 16.6054, 16.6054, 16.6054, 272.667, 16.6054, 16.6054, 16.6054, 1.17416, 0.143013, 16.6054, 16.6054, 16.4624, 16.2055, 3.28972, 16.6054, 16.6054, 13.3157
52160, 1000, 1.0358e-56, 0, 920.887, 430.445, 0.509367, 57.5468, 113.158, 183.843, 18.6841, 13.4922, 497.501, 50, 272.667, 16.6054, 16.6054, 16.6054, 272.667, 16.6054, 16.6054, 16.6054, 1.17416, 0.143013, 16.6054, 16.6054, 16.4624, 16.2055, 3.28972, 16.6054, 16.6054, 13.3157
52240, 1000, 1077.92, 50, 23.3862, 77.4228, 0.590856, 272.72, 236.147, 180.539, 21.0424, 369.653, 0.0096732, 0, 272.667, 16.6054, 16.6054, 16.6054, 272.667, 16.6054, 16.6054, 16.6054, 7.73383, 4.23251, 16.6054, 16.6054, 12.3729, 13.0525, 0.148401, 16.6054, 16.6054, 16.457
52320, 1000, 1077.58, 50, 23.3788, 77.4125, 1.23285, 272.806, 236.184, 157.126, 38.0775, 369.884, 4.05082e-12, 0, 272.667, 16.6054, 16.6054, 16.6054, 272.667, 16.6054, 16.6054, 16.6054, 17.7648, 4.23352, 16.6054, 16.6054, 12.3719, 8.47825, 0.148309, 16.6054, 16.6054, 16.4571
52400, 1000, 1077.26, 50, 23.372, 77.4038, 2.71098, 272.881, 236.215, 120.683, 64.5543, 370.088, -3.23183e-14, 0, 272.667, 16.6054, 16.6054, 16.6054, 272.667, 16.6054, 16.6054, 16.6054, 24.0748, 4.23443, 16.6054, 16.6054, 12.371, 5.60196, 0.148228, 16.6054, 16.6054, 16.4572
52480, 1000, 1076.98, 50, 23.3659, 77.3959, 5.98906, 272.949, 236.244, 79.4045, 94.1562, 370.273, -5.26189e-15, 0, 272.667, 16.6054, 16.6054, 16.6054, 272.667, 16.6054, 16.6054, 16.6054, 28.0449, 4.23526, 16.6054, 16.6054, 12.3701, 3.7933, 0.148154, 16.6054, 16.6054, 16.4572
52560, 1000, 1076.72, 50, 23.3603, 77.3886, 14.6565, 273.011, 236.27, 41.2344, 120.068, 370.441, -3.82582e-20, 0, 272.667, 16.6054, 16.6054, 16.6054, 272.667, 16.6054, 16.6054, 16.6054, 30.5436, 4.23602, 16.6054, 16.6054, 12.3694, 2.65596, 0.148087, 16.6054, 16.6054, 16.4573
52640, 1000, 1076.49, 50, 23.3552, 77.3821, 37.5447, 273.067, 236.294, 17.5705, 131.559, 370.594, 1.01407e-27, 0, 272.667, 16.6054, 16.6054, 16.6054, 272.667, 16.6054, 16.6054, 16.6054, 32.1169, 4.2367, 16.6054, 16.6054, 12.3687, 1.94073, 0.148027, 16.6054, 16.6054, 16.4574
52720, 1000, 1076.27, 50, 23.3506, 77.3761, 73.5421, 273.117, 236.315, 8.75758, 128.66, 370.733, 2.16405e-32, 0, 272.667, 16.6054, 16.6054, 16.6054, 272.667, 16.6054, 16.6054, 16.6054, 33.1081, 4.23733, 16.6054, 16.6054, 12.3681, 1.49091, 0.147972, 16.6054, 16.6054, 16.4574
52800, 1000, 1076.08, 50, 23.3464, 77.3707, 112.463, 273.164, 236.335, 5.38245, 120.986, 370.859, -5.6172e-35, 0, 272.667, 16.6054, 16.6054, 16.6054, 272.667, 16.6054, 16.6054, 16.6054, 33.7331, 4.2379, 16.6054, 16.6054, 12.3675, 1.20798, 0.147922, 16.6054, 16.6054, 16.4575
52880, 1000, 1075.9, 50, 23.3426, 77.3658, 150.245, 273.206, 236.353, 3.74003, 112.332, 370.974, 8.13133e-39, 0, 272.667, 16.6054, 16.6054, 16.6054, 272.667, 16.6054, 16.6054, 16.6054, 34.1278, 4.23841, 16.6054, 16.6054, 12.367, 1.03, 0.147877, 16.6054, 16.6054, 16.4575
52960, 1000, 1075.74, 50, 23.3392, 77.3613, 185.746, 273.244, 236.369, 2.79416, 103.762, 371.078, 5.70482e-43, 0, 272.667, 16.6054, 16.6054, 16.6054, 272.667, 16.6054, 16.6054, 16.6054, 34.3774, 4.23888, 16.6054, 16.6054, 12.3665, 0.918016, 0.147836, 16.6054, 16.6054, 16.4576
53040, 1000, 1075.6, 50, 23.336, 77.3572, 218.65, 273.278, 236.383, 2.18737, 95.621, 371.173, -3.24246e-44, 0, 272.667, 16.6054, 16.6054, 16.6054, 272.667, 16.6054, 16.6054, 16.6054, 34.5357, 4.23931, 16.6054, 16.6054, 12.3661, 0.847532, 0.147798, 16.6054, 16.6054, 16.4576
53120, 1000, 1075.46, 50, 23.3331, 77.3536, 248.928, 273.31, 236.397, 1.76873, 88.0287, 371.259, 9.2709e-48, 0, 272.667, 16.6054, 16.6054, 16.6054, 272.667, 16.6054, 16.6054, 16.6054, 34.6365, 4.23969, 16.6054, 16.6054, 12.3657, 0.803149, 0.147764, 16.6054, 16.6054, 16.4576
53200, 1000, 1075.34, 50, 23.3306, 77.3502, 276.671, 273.338, 236.409, 1.46457, 81.0146, 371.337, -1.20717e-48, 0, 272.667, 16.6054, 16.6054, 16.6054, 272.667, 16.6054, 16.6054, 16.6054, 34.701, 4.24005, 16.6054, 16.6054, 12.3653, 0.775185, 0.147733, 16.6054, 16.6054, 16.4577
53280, 1000, 1075.23, 50, 23.3282, 77.3471, 302.024, 273.364, 236.42, 1.23492, 74.5704, 371.408, 1.02111e-50, 0, 272.667, 16.6054, 16.6054, 16.6054, 272.667, 16.6054, 16.6054, 16.6054, 34.7426, 4.24037, 16.6054, 16.6054, 12.365, 0.757547, 0.147706, 16.6054, 16.6054, 16.4577
53360, 1000, 1075.14, 50, 23.326, 77.3444, 325.152, 273.388, 236.43, 1.05633, 68.6699, 371.472, -5.4381e-52, 0, 272.667, 16.6054, 16.6054, 16.6054, 272.667, 16.6054, 16.6054, 16.6054, 34.7696, 4.24066, 16.6054, 16.6054, 12.3647, 0.746409, 0.14768, 16.6054, 16.6054, 16.4577
53440, 1000, 1075.05, 50, 23.3241, 77.3419, 346.227, 273.409, 236.439, 0.914175, 63.2792, 371.531, 4.25158e-52, 0, 272.667, 16.6054, 16.6054, 16.6054, 272.667, 16.6054, 16.6054, 16.6054, 34.7875, 4.24092, 16.6054, 16.6054, 12.3645, 0.739362, 0.147657, 16.6054, 16.6054, 16.4577
53520, 1000, 1074.96, 50, 23.3223, 77.3396, 365.415, 273.429, 236.447, 0.798879, 58.3617, 371.584, -3.65626e-52, 0, 272.667, 16.6054, 16.6054, 16.6054, 272.667, 16.6054, 16.6054, 16.6054, 34.7995, 4.24116, 16.6054, 16.6054, 12.3642, 0.734891, 0.147636, 16.6054, 16.6054, 16.4578
53600, 1000, 1074.89, 50, 23.3207, 77.3375, 382.875, 273.446, 236.454, 0.703923, 53.8804, 371.632, 4.08923e-52, 0, 272.667, 16.6054, 16.6054, 16.6054, 272.667, 16.6054, 16.6054, 16.6054, 34.8077, 4.24138, 16.6054, 16.6054, 12.364, 0.732043, 0.147617, 16.6054, 16.6054, 16.4578
53680, 1000, 1074.82, 50, 23.3193, 77.3356, 398.756, 273.463, 236.461, 0.624716, 49.7997, 371.676, 2.39748e-52, 0, 272.667, 16.6054, 16.6054, 16.6054, 272.667, 16.6054, 16.6054, 16.6054, 34.8135, 4.24158, 16.6054, 16.6054, 12.3638, 0.73022, 0.1476, 16.6054, 16.6054, 16.4578
53760, 1000, 1074.76, 50, 23.3179, 77.3339, 413.198, 273.477, 236.467, 0.557936, 46.0856, 371.716, 2.9629e-53, 0, 272.667, 16.6054, 16.6054, 16.6054, 272.667, 16.6054, 16.6054, 16.6054, 34.8178, 4.24176, 16.6054, 16.6054, 12.3636, 0.729043, 0.147584, 16.6054, 16.6054, 16.4578
53840, 1000, 1074.7, 50, 23.3167, 77.3323, 426.329, 273.49, 236.473, 0.501121, 42.7065, 371.752, 1.60476e-54, 0, 272.667, 16.6054, 16.6054, 16.6054, 272.667, 16.6054, 16.6054, 16.6054, 34.8209, 4.24192, 16.6054, 16.6054, 12.3635, 0.728276, 0.14757, 16.6054, 16.6054, 16.4578
53920, 1000, 1074.65, 50, 23.3156, 77.3309, 438.265, 273.502, 236.478, 0.452409, 39.6332, 371.785, 2.83732e-56, 0, 272.667, 16.6054, 16.6054, 16.6054, 272.667, 16.6054, 16.6054, 16.6054, 34.8234, 4.24207, 16.6054, 16.6054, 12.3633, 0.727769, 0.147557, 16.6054, 16.6054, 16.4578
54000, 1000, 1074.61, 25, 23.3146, 77.3296, 449.115, 273.513, 236.483, 0.410366, 36.8385, 371.815, -1.54173e-56, 25, 272.667, 16.6054, 16.6054, 16.6054, 272.667, 16.6054, 16.6054, 16.6054, 34.8254, 4.2422, 16.6054, 16.6054, 12.3632, 0.727428, 0.147545, 16.6054, 16.6054, 16.4578
54080, 1000, 1039.08, 25, 45.0879, 101.587, 452.817, 75.7404, 128.197, 0.401408, 36.2368, 25.6939, 473.712, 25, 272.667, 16.6054, 16.6054, 16.6054, 272.667, 16.6054, 16.6054, 16.6054, 29.5723, 2.50233, 16.6054, 16.6054, 14.1031, 3.9133, 1.90687, 16.6054, 16.6054, 14.6985
54160, 1000, 1039.18, 25, 45.0922, 101.591, 446.95, 75.7329, 128.191, 0.433793, 38.6005, 25.6882, 473.607, 25, 272.667, 16.6054, 16.6054, 16.6054, 272.667, 16.6054, 16.6054, 16.6054, 26.2206, 2.50212, 16.6054, 16.6054, 14.1033, 5.94811, 1.90725, 16.6054, 16.6054, 14.6981
54240, 1000, 1039.27, 25, 45.0961, 101.595, 435.817, 75.7261, 128.186, 0.490923, 42.5765, 25.6831, 473.512, 25, 272.667, 16.6054, 16.6054, 16.6054, 272.667, 16.6054, 16.6054, 16.6054, 24.1125, 2.50194, 16.6054, 16.6054, 14.1034, 7.22817, 1.90759, 16.6054, 16.6054, 14.6978
54320, 1000, 1039.35, 25, 45.0996, 101.599, 422.056, 75.7199, 128.181, 0.563591, 47.3357, 25.6784, 473.425, 25, 272.667, 16.6054, 16.6054, 16.6054, 272.667, 16.6054, 16.6054, 16.6054, 22.7865, 2.50178, 16.6054, 16.6054, 14.1036, 8.03361, 1.90789, 16.6054, 16.6054, 14.6975
54400, 1000, 1039.42, 25, 45.1028, 101.602, 407.264, 75.7143, 128.177, 0.646143, 52.3776, 25.6741, 473.346, 25, 272.667, 16.6054, 16.6054, 16.6054, 272.667, 16.6054, 16.6054, 16.6054, 21.9523, 2.50162, 16.6054, 16.6054, 14.1038, 8.54059, 1.90817, 16.6054, 16.6054, 14.6972
54480, 1000, 1039.49, 25, 45.1057, 101.605, 392.387, 75.7092, 128.173, 0.734846, 57.407, 25.6702, 473.275, 25, 272.667, 16.6054, 16.6054, 16.6054, 272.667, 16.6054, 16.6054, 16.6054, 21.4273, 2.50149, 16.6054, 16.6054, 14.1039, 8.85985, 1.90843, 16.6054, 16.6054, 14.697
54560, 1000, 1039.55, 25, 45.1083, 101.607, 377.97, 75.7045, 128.169, 0.827095, 62.2559, 25.6667, 473.21, 25, 272.667, 16.6054, 16.6054, 16.6054, 272.667, 16.6054, 16.6054, 16.6054, 21.0968, 2.50136, 16.6054, 16.6054, 14.104, 9.06102, 1.90866, 16.6054, 16.6054, 14.6967
54640, 1000, 1039.61, 25, 45.1107, 101.61, 364.306, 75.7003, 128.166, 0.921005, 66.8345, 25.6635, 473.15, 25, 272.667, 16.6054, 16.6054, 16.6054, 272.667, 16.6054, 16.6054, 16.6054, 20.8887, 2.50125, 16.6054, 16.6054, 14.1041, 9.18792, 1.90887, 16.6054, 16.6054, 14.6965
54720, 1000, 1039.66, 25, 45.1129, 101.612, 351.539, 75.6965, 128.163, 1.01517, 71.1012, 25.6606, 473.097, 25, 272.667, 16.6054, 16.6054, 16.6054, 272.667, 16.6054, 16.6054, 16.6054, 20.7575, 2.50115, 16.6054, 16.6054, 14.1042, 9.26807, 1.90906, 16.6054, 16.6054, 14.6963
54800, 1000, 1039.7, 25, 45.1149, 101.614, 339.719, 75.693, 128.16, 1.10852, 75.0428, 25.658, 473.048, 25, 272.667, 16.6054, 16.6054, 16.6054, 272.667, 16.6054, 16.6054, 16.6054, 20.6747, 2.50105, 16.6054, 16.6054, 14.1043, 9.3188, 1.90924, 16.6054, 16.6054, 14.6962
54880, 1000, 1039.74, 25, 45.1167, 101.615, 328.844, 75.6898, 128.158, 1.20024, 78.6631, 25.6556, 473.003, 25, 272.667, 16.6054, 16.6054, 16.6054, 272.667, 16.6054, 16.6054, 16.6054, 20.6223, 2.50097, 16.6054, 16.6054, 14.1044, 9.35099, 1.90939, 16.6054, 16.6054, 14.696
54960, 1000, 1039.78, 25, 45.1183, 101.617, 318.878, 75.6869, 128.156, 1.2897, 81.9755, 25.6534, 472.963, 25, 272.667, 16.6054, 16.6054, 16.6054, 272.667, 16.6054, 16.6054, 16.6054, 20.5892, 2.50089, 16.6054, 16.6054, 14.1045, 9.37151, 1.90954, 16.6054, 16.6054, 14.6959
55040, 1000, 1039.82, 25, 45.1198, 101.618, 309.771, 75.6843, 128.153, 1.37641, 84.9981, 25.6514, 472.926, 25, 272.667, 16.6054, 16.6054, 16.6054, 272.667, 16.6054, 16.6054, 16.6054, 20.5681, 2.50082, 16.6054, 16.6054, 14.1046, 9.38466, 1.90967, 16.6054, 16.6054, 14.6957
55120, 1000, 1039.85, 25, 45.1212, 101.62, 301.466, 75.682, 128.152, 1.45999, 87.7514, 25.6496, 472.893, 25, 272.667, 16.6054, 16.6054, 16.6054, 272.667, 16.6054, 16.6054, 16.6054, 20.5547, 2.50076, 16.6054, 16.6054, 14.1046, 9.39316, 1.90979, 16.6054, 16.6054, 14.6956
55200, 1000, 1039.88, 25, 45.1224, 101.621, 293.901, 75.6798, 128.15, 1.54019, 90.2562, 25.648, 472.863, 25, 272.667, 16.6054, 16.6054, 16.6054, 272.667, 16.6054, 16.6054, 16.6054, 20.546, 2.5007, 16.6054, 16.6054, 14.1047, 9.39871, 1.90989, 16.6054, 16.6054, 14.6955
55280, 1000, 1039.9, 25, 45.1235, 101.622, 287.016, 75.6778, 128.148, 1.6168, 92.5332, 25.6465, 472.835, 25, 272.667, 16.6054, 16.6054, 16.6054, 272.667, 16.6054, 16.6054, 16.6054, 20.5404, 2.50065, 16.6054, 16.6054, 14.1047, 9.40238, 1.90999, 16.6054, 16.6054, 14.6954
55360, 1000, 1039.93, 25, 45.1245, 101.623, 280.755, 75.676, 128.147, 1.6897, 94.602, 25.6452, 472.81, 25, 272.667, 16.6054, 16.6054, 16.6054, 272.667, 16.6054, 16.6054, 16.6054, 20.5368, 2.5006, 16.6054, 16.6054, 14.1048, 9.40486, 1.91008, 16.6054, 16.6054, 14.6953
55440, 1000, 1039.95, 25, 45.1254, 101.624, 275.063, 75.6744, 128.146, 1.75881, 96.4808, 25.6439, 472.787, 25, 272.667, 16.6054, 16.6054, 16.6054, 272.667, 16.6054, 16.6054, 16.6054, 20.5343, 2.50056, 16.6054, 16.6054, 14.1048, 9.40658, 1.91016, 16.6054, 16.6054, 14.6952
55520, 1000, 1039.97, 25, 45.1263, 101.625, 269.89, 75.6729, 128.145, 1.82413, 98.1868, 25.6428, 472.767, 25, 272.667, 16.6054, 16.6054, 16.6054, 272.667, 16.6054, 16.6054, 16.6054, 20.5327, 2.50052, 16.6054, 16.6054, 14.1049, 9.4078, 1.91024, 16.6054, 16.6054, 14.6952
55600, 1000, 1039.98, 25, 45.127, 101.626, 265.19, 75.6716, 128.144, 1.88566, 99.7356, 25.6418, 472.748, 25, 272.667, 16.6054, 16.6054, 16.6054, 272.667, 16.6054, 16.6054, 16.6054, 20.5315, 2.50048, 16.6054, 16.6054, 14.1049, 9.40869, 1.9103, 16.6054, 16.6054, 14.6951
55680, 1000, 1040, 25, 45.1277, 101.626, 260.919, 75.6704, 128.143, 1.94347, 101.142, 25.6409, 472.731, 25, 272.667, 16.6054, 16.6054, 16.6054, 272.667, 16.6054, 16.6054, 16.6054, 20.5307, 2.50045, 16.6054, 16.6054, 14.1049, 9.40937, 1.91036, 16.6054, 16.6054, 14.695
55760, 1000, 1040.01, 25, 45.1284, 101.627, 257.039, 75.6693, 128.142, 1.99764, 102.418, 25.64, 472.715, 25, 272.667, 16.6054, 16.6054, 16.6054, 272.667, 16.6054, 16.6054, 16.6054, 20.5301, 2.50042, 16.6054, 16.6054, 14.105, 9.4099, 1.91042, 16.6054, 16.6054, 14.695
55840, 1000, 1040.03, 25, 45.1289, 101.627, 253.515, 75.6683, 128.141, 2.04826, 103.577, 25.6393, 472.701, 25, 272.667, 16.6054, 16.6054, 16.6054, 272.667, 16.6054, 16.6054, 16.6054, 20.5296, 2.50039, 16.6054, 16.6054, 14.105, 9.41033, 1.91047, 16.6054, 16.6054, 14.6949
55920, 1000, 1040.04, 25, 45.1294, 101.628, 250.313, 75.6674, 128.14, 2.09547, 104.628, 25.6386, 472.689, 25, 272.667, 16.6054, 16.6054, 16.6054, 272.667, 16.6054, 16.6054, 16.6054, 20.5292, 2.50037, 16.6054, 16.6054, 14.105, 9.41069, 1.91051, 16.6054, 16.6054, 14.6949
56000, 1000, 1040.05, 25, 45.1299, 101.628, 247.404, 75.6665, 128.14, 2.1394, 105.583, 25.638, 472.677, 25, 272.667, 16.6054, 16.6054, 16.6054, 272.667, 16.6054, 16.6054, 16.6054, 20.5289, 2.50035, 16.6054, 16.6054, 14.105, 9.411, 1.91056, 16.6054, 16.6054, 14.6948
56080, 1000, 1040.06, 25, 45.1303, 101.629, 244.762, 75.6658, 128.139, 2.18021, 106.45, 25.6374, 472.666, 25, 272.667, 16.6054, 16.6054, 16.6054, 272.667, 16.6054, 16.6054, 16.6054, 20.5286, 2.50033, 16.6054, 16.6054, 14.1051, 9.41126, 1.91059, 16.6054, 16.6054, 14.6948
56160, 1000, 1040.07, 25, 45.1307, 101.629, 242.361, 75.6651, 128.138, 2.21804, 107.237, 25.6369, 472.657, 25, 272.667, 16.6054, 16.6054, 16.6054, 272.667, 16.6054, 16.6054, 16.6054, 20.5284, 2.50031, 16.6054, 16.6054, 14.1051, 9.41149, 1.91063, 16.6054, 16.6054, 14.6948
56240, 1000, 1040.08, 25, 45.1311, 101.63, 240.181, 75.6645, 128.138, 2.25305, 107.952, 25.6364, 472.648, 25, 272.667, 16.6054, 16.6054, 16.6054, 272.667, 16.6054, 16.6054, 16.6054, 20.5282, 2.50029, 16.6054, 16.6054, 14.1051, 9.4117, 1.91066, 16.6054, 16.6054, 14.6947
56320, 1000, 1040.09, 25, 45.1314, 101.63, 238.2, 75.6639, 128.138, 2.28541, 108.601, 25.636, 472.64, 25, 272.667, 16.6054, 16.6054, 16.6054, 272.667, 16.6054, 16.6054, 16.6054, 20.5281, 2.50028, 16.6054, 16.6054, 14.1051, 9.41188, 1.91069, 16.6054, 16.6054, 14.6947
56400, 1000, 1040.09, 25, 45.1317, 101.63, 236.401, 75.6634, 128.137, 2.31527, 109.19, 25.6356, 472.633, 25, 272.667, 16.6054, 16.6054, 16.6054, 272.667, 16.6054, 16.6054, 16.6054, 20.5279, 2.50026, 16.6054, 16.6054, 14.1051, 9.41204, 1.91071, 16.6054, 16.6054, 14.6947
56480, 1000, 1040.1, 25, 45.132, 101.63, 234.766, 75.6629, 128.137, 2.34279, 109.725, 25.6352, 472.626, 25, 272.667, 16.6054, 16.6054, 16.6054, 272.667, 16.6054, 16.6054, 16.6054, 20.5278, 2.50025, 16.6054, 16.6054, 14.1051, 9.41219, 1.91074, 16.6054, 16.6054, 14.6947
56560, 1000, 1040.1, 25, 45.1322, 101.631, 233.281, 75.6625, 128.136, 2.36812, 110.211, 25.6349, 472.62, 25, 272.667, 16.6054, 16.6054, 16.6054, 272.667, 16.6054, 16.6054, 16.6054, 20.5276, 2.50024, 16.6054, 16.6054, 14.1052, 9.41233, 1.91076, 16.6054, 16.6054, 14.6946
56640, 1000, 1040.11, 25, 45.1324, 101.631, 231.931, 75.6621, 128.136, 2.39141, 110.652, 25.6346, 472.615, 25, 272.667, 16.6054, 16.6054, 16.6054, 272.667, 16.6054, 16.6054, 16.6054, 20.5275, 2.50023, 16.6054, 16.6054, 14.1052, 9.41245, 1.91078, 16.6054, 16.6054, 14.6946
56720, 1000, 1040.11, 25, 45.1326, 101.631, 230.706, 75.6618, 128.136, 2.4128, 111.053, 25.6344, 472.61, 25, 272.667, 16.6054, 16.6054, 16.6054, 272.667, 16.6054, 16.6054, 16.6054, 20.5274, 2.50022, 16.6054, 16.6054, 14.1052, 9.41256, 1.91079, 16.6054, 16.6054, 14.6946
56800, 1000, 1040.12, 25, 45.1328, 101.631, 229.592, 75.6614, 128.136, 2.43243, 111.417, 25.6341, 472.606, 25, 272.667, 16.6054, 16.6054, 16.6054, 272.667, 16.6054, 16.6054, 16.6054, 20.5274, 2.50021, 16.6054, 16.6054, 14.1052, 9.41265, 1.91081, 16.6054, 16.6054, 14.6946
56880, 1000, 1040.12, 25, 45.133, 101.631, 228.58, 75.6612, 128.135, 2.45043, 111.748, 25.6339, 472.602, 25, 272.667, 16.6054, 16.6054, 16.6054, 272.667, 16.6054, 16.6054, 16.6054, 20.5273, 2.5002, 16.6054, 16.6054, 14.1052, 9.41274, 1.91082, 16.6054, 16.6054, 14.6946
56960, 1000, 1040.13, 25, 45.1331, 101.632, 227.661, 75.6609, 128.135, 2.46692, 112.048, 25.6337, 472.598, 25, 272.667, 16.6054, 16.6054, 16.6054, 272.667, 16.6054, 16.6054, 16.6054, 20.5272, 2.50019, 16.6054, 16.6054, 14.1052, 9.41283, 1.91084, 16.6054, 16.6054, 14.6946
57040, 1000, 1040.13, 25, 45.1332, 101.632, 226.826, 75.6607, 128.135, 2.48202, 112.321, 25.6335, 472.594, 25, 272.667, 16.6054, 16.6054, 16.6054, 272.667, 16.6054, 16.6054, 16.6054, 20.5271, 2.50019, 16.6054, 16.6054, 14.1052, 9.4129, 1.91085, 16.6054, 16.6054, 14.6945
57120, 1000, 1040.13, 25, 45.1334, 101.632, 226.067, 75.6604, 128.135, 2.49583, 112.569, 25.6334, 472.591, 25, 272.667, 16.6054, 16.6054, 16.6054, 272.667, 16.6054, 16.6054, 16.6054, 20.5271, 2.50018, 16.6054, 16.6054, 14.1052, 9.41297, 1.91086, 16.6054, 16.6054, 14.6945
57200, 1000, 1040.13, 25, 45.1335, 101.632, 225.378, 75.6602, 128.135, 2.50846, 112.794, 25.6332, 472.589, 25, 272.667, 16.6054, 16.6054, 16.6054, 272.667, 16.6054, 16.6054, 16.6054, 20.527, 2.50018, 16.6054, 16.6054, 14.1052, 9.41303, 1.91087, 16.6054, 16.6054, 14.6945
57280, 1000, 1040.14, 25, 45.1336, 101.632, 224.751, 75.6601, 128.135, 2.52, 112.999, 25.6331, 472.586, 25, 272.667, 16.6054, 16.6054, 16.6054, 272.667, 16.6054, 16.6054, 16.6054, 20.527, 2.50017, 16.6054, 16.6054, 14.1052, 9.41309, 1.91088, 16.6054, 16.6054, 14.6945
57360, 1000, 1040.14, 25, 45.1337, 101.632, 224.182, 75.6599, 128.134, 2.53055, 113.185, 25.6329, 472.584, 25, 272.667, 16.6054, 16.6054, 16.6054, 272.667, 16.6054, 16.6054, 16.6054, 20.5269, 2.50017, 16.6054, 16.6054, 14.1052, 9.41314, 1.91089, 16.6054, 16.6054, 14.6945
57440, 1000, 1040.14, 25, 45.1338, 101.632, 223.665, 75.6597, 128.134, 2.54017, 113.353, 25.6328, 472.582, 25, 272.667, 16.6054, 16.6054, 16.6054, 272.667, 16.6054, 16.6054, 16.6054, 20.5269, 2.50016, 16.6054, 16.6054, 14.1052, 9.41318, 1.9109, 16.6054, 16.6054, 14.6945
57520, 1000, 1040.14, 25, 45.1338, 101.632, 223.195, 75.6596, 128.134, 2.54895, 113.507, 25.6327, 472.58, 25, 272.667, 16.6054, 16.6054, 16.6054, 272.667, 16.6054, 16.6054, 16.6054, 20.5268, 2.50016, 16.6054, 16.6054, 14.1052, 9.41322, 1.9109, 16.6054, 16.6054, 14.6945
57600, 1000, 1040.14, 25, 45.1339, 101.632, 222.768, 75.6595, 128.134, 2.55697, 113.646, 25.6326, 472.578, 25, 272.667, 16.6054, 16.6054, 16.6054, 272.667, 16.6054, 16.6054, 16.6054, 20.5268, 2.50016, 16.6054, 16.6054, 14.1052, 9.41326, 1.91091, 16.6054, 16.6054, 14.6945
57680, 1000, 1040.14, 25, 45.134, 101.632, 222.38, 75.6594, 128.134, 2.56427, 113.773, 25.6326, 472.577, 25, 272.667, 16.6054, 16.6054, 16.6054, 272.667, 16.6054, 16.6054, 16.6054, 20.5268, 2.50015, 16.6054, 16.6054, 14.1052, 9.4133, 1.91091, 16.6054, 16.6054, 14.6945
57760, 1000, 1040.15, 25, 45.134, 101.632, 222.028, 75.6593, 128.134, 2.57093, 113.888, 25.6325, 472.575, 25, 272.667, 16.6054, 16.6054, 16.6054, 272.667, 16.6054, 16.6054, 16.6054, 20.5268, 2.50015, 16.6054, 16.6054, 14.1052, 9.41333, 1.91092, 16.6054, 16.6054, 14.6945
57840, 1000, 1040.15, 25, 45.1341, 101.633, 221.708, 75.6592, 128.134, 2.577, 113.992, 25.6324, 472.574, 25, 272.667, 16.6054, 16.6054, 16.6054, 272.667, 16.6054, 16.6054, 16.6054, 20.5267, 2.50015, 16.6054, 16.6054, 14.1052, 9.41336, 1.91092, 16.6054, 16.6054, 14.6945
57920, 1000, 1040.15, 25, 45.1341, 101.633, 221.417, 75.6591, 128.134, 2.58253, 114.087, 25.6323, 472.573, 25, 272.667, 16.6054, 16.6054, 16.6054, 272.667, 16.6054, 16.6054, 16.6054, 20.5267, 2.50015, 16.6054, 16.6054, 14.1052, 9.41338, 1.91093, 16.6054, 16.6054, 14.6945
58000, 1000, 1040.15, 25, 45.1342, 101.633, 221.153, 75.659, 128.134, 2.58757, 114.174, 25.6323, 472.572, 25, 272.667, 16.6054, 16.6054, 16.6054, 272.667, 16.6054, 16.6054, 16.6054, 20.5267, 2.50015, 16.6054, 16.6054, 14.1052, 9.41341, 1.91093, 16.6054, 16.6054, 14.6945
58080, 1000, 1040.15, 25, 45.1342, 101.633, 220.912, 75.659, 128.134, 2.59216, 114.252, 25.6322, 472.571, 25, 272.667, 16.6054, 16.6054, 16.6054, 272.667, 16.6054, 16.6054, 16.6054, 20.5267, 2.50014, 16.6054, 16.6054, 14.1052, 9.41343, 1.91093, 16.6054, 16.6054, 14.6945
58160, 1000, 1040.15, 25, 45.1342, 101.633, 220.694, 75.6589, 128.134, 2.59634, 114.323, 25.6322, 472.57, 25, 272.667, 16.6054, 16.6054, 16.6054, 272.667, 16.6054, 16.6054, 16.6054, 20.5266, 2.50014, 16.6054, 16.6054, 14.1052, 9.41345, 1.91094, 16.6054, 16.6054, 14.6945
58240, 1000, 1040.15, 25, 45.1343, 101.633, 220.496, 75.6588, 128.134, 2.60014, 114.388, 25.6321, 472.569, 25, 272.667, 16.6054, 16.6054, 16.6054, 272.667, 16.6054, 16.6054, 16.6054, 20.5266, 2.50014, 16.6054, 16.6054, 14.1053, 9.41346, 1.91094, 16.6054, 16.6054, 14.6944
58320, 1000, 1040.15, 25, 45.1343, 101.633, 220.316, 75.6588, 128.134, 2.6036, 114.447, 25.6321, 472.568, 25, 272.667, 16.6054, 16.6054, 16.6054, 272.667, 16.6054, 16.6054, 16.6054, 20.5266, 2.50014, 16.6054, 16.6054, 14.1053, 9.41348, 1.91094, 16.6054, 16.6054, 14.6944
58400, 1000, 1040.15, 25, 45.1343, 101.633, 220.152, 75.6587, 128.134, 2.60675, 114.5, 25.6321, 472.568, 25, 272.667, 16.6054, 16.6054, 16.6054, 272.667, 16.6054, 16.6054, 16.6054, 20.5266, 2.50014, 16.6054, 16.6054, 14.1053, 9.41349, 1.91095, 16.6054, 16.6054, 14.6944
58480, 1000, 1040.15, 25, 45.1344, 101.633, 220.003, 75.6587, 128.133, 2.60962, 114.549, 25.632, 472.567, 25, 272.667, 16.6054, 16.6054, 16.6054, 272.667, 16.6054, 16.6054, 16.6054, 20.5266, 2.50014, 16.6054, 16.6054, 14.1053, 9.41351, 1.91095, 16.6054, 16.6054, 14.6944
58560, 1000, 1040.15, 25, 45.1344, 101.633, 219.868, 75.6587, 128.133, 2.61223, 114.593, 25.632, 472.567, 25, 272.667, 16.6054, 16.6054, 16.6054, 272.667, 16.6054, 16.6054, 16.6054, 20.5266, 2.50014, 16.6054, 16.6054, 14.1053, 9.41352, 1.91095, 16.6054, 16.6054, 14.6944
58640, 1000, 1040.15, 25, 45.1344, 101.633, 219.745, 75.6586, 128.133, 2.6146, 114.633, 25.632, 472.566, 25, 272.667, 16.6054, 16.6054, 16.6054, 272.667, 16.6054, 16.6054, 16.6054, 20.5266, 2.50013, 16.6054, 16.6054, 14.1053, 9.41353, 1.91095, 16.6054, 16.6054, 14.6944
58720, 1000, 1040.16, 25, 45.1344, 101.633, 219.633, 75.6586, 128.133, 2.61676, 114.669, 25.632, 472.566, 25, 272.667, 16.6054, 16.6054, 16.6054, 272.667, 16.6054, 16.6054, 16.6054, 20.5266, 2.50013, 16.6054, 16.6054, 14.1053, 9.41354, 1.91095, 16.6054, 16.6054, 14.6944
58800, 1000, 1040.16, 25, 45.1344, 101.633, 219.532, 75.6586, 128.133, 2.61872, 114.703, 25.6319, 472.565, 25, 272.667, 16.6054, 16.6054, 16.6054, 272.667, 16.6054, 16.6054, 16.6054, 20.5266, 2.50013, 16.6054, 16.6054, 14.1053, 9.41355, 1.91095, 16.6054, 16.6054, 14.6944
58880, 1000, 1040.16, 25, 45.1344, 101.633, 219.44, 75.6585, 128.133, 2.62051, 114.733, 25.6319, 472.565, 25, 272.667, 16.6054, 16.6054, 16.6054, 272.667, 16.6054, 16.6054, 16.6054, 20.5265, 2.50013, 16.6054, 16.6054, 14.1053, 9.41356, 1.91096, 16.6054, 16.6054, 14.6944
58960, 1000, 1040.16, 25, 45.1345, 101.633, 219.356, 75.6585, 128.133, 2.62213, 114.76, 25.6319, 472.564, 25, 272.667, 16.6054, 16.6054, 16.6054, 272.667, 16.6054, 16.6054, 16.6054, 20.5265, 2.50013, 16.6054, 16.6054, 14.1053, 9.41357, 1.91096, 16.6054, 16.6054, 14.6944
59040, 1000, 1040.16, 25, 45.1345, 101.633, 219.28, 75.6585, 128.133, 2.62361, 114.785, 25.6319, 472.564, 25, 272.667, 16.6054, 16.6054, 16.6054, 272.667, 16.6054, 16.6054, 16.6054, 20.5265, 2.50013, 16.6054, 16.6054, 14.1053, 9.41357, 1.91096, 16.6054, 16.6054, 14.6944
59120, 1000, 1040.16, 25, 45.1345, 101.633, 219.211, 75.6585, 128.133, 2.62495, 114.807, 25.6319, 472.564, 25, 272.667, 16.6054, 16.6054, 16.6054, 272.667, 16.6054, 16.6054, 16.6054, 20.5265, 2.50013, 16.6054, 16.6054, 14.1053, 9.41358, 1.91096, 16.6054, 16.6054, 14.6944
59200, 1000, 1040.16, 25, 45.1345, 101.633, 219.148, 75.6585, 128.133, 2.62617, 114.828, 25.6318, 472.564, 25, 272.667, 16.6054, 16.6054, 16.6054, 272.667, 16.6054, 16.6054, 16.6054, 20.5265, 2.50013, 16.6054, 16.6054, 14.1053, 9.41358, 1.91096, 16.6054, 16.6054, 14.6944
59280, 1000, 1040.16, 25, 45.1345, 101.633, 219.091, 75.6584, 128.133, 2.62728, 114.847, 25.6318, 472.563, 25, 272.667, 16.6054, 16.6054, 16.6054, 272.667, 16.6054, 16.6054, 16.6054, 20.5265, 2.50013, 16.6054, 16.6054, 14.1053, 9.41359, 1.91096, 16.6054, 16.6054, 14.6944
59360, 1000, 1040.16, 25, 45.1345, 101.633, 219.039, 75.6584, 128.133, 2.62829, 114.863, 25.6318, 472.563, 25, 272.667, 16.6054, 16.6054, 16.6054, 272.667, 16.6054, 16.6054, 16.6054, 20.5265, 2.50013, 16.6054, 16.6054, 14.1053, 9.41359, 1.91096, 16.6054, 16.6054, 14.6944
59440, 1000, 1040.16, 25, 45.1345, 101.633, 218.992, 75.6584, 128.133, 2.62921, 114.879, 25.6318, 472.563, 25, 272.667, 16.6054, 16.6054, 16.6054, 272.667, 16.6054, 16.6054, 16.6054, 20.5265, 2.50013, 16.6054, 16.6054, 14.1053, 9.4136, 1.91096, 16.6054, 16.6054, 14.6944
59520, 1000, 1040.16, 25, 45.1345, 101.633, 218.949, 75.6584, 128.133, 2.63004, 114.893, 25.6318, 472.563, 25, 272.667, 16.6054, 16.6054, 16.6054, 272.667, 16.6054, 16.6054, 16.6054, 20.5265, 2.50013, 16.6054, 16.6054, 14.1053, 9.4136, 1.91096, 16.6054, 16.6054, 14.6944
59600, 1000, 1040.16, 25, 45.1345, 101.633, 218.91, 75.6584, 128.133, 2.6308, 114.906, 25.6318, 472.563, 25, 272.667, 16.6054, 16.6054, 16.6054, 272.667, 16.6054, 16.6054, 16.6054, 20.5265, 2.50013, 16.6054, 16.6054, 14.1053, 9.4136, 1.91096, 16.6054, 16.6054, 14.6944
59680, 1000, 1040.16, 25, 45.1345, 101.633, 218.875, 75.6584, 128.133, 2.63149, 114.917, 25.6318, 472.563, 25, 272.667, 16.6054, 16.6054, 16.6054, 272.667, 16.6054, 16.6054, 16.6054, 20.5265, 2.50013, 16.6054, 16.6054, 14.1053, 9.41361, 1.91096, 16.6054, 16.6054, 14.6944
59760, 1000, 1040.16, 25, 45.1345, 101.633, 218.843, 75.6584, 128.133, 2.63211, 114.928, 25.6318, 472.562, 25, 272.667, 16.6054, 16.6054, 16.6054, 272.667, 16.6054, 16.6054, 16.6054, 20.5265, 2.50013, 16.6054, 16.6054, 14.1053, 9.41361, 1.91096, 16.6054, 16.6054, 14.6944
59840, 1000, 1040.16, 25, 45.1345, 101.633, 218.814, 75.6584, 128.133, 2.63268, 114.937, 25.6318, 472.562, 25, 272.667, 16.6054, 16.6054, 16.6054, 272.667, 16.6054, 16.6054, 16.6054, 20.5265, 2.50013, 16.6054, 16.6054, 14.1053, 9.41361, 1.91096, 16.6054, 16.6054, 14.6944
59920, 1000, 1040.16, 25, 45.1346, 101.633, 218.787, 75.6583, 128.133, 2.6332, 114.946, 25.6318, 472.562, 25, 272.667, 16.6054, 16.6054, 16.6054, 272.667, 16.6054, 16.6054, 16.6054, 20.5265, 2.50013, 16.6054, 16.6054, 14.1053, 9.41362, 1.91097, 16.6054, 16.6054, 14.6944
60000, 1000, 1040.16, 25, 45.1346, 101.633, 218.763, 75.6583, 128.133, 2.63367, 114.954, 25.6318, 472.562, 25, 272.667, 16.6054, 16.6054, 16.6054, 272.667, 16.6054, 16.6054, 16.6054, 20.5265, 2.50013, 16.6054, 16.6054, 14.1053, 9.41362, 1.91097, 16.6054, 16.6054, 14.6944
60080, 1000, 1040.16, 25, 45.1346, 101.633, 218.741, 75.6583, 128.133, 2.6341, 114.961, 25.6318, 472.562, 25, 272.667, 16.6054, 16.6054, 16.6054, 272.667, 16.6054, 16.6054, 16.6054, 20.5265, 2.50013, 16.6054, 16.6054, 14.1053, 9.41362, 1.91097, 16.6054, 16.6054, 14.6944
60160, 1000, 1040.16, 25, 45.1346, 101.633, 218.721, 75.6583, 128.133, 2.63448, 114.967, 25.6318, 472.562, 25, 272.667, 16.6054, 16.6054, 16.6054, 272.667, 16.6054, 16.6054, 16.6054, 20.5265, 2.50013, 16.6054, 16.6054, 14.1053, 9.41362, 1.91097, 16.6054, 16.6054, 14.6944
60240, 1000, 1040.16, 25, 45.1346, 101.633, 218.703, 75.6583, 128.133, 2.63484, 114.973, 25.6318, 472.562, 25, 272.667, 16.6054, 16.6054, 16.6054, 272.667, 16.6054, 16.6054, 16.6054, 20.5265, 2.50013, 16.6054, 16.6054, 14.1053, 9.41362, 1.91097, 16.6054, 16.6054, 14.6944
60320, 1000, 1040.16, 25, 45.1346, 101.633, 218.687, 75.6583, 128.133, 2.63516, 114.979, 25.6317, 472.562, 25, 272.667, 16.6054, 16.6054, 16.6054, 272.667, 16.6054, 16.6054, 16.6054, 20.5265, 2.50013, 16.6054, 16.6054, 14.1053, 9.41362, 1.91097, 16.6054, 16.6054, 14.6944
60400, 1000, 1040.16, 25, 45.1346, 101.633, 218.672, 75.6583, 128.133, 2.63545, 114.984, 25.6317, 472.562, 25, 272.667, 16.6054, 16.6054, 16.6054, 272.667, 16.6054, 16.6054, 16.6054, 20.5265, 2.50013, 16.6054, 16.6054, 14.1053, 9.41363, 1.91097, 16.6054, 16.6054, 14.6944
60480, 1000, 1040.16, 25, 45.1346, 101.633, 218.658, 75.6583, 128.133, 2.63571, 114.988, 25.6317, 472.562, 25, 272.667, 16.6054, 16.6054, 16.6054, 272.667, 16.6054, 16.6054, 16.6054, 20.5265, 2.50013, 16.6054, 16.6054, 14.1053, 9.41363, 1.91097, 16.6054, 16.6054, 14.6944
60560, 1000, 1040.16, 25, 45.1346, 101.633, 218.646, 75.6583, 128.133, 2.63595, 114.992, 25.6317, 472.562, 25, 272.667, 16.6054, 16.6054, 16.6054, 272.667, 16.6054, 16.6054, 16.6054, 20.5265, 2.50013, 16.6054, 16.6054, 14.1053, 9.41363, 1.91097, 16.6054, 16.6054, 14.6944
60640, 1000, 1040.16, 25, 45.1346, 101.633, 218.635, 75.6583, 128.133, 2.63617, 114.996, 25.6317, 472.562, 25, 272.667, 16.6054, 16.6054, 16.6054, 272.667, 16.6054, 16.6054, 16.6054, 20.5265, 2.50013, 16.6054, 16.6054, 14.1053, 9.41363, 1.91097, 16.6054, 16.6054, 14.6944
60720, 1000, 1040.16, 25, 45.1346, 101.633, 218.624, 75.6583, 128.133, 2.63637, 114.999, 25.6317, 472.561, 25, 272.667, 16.6054, 16.6054, 16.6054, 272.667, 16.6054, 16.6054, 16.6054, 20.5265, 2.50013, 16.6054, 16.6054, 14.1053, 9.41363, 1.91097, 16.6054, 16.6054, 14.6944
60800, 1000, 1040.16, 25, 45.1346, 101.633, 218.615, 75.6583, 128.133, 2.63655, 115.002, 25.6317, 472.561, 25, 272.667, 16.6054, 16.6054, 16.6054, 272.667, 16.6054, 16.6054, 16.6054, 20.5265, 2.50013, 16.6054, 16.6054, 14.1053, 9.41363, 1.91097, 16.6054, 16.6054, 14.6944
60880, 1000, 1040.16, 25, 45.1346, 101.633, 218.607, 75.6583, 128.133, 2.63672, 115.005, 25.6317, 472.561, 25, 272.667, 16.6054, 16.6054, 16.6054, 272.667, 16.6054, 16.6054, 16.6054, 20.5265, 2.50013, 16.6054, 16.6054, 14.1053, 9.41363, 1.91097, 16.6054, 16.6054, 14.6944
60960, 1000, 1040.16, 25, 45.1346, 101.633, 218.599, 75.6583, 128.133, 2.63687, 115.007, 25.6317, 472.561, 25, 272.667, 16.6054, 16.6054, 16.6054, 272.667, 16.6054, 16.6054, 16.6054, 20.5265, 2.50013, 16.6054, 16.6054, 14.1053, 9.41363, 1.91097, 16.6054, 16.6054, 14.6944
61040, 1000, 1040.16, 25, 45.1346, 101.633, 218.592, 75.6583, 128.133, 2.637, 115.01, 25.6317, 472.561, 25, 272.667, 16.6054, 16.6054, 16.6054, 272.667, 16.6054, 16.6054, 16.6054, 20.5265, 2.50013, 16.6054, 16.6054, 14.1053, 9.41363, 1.91097, 16.6054, 16.6054, 14.6944
61120, 1000, 1040.16, 25, 45.1346, 101.633, 218.586, 75.6583, 128.133, 2.63713, 115.012, 25.6317, 472.561, 25, 272.667, 16.6054, 16.6054, 16.6054, 272.667, 16.6054, 16.6054, 16.6054, 20.5265, 2.50013, 16.6054, 16.6054, 14.1053, 9.41363, 1.91097, 16.6054, 16.6054, 14.6944
61200, 1000, 1040.16, 25, 45.1346, 101.633, 218.58, 75.6583, 128.133, 2.63724, 115.013, 25.6317, 472.561, 25, 272.667, 16.6054, 16.6054, 16.6054, 272.667, 16.6054, 16.6054, 16.6054, 20.5265, 2.50013, 16.6054, 16.6054, 14.1053, 9.41363, 1.91097, 16.6054, 16.6054, 14.6944
61280, 1000, 1040.16, 25, 45.1346, 101.633, 218.575, 75.6583, 128.133, 2.63734, 115.015, 25.6317, 472.561, 25, 272.667, 16.6054, 16.6054, 16.6054, 272.667, 16.6054, 16.6054, 16.6054, 20.5265, 2.50013, 16.6054, 16.6054, 14.1053, 9.41363, 1.91097, 16.6054, 16.6054, 14.6944
61360, 1000, 1040.16, 25, 45.1346, 101.633, 218.57, 75.6583, 128.133, 2.63743, 115.017, 25.6317, 472.561, 25, 272.667, 16.6054, 16.6054, 16.6054, 272.667, 16.6054, 16.6054, 16.6054, 20.5265, 2.50013, 16.6054, 16.6054, 14.1053, 9.41364, 1.91097, 16.6054, 16.6054, 14.6944
61440, 1000, 1040.16, 25, 45.1346, 101.633, 218.566, 75.6583, 128.133, 2.63752, 115.018, 25.6317, 472.561, 25, 272.667, 16.6054, 16.6054, 16.6054, 272.667, 16.6054, 16.6054, 16.6054, 20.5265, 2.50013, 16.6054, 16.6054, 14.1053, 9.41364, 1.91097, 16.6054, 16.6054, 14.6944
61520, 1000, 1040.16, 25, 45.1346, 101.633, 218.562, 75.6583, 128.133, 2.63759, 115.019, 25.6317, 472.561, 25, 272.667, 16.6054, 16.6054, 16.6054, 272.667, 16.6054, 16.6054, 16.6054, 20.5265, 2.50013, 16.6054, 16.6054, 14.1053, 9.41364, 1.91097, 16.6054, 16.6054, 14.6944
61600, 1000, 1040.16, 25, 45.1346, 101.633, 218.558, 75.6583, 128.133, 2.63766, 115.021, 25.6317, 472.561, 25, 272.667, 16.6054, 16.6054, 16.6054, 272.667, 16.6054, 16.6054, 16.6054, 20.5265, 2.50013, 16.6054, 16.6054, 14.1053, 9.41364, 1.91097, 16.6054, 16.6054, 14.6944
61680, 1000, 1040.16, 25, 45.1346, 101.633, 218.555, 75.6583, 128.133, 2.63773, 115.022, 25.6317, 472.561, 25, 272.667, 16.6054, 16.6054, 16.6054, 272.667, 16.6054, 16.6054, 16.6054, 20.5265, 2.50013, 16.6054, 16.6054, 14.1053, 9.41364, 1.91097, 16.6054, 16.6054, 14.6944
61760, 1000, 1040.16, 25, 45.1346, 101.633, 218.552, 75.6583, 128.133, 2.63778, 115.023, 25.6317, 472.561, 25, 272.667, 16.6054, 16.6054, 16.6054, 272.667, 16.6054, 16.6054, 16.6054, 20.5265, 2.50013, 16.6054, 16.6054, 14.1053, 9.41364, 1.91097, 16.6054, 16.6054, 14.6944
61840, 1000, 1040.16, 25, 45.1346, 101.633, 218.55, 75.6583, 128.133, 2.63783, 115.023, 25.6317, 472.561, 25, 272.667, 16.6054, 16.6054, 16.6054, 272.667, 16.6054, 16.6054, 16.6054, 20.5265, 2.50013, 16.6054, 16.6054, 14.1053, 9.41364, 1.91097, 16.6054, 16.6054, 14.6944
61920, 1000, 1040.16, 25, 45.1346, 101.633, 218.547, 75.6583, 128.133, 2.63788, 115.024, 25.6317, 472.561, 25, 272.667, 16.6054, 16.6054, 16.6054, 272.667, 16.6054, 16.6054, 16.6054, 20.5265, 2.50013, 16.6054, 16.6054, 14.1053, 9.41364, 1.91097, 16.6054, 16.6054, 14.6944
62000, 1000, 1040.16, 25, 45.1346, 101.633, 218.545, 75.6583, 128.133, 2.63793, 115.025, 25.6317, 472.561, 25, 272.667, 16.6054, 16.6054, 16.6054, 272.667, 16.6054, 16.6054, 16.6054, 20.5265, 2.50013, 16.6054, 16.6054, 14.1053, 9.41364, 1.91097, 16.6054, 16.6054, 14.6944
62080, 1000, 1040.16, 25, 45.1346, 101.633, 218.543, 75.6583, 128.133, 2.63796, 115.026, 25.6317, 472.561, 25, 272.667, 16.6054, 16.6054, 16.6054, 272.667, 16.6054, 16.6054, 16.6054, 20.5265, 2.50013, 16.6054, 16.6054, 14.1053, 9.41364, 1.91097, 16.6054, 16.6054, 14.6944
62160, 1000, 1040.16, 25, 45.1346, 101.633, 218.541, 75.6583, 128.133, 2.638, 115.026, 25.6317, 472.561, 25, 272.667, 16.6054, 16.6054, 16.6054, 272.667, 16.6054, 16.6054, 16.6054, 20.5265, 2.50013, 16.6054, 16.6054, 14.1053, 9.41364, 1.91097, 16.6054, 16.6054, 14.6944
62240, 1000, 1040.16, 25, 45.1346, 101.633, 218.539, 75.6583, 128.133, 2.63803, 115.027, 25.6317, 472.561, 25, 272.667, 16.6054, 16.6054, 16.6054, 272.667, 16.6054, 16.6054, 16.6054, 20.5265, 2.50013, 16.6054, 16.6054, 14.1053, 9.41364, 1.91097, 16.6054, 16.6054, 14.6944
62320, 1000, 1040.16, 25, 45.1346, 101.633, 218.538, 75.6583, 128.133, 2.63806, 115.027, 25.6317, 472.561, 25, 272.667, 16.6054, 16.6054, 16.6054, 272.667, 16.6054, 16.6054, 16.6054, 20.5265, 2.50013, 16.6054, 16.6054, 14.1053, 9.41364, 1.91097, 16.6054, 16.6054, 14.6944
62400, 1000, 1040.16, 25, 45.1346, 101.633, 218.537, 75.6583, 128.133, 2.63809, 115.028, 25.6317, 472.561, 25, 272.667, 16.6054, 16.6054, 16.6054, 272.667, 16.6054, 16.6054, 16.6054, 20.5265, 2.50013, 16.6054, 16.6054, 14.1053, 9.41364, 1.91097, 16.6054, 16.6054, 14.6944
62480, 1000, 1040.16, 25, 45.1346, 101.633, 218.535, 75.6583, 128.133, 2.63811, 115.028, 25.6317, 472.561, 25, 272.667, 16.6054, 16.6054, 16.6054, 272.667, 16.6054, 16.6054, 16.6054, 20.5265, 2.50013, 16.6054, 16.6054, 14.1053, 9.41364, 1.91097, 16.6054, 16.6054, 14.6944
62560, 1000, 1040.16, 25, 45.1346, 101.633, 218.534, 75.6583, 128.133, 2.63813, 115.028, 25.6317, 472.561, 25, 272.667, 16.6054, 16.6054, 16.6054, 272.667, 16.6054, 16.6054, 16.6054, 20.5265, 2.50012, 16.6054, 16.6054, 14.1053, 9.41364, 1.91097, 16.6054, 16.6054, 14.6944
62640, 1000, 1040.16, 25, 45.1346, 101.633, 218.533, 75.6583, 128.133, 2.63815, 115.029, 25.6317, 472.561, 25, 272.667, 16.6054, 16.6054, 16.6054, 272.667, 16.6054, 16.6054, 16.6054, 20.5265, 2.50012, 16.6054, 16.6054, 14.1053, 9.41364, 1.91097, 16.6054, 16.6054, 14.6944
62720, 1000, 1040.16, 25, 45.1346, 101.633, 218.532, 75.6583, 128.133, 2.63817, 115.029, 25.6317, 472.561, 25, 272.667, 16.6054, 16.6054, 16.6054, 272.667, 16.6054, 16.6054, 16.6054, 20.5265, 2.50012, 16.6054, 16.6054, 14.1053, 9.41364, 1.91097, 16.6054, 16.6054, 14.6944
62800, 1000, 1040.16, 25, 45.1346, 101.633, 218.531, 75.6583, 128.133, 2.63819, 115.029, 25.6317, 472.561, 25, 272.667, 16.6054, 16.6054, 16.6054, 272.667, 16.6054, 16.6054, 16.6054, 20.5265, 2.50012, 16.6054, 16.6054, 14.1053, 9.41364, 1.91097, 16.6054, 16.6054, 14.6944
62880, 1000, 1040.16, 25, 45.1346, 101.633, 218.531, 75.6583, 128.133, 2.6382, 115.03, 25.6317, 472.561, 25, 272.667, 16.6054, 16.6054, 16.6054, 272.667, 16.6054, 16.6054, 16.6054, 20.5265, 2.50012, 16.6054, 16.6054, 14.1053, 9.41364, 1.91097, 16.6054, 16.6054, 14.6944
62960, 1000, 1040.16, 25, 45.1346, 101.633, 218.53, 75.6583, 128.133, 2.63822, 115.03, 25.6317, 472.561, 25, 272.667, 16.6054, 16.6054, 16.6054, 272.667, 16.6054, 16.6054, 16.6054, 20.5265, 2.50012, 16.6054, 16.6054, 14.1053, 9.41364, 1.91097, 16.6054, 16.6054, 14.6944
63040, 1000, 1040.16, 25, 45.1346, 101.633, 218.529, 75.6583, 128.133, 2.63823, 115.03, 25.6317, 472.561, 25, 272.667, 16.6054, 16.6054, 16.6054, 272.667, 16.6054, 16.6054, 16.6054, 20.5265, 2.50012, 16.6054, 16.6054, 14.1053, 9.41364, 1.91097, 16.6054, 16.6054, 14.6944
63120, 1000, 1040.16, 25, 45.1346, 101.633, 218.529, 75.6583, 128.133, 2.63824, 115.03, 25.6317, 472.561, 25, 272.667, 16.6054, 16.6054, 16.6054, 272.667, 16.6054, 16.6054, 16.6054, 20.5265, 2.50012, 16.6054, 16.6054, 14.1053, 9.41364, 1.91097, 16.6054, 16.6054, 14.6944
63200, 1000, 1040.16, 25, 45.1346, 101.633, 218.528, 75.6583, 128.133, 2.63825, 115.03, 25.6317, 472.561, 25, 272.667, 16.6054, 16.6054, 16.6054, 272.667, 16.6054, 16.6054, 16.6054, 20.5265, 2.50012, 16.6054, 16.6054, 14.1053, 9.41364, 1.91097, 16.6054, 16.6054, 14.6944
63280, 1000, 1040.16, 25, 45.1346, 101.633, 218.528, 75.6583, 128.133, 2.63826, 115.031, 25.6317, 472.561, 25, 272.667, 16.6054, 16.6054, 16.6054, 272.667, 16.6054, 16.6054, 16.6054, 20.5265, 2.50012, 16.6054, 16.6054, 14.1053, 9.41364, 1.91097, 16.6054, 16.6054, 14.6944
63360, 1000, 1040.16, 25, 45.1346, 101.633, 218.527, 75.6583, 128.133, 2.63827, 115.031, 25.6317, 472.561, 25, 272.667, 16.6054, 16.6054, 16.6054, 272.667, 16.6054, 16.6054, 16.6054, 20.5265, 2.50012, 16.6054, 16.6054, 14.1053, 9.41364, 1.91097, 16.6054, 16.6054, 14.6944
63440, 1000, 1040.16, 25, 45.1346, 101.633, 218.527, 75.6583, 128.133, 2.63828, 115.031, 25.6317, 472.561, 25, 272.667, 16.6054, 16.6054, 16.6054, 272.667, 16.6054, 16.6054, 16.6054, 20.5265, 2.50012, 16.6054, 16.6054, 14.1053, 9.41364, 1.91097, 16.6054, 16.6054, 14.6944
63520, 1000, 1040.16, 25, 45.1346, 101.633, 218.527, 75.6583, 128.133, 2.63828, 115.031, 25.6317, 472.561, 25, 272.667, 16.6054, 16.6054, 16.6054, 272.667, 16.6054, 16.6054, 16.6054, 20.5265, 2.50012, 16.6054, 16.6054, 14.1053, 9.41364, 1.91097, 16.6054, 16.6054, 14.6944
63600, 1000, 1040.16, 25, 45.1346, 101.633, 218.526, 75.6583, 128.133, 2.63829, 115.031, 25.6317, 472.561, 25, 272.667, 16.6054, 16.6054, 16.6054, 272.667, 16.6054, 16.6054, 16.6054, 20.5265, 2.50012, 16.6054, 16.6054, 14.1053, 9.41364, 1.91097, 16.6054, 16.6054, 14.6944
63680, 1000, 1040.16, 25, 45.1346, 101.633, 218.526, 75.6583, 128.133, 2.6383, 115.031, 25.6317, 472.561, 25, 272.667, 16.6054, 16.6054, 16.6054, 272.667, 16.6054, 16.6054, 16.6054, 20.5265, 2.50012, 16.6054, 16.6054, 14.1053, 9.41364, 1.91097, 16.6054, 16.6054, 14.6944
63760, 1000, 1040.16, 25, 45.1346, 101.633, 218.526, 75.6583, 128.133, 2.6383, 115.031, 25.6317, 472.561, 25, 272.667, 16.6054, 16.6054, 16.6054, 272.667, 16.6054, 16.6054, 16.6054, 20.5265, 2.50012, 16.6054, 16.6054, 14.1053, 9.41364, 1.91097, 16.6054, 16.6054, 14.6944
63840, 1000, 1040.16, 25, 45.1346, 101.633, 218.525, 75.6583, 128.133, 2.63831, 115.031, 25.6317, 472.561, 25, 272.667, 16.6054, 16.6054, 16.6054, 272.667, 16.6054, 16.6054, 16.6054, 20.5265, 2.50012, 16.6054, 16.6054, 14.1053, 9.41364, 1.91097, 16.6054, 16.6054, 14.6944
63920, 1000, 1040.16, 25, 45.1346, 101.633, 218.525, 75.6583, 128.133, 2.63831, 115.031, 25.6317, 472.561, 25, 272.667, 16.6054, 16.6054, 16.6054, 272.667, 16.6054, 16.6054, 16.6054, 20.5265, 2.50012, 16.6054, 16.6054, 14.1053, 9.41364, 1.91097, 16.6054, 16.6054, 14.6944
64000, 1000, 1040.16, 25, 45.1346, 101.633, 218.525, 75.6583, 128.133, 2.63831, 115.031, 25.6317, 472.561, 25, 272.667, 16.6054, 16.6054, 16.6054, 272.667, 16.6054, 16.6054, 16.6054, 20.5265, 2.50012, 16.6054, 16.6054, 14.1053, 9.41364, 1.91097, 16.6054, 16.6054, 14.6944
64080, 1000, 1040.16, 25, 45.1346, 101.633, 218.525, 75.6583, 128.133, 2.63832, 115.032, 25.6317, 472.561, 25, 272.667, 16.6054, 16.6054, 16.6054, 272.667, 16.6054, 16.6054, 16.6054, 20.5265, 2.50012, 16.6054, 16.6054, 14.1053, 9.41364, 1.91097, 16.6054, 16.6054, 14.6944
64160, 1000, 1040.16, 25, 45.1346, 101.633, 218.525, 75.6583, 128.133, 2.63832, 115.032, 25.6317, 472.561, 25, 272.667, 16.6054, 16.6054, 16.6054, 272.667, 16.6054, 16.6054, 16.6054, 20.5265, 2.50012, 16.6054, 16.6054, 14.1053, 9.41364, 1.91097, 16.6054, 16.6054, 14.6944
64240, 1000, 1040.16, 25, 45.1346, 101.633, 218.525, 75.6583, 128.133, 2.63832, 115.032, 25.6317, 472.561, 25, 272.667, 16.6054, 16.6054, 16.6054, 272.667, 16.6054, 16.6054, 16.6054, 20.5265, 2.50012, 16.6054, 16.6054, 14.1053, 9.41364, 1.91097, 16.6054, 16.6054, 14.6944
64320, 1000, 1040.16, 25, 45.1346, 101.633, 218.524, 75.6583, 128.133, 2.63833, 115.032, 25.6317, 472.561, 25, 272.667, 16.6054, 16.6054, 16.6054, 272.667, 16.6054, 16.6054, 16.6054, 20.5265, 2.50012, 16.6054, 16.6054, 14.1053, 9.41364, 1.91097, 16.6054, 16.6054, 14.6944
64400, 1000, 1040.16, 25, 45.1346, 101.633, 218.524, 75.6583, 128.133, 2.63833, 115.032, 25.6317, 472.561, 25, 272.667, 16.6054, 16.6054, 16.6054, 272.667, 16.6054, 16.6054, 16.6054, 20.5265, 2.50012, 16.6054, 16.6054, 14.1053, 9.41364, 1.91097, 16.6054, 16.6054, 14.6944
64480, 1000, 1040.16, 25, 45.1346, 101.633, 218.524, 75.6583, 128.133, 2.63833, 115.032, 25.6317, 472.561, 25, 272.667, 16.6054, 16.6054, 16.6054, 272.667, 16.6054, 16.6054, 16.6054, 20.5265, 2.50012, 16.6054, 16.6054, 14.1053, 9.41364, 1.91097, 16.6054, 16.6054, 14.6944
64560, 1000, 1040.16, 25, 45.1346, 101.633, 218.524, 75.6583, 128.133, 2.63833, 115.032, 25.6317, 472.561, 25, 272.667, 16.6054, 16.6054, 16.6054, 272.667, 16.6054, 16.6054, 16.6054, 20.5265, 2.50012, 16.6054, 16.6054, 14.1053, 9.41364, 1.91097, 16.6054, 16.6054, 14.6944
64640, 1000, 1040.16, 25, 45.1346, 101.633, 218.524, 75.6583, 128.133, 2.63834, 115.032, 25.6317, 472.561, 25, 272.667, 16.6054, 16.6054, 16.6054, 272.667, 16.6054, 16.6054, 16.6054, 20.5265, 2.50012, 16.6054, 16.6054, 14.1053, 9.41364, 1.91097, 16.6054, 16.6054, 14.6944
64720, 1000, 1040.16, 25, 45.1346, 101.633, 218.524, 75.6583, 128.133, 2.63834, 115.032, 25.6317, 472.561, 25, 272.667, 16.6054, 16.6054, 16.6054, 272.667, 16.6054, 16.6054, 16.6054, 20.5265, 2.50012, 16.6054, 16.6054, 14.1053, 9.41364, 1.91097, 16.6054, 16.6054, 14.6944
64800, 1000, 1040.16, 25, 45.1346, 101.633, 218.524, 75.6583, 128.133, 2.63834, 115.032, 25.6317, 472.561, 25, 272.667, 16.6054, 16.6054, 16.6054, 272.667, 16.6054, 16.6054, 16.6054, 20.5265, 2.50012, 16.6054, 16.6054, 14.1053, 9.41364, 1.91097, 16.6054, 16.6054, 14.6944
64880, 1000, 1040.16, 25, 45.1346, 101.633, 218.524, 75.6583, 128.133, 2.63834, 115.032, 25.6317, 472.561, 25, 272.667, 16.6054, 16.6054, 16.6054, 272.667, 16.6054, 16.6054, 16.6054, 20.5265, 2.50012, 16.6054, 16.6054, 14.1053, 9.41364, 1.91097, 16.6054, 16.6054, 14.6944
64960, 1000, 1040.16, 25, 45.1346, 101.633, 218.524, 75.6583, 128.133, 2.63834, 115.032, 25.6317, 472.561, 25, 272.667, 16.6054, 16.6054, 16.6054, 272.667, 16.6054, 16.6054, 16.6054, 20.5265, 2.50012, 16.6054, 16.6054, 14.1053, 9.41364, 1.91097, 16.6054, 16.6054, 14.6944
65040, 1000, 1040.16, 25, 45.1346, 101.633, 218.524, 75.6583, 128.133, 2.63834, 115.032, 25.6317, 472.561, 25, 272.667, 16.6054, 16.6054, 16.6054, 272.667, 16.6054, 16.6054, 16.6054, 20.5265, 2.50012, 16.6054, 16.6054, 14.1053, 9.41364, 1.91097, 16.6054, 16.6054, 14.6944
65120, 1000, 1040.16, 25, 45.1346, 101.633, 218.524, 75.6583, 128.133, 2.63834, 115.032, 25.6317, 472.561, 25, 272.667, 16.6054, 16.6054, 16.6054, 272.667, 16.6054, 16.6054, 16.6054, 20.5265, 2.50012, 16.6054, 16.6054, 14.1053, 9.41364, 1.91097, 16.6054, 16.6054, 14.6944
65200, 1000, 1040.16, 25, 45.1346, 101.633, 218.524, 75.6583, 128.133, 2.63834, 115.032, 25.6317, 472.561, 25, 272.667, 16.6054, 16.6054, 16.6054, 272.667, 16.6054, 16.6054, 16.6054, 20.5265, 2.50012, 16.6054, 16.6054, 14.1053, 9.41364, 1.91097, 16.6054, 16.6054, 14.6944
65280, 1000, 1040.16, 25, 45.1346, 101.633, 218.524, 75.6583, 128.133, 2.63835, 115.032, 25.6317, 472.561, 25, 272.667, 16.6054, 16.6054, 16.6054, 272.667, 16.6054, 16.6054, 16.6054, 20.5265, 2.50012, 16.6054, 16.6054, 14.1053, 9.41364, 1.91097, 16.6054, 16.6054, 14.6944
65360, 1000, 1040.16, 25, 45.1346, 101.633, 218.523, 75.6583, 128.133, 2.63835, 115.032, 25.6317, 472.561, 25, 272.667, 16.6054, 16.6054, 16.6054, 272.667, 16.6054, 16.6054, 16.6054, 20.5265, 2.50012, 16.6054, 16.6054, 14.1053, 9.41364, 1.91097, 16.6054, 16.6054, 14.6944
65440, 1000, 1040.16, 25, 45.1346, 101.633, 218.523, 75.6583, 128.133, 2.63835, 115.032, 25.6317, 472.561, 25, 272.667, 16.6054, 16.6054, 16.6054, 272.667, 16.6054, 16.6054, 16.6054, 20.5265, 2.50012, 16.6054, 16.6054, 14.1053, 9.41364, 1.91097, 16.6054, 16.6054, 14.6944
65520, 1000, 1040.16, 25, 45.1346, 101.633, 218.523, 75.6583, 128.133, 2.63835, 115.032, 25.6317, 472.561, 25, 272.667, 16.6054, 16.6054, 16.6054, 272.667, 16.6054, 16.6054, 16.6054, 20.5265, 2.50012, 16.6054, 16.6054, 14.1053, 9.41364, 1.91097, 16.6054, 16.6054, 14.6944
65600, 1000, 1040.16, 25, 45.1346, 101.633, 218.523, 75.6583, 128.133, 2.63835, 115.032, 25.6317, 472.561, 25, 272.667, 16.6054, 16.6054, 16.6054, 272.667, 16.6054, 16.6054, 16.6054, 20.5265, 2.50012, 16.6054, 16.6054, 14.1053, 9.41364, 1.91097, 16.6054, 16.6054, 14.6944
65680, 1000, 1040.16, 25, 45.1346, 101.633, 218.523, 75.6583, 128.133, 2.63835, 115.032, 25.6317, 472.561, 25, 272.667, 16.6054, 16.6054, 16.6054, 272.667, 16.6054, 16.6054, 16.6054, 20.5265, 2.50012, 16.6054, 16.6054, 14.1053, 9.41364, 1.91097, 16.6054, 16.6054, 14.6944
65760, 1000, 1040.16, 25, 45.1346, 101.633, 218.523, 75.6583, 128.133, 2.63835, 115.032, 25.6317, 472.561, 25, 272.667, 16.6054, 16.6054, 16.6054, 272.667, 16.6054, 16.6054, 16.6054, 20.5265, 2.50012, 16.6054, 16.6054, 14.1053, 9.41364, 1.91097, 16.6054, 16.6054, 14.6944
65840, 1000, 1040.16, 25, 45.1346, 101.633, 218.523, 75.6583, 128.133, 2.63835, 115.032, 25.6317, 472.561, 25, 272.667, 16.6054, 16.6054, 16.6054, 272.667, 16.6054, 16.6054, 16.6054, 20.5265, 2.50012, 16.6054, 16.6054, 14.1053, 9.41364, 1.91097, 16.6054, 16.6054, 14.6944
65920, 1000, 1040.16, 25, 45.1346, 101.633, 218.523, 75.6583, 128.133, 2.63835, 115.032, 25.6317, 472.561, 25, 272.667, 16.6054, 16.6054, 16.6054, 272.667, 16.6054, 16.6054, 16.6054, 20.5265, 2.50012, 16.6054, 16.6054, 14.1053, 9.41364, 1.91097, 16.6054, 16.6054, 14.6944
66000, 1000, 1040.16, 25, 45.1346, 101.633, 218.523, 75.6583, 128.133, 2.63835, 115.032, 25.6317, 472.561, 25, 272.667, 16.6054, 16.6054, 16.6054, 272.667, 16.6054, 16.6054, 16.6054, 20.5265, 2.50012, 16.6054, 16.6054, 14.1053, 9.41364, 1.91097, 16.6054, 16.6054, 14.6944
66080, 1000, 1040.16, 25, 45.1346, 101.633, 218.523, 75.6583, 128.133, 2.63835, 115.032, 25.6317, 472.561, 25, 272.667, 16.6054, 16.6054, 16.6054, 272.667, 16.6054, 16.6054, 16.6054, 20.5265, 2.50012, 16.6054, 16.6054, 14.1053, 9.41364, 1.91097, 16.6054, 16.6054, 14.6944
66160, 1000, 1040.16, 25, 45.1346, 101.633, 218.523, 75.6583, 128.133, 2.63835, 115.032, 25.6317, 472.561, 25, 272.667, 16.6054, 16.6054, 16.6054, 272.667, 16.6054, 16.6054, 16.6054, 20.5265, 2.50012, 16.6054, 16.6054, 14.1053, 9.41364, 1.91097, 16.6054, 16.6054, 14.6944
66240, 1000, 1040.16, 25, 45.1346, 101.633, 218.523, 75.6583, 128.133, 2.63835, 115.032, 25.6317, 472.561, 25, 272.667, 16.6054, 16.6054, 16.6054, 272.667, 16.6054, 16.6054, 16.6054, 20.5265, 2.50012, 16.6054, 16.6054, 14.1053, 9.41364, 1.91097, 16.6054, 16.6054, 14.6944
66320, 1000, 1040.16, 25, 45.1346, 101.633, 218.523, 75.6583, 128.133, 2.63835, 115.032, 25.6317, 472.561, 25, 272.667, 16.6054, 16.6054, 16.6054, 272.667, 16.6054, 16.6054, 16.6054, 20.5265, 2.50012, 16.6054, 16.6054, 14.1053, 9.41364, 1.91097, 16.6054, 16.6054, 14.6944
66400, 1000, 1040.16, 25, 45.1346, 101.633, 218.523, 75.6583, 128.133, 2.63835, 115.032, 25.6317, 472.561, 25, 272.667, 16.6054, 16.6054, 16.6054, 272.667, 16.6054, 16.6054, 16.6054, 20.5265, 2.50012, 16.6054, 16.6054, 14.1053, 9.41364, 1.91097, 16.6054, 16.6054, 14.6944
66480, 1000, 1040.16, 25, 45.1346, 101.633, 218.523, 75.6583, 128.133, 2.63835, 115.032, 25.6317, 472.561, 25, 272.667, 16.6054, 16.6054, 16.6054, 272.667, 16.6054, 16.6054, 16.6054, 20.5265, 2.50012, 16.6054, 16.6054, 14.1053, 9.41364, 1.91097, 16.6054, 16.6054, 14.6944
66560, 1000, 1040.16, 25, 45.1346, 101.633, 218.523, 75.6583, 128.133, 2.63835, 115.032, 25.6317, 472.561, 25, 272.667, 16.6054, 16.6054, 16.6054, 272.667, 16.6054, 16.6054, 16.6054, 20.5265, 2.50012, 16.6054, 16.6054, 14.1053, 9.41364, 1.91097, 16.6054, 16.6054, 14.6944
66640, 1000, 1040.16, 25, 45.1346, 101.633, 218.523, 75.6583, 128.133, 2.63835, 115.032, 25.6317, 472.561, 25, 272.667, 16.6054, 16.6054, 16.6054, 272.667, 16.6054, 16.6054, 16.6054, 20.5265, 2.50012, 16.6054, 16.6054, 14.1053, 9.41364, 1.91097, 16.6054, 16.6054, 14.6944
66720, 1000, 1040.16, 25, 45.1346, 101.633, 218.523, 75.6583, 128.133, 2.63835, 115.032, 25.6317, 472.561, 25, 272.667, 16.6054, 16.6054, 16.6054, 272.667, 16.6054, 16.6054, 16.6054, 20.5265, 2.50012, 16.6054, 16.6054, 14.1053, 9.41364, 1.91097, 16.6054, 16.6054, 14.6944
66800, 1000, 1040.16, 25, 45.1346, 101.633, 218.523, 75.6583, 128.133, 2.63835, 115.032, 25.6317, 472.561, 25, 272.667, 16.6054, 16.6054, 16.6054, 272.667, 16.6054, 16.6054, 16.6054, 20.5265, 2.50012, 16.6054, 16.6054, 14.1053, 9.41364, 1.91097, 16.6054, 16.6054, 14.6944
66880, 1000, 1040.16, 25, 45.1346, 101.633, 218.523, 75.6583, 128.133, 2.63835, 115.032, 25.6317, 472.561, 25, 272.667, 16.6054, 16.6054, 16.6054, 272.667, 16.6054, 16.6054, 16.6054, 20.5265, 2.50012, 16.6054, 16.6054, 14.1053, 9.41364, 1.91097, 16.6054, 16.6054, 14.6944
66960, 1000, 1040.16, 25, 45.1346, 101.633, 218.523, 75.6583, 128.133, 2.63835, 115.032, 25.6317, 472.561, 25, 272.667, 16.6054, 16.6054, 16.6054, 272.667, 16.6054, 16.6054, 16.6054, 20.5265, 2.50012, 16.6054, 16.6054, 14.1053, 9.41364, 1.91097, 16.6054, 16.6054, 14.6944
67040, 1000, 1040.16, 25, 45.1346, 101.633, 218.523, 75.6583, 128.133, 2.63835, 115.032, 25.6317, 472.561, 25, 272.667, 16.6054, 16.6054, 16.6054, 272.667, 16.6054, 16.6054, 16.6054, 20.5265, 2.50012, 16.6054, 16.6054, 14.1053, 9.41364, 1.91097, 16.6054, 16.6054, 14.6944
67120, 1000, 1040.16, 25, 45.1346, 101.633, 218.523, 75.6583, 128.133, 2.63835, 115.032, 25.6317, 472.561, 25, 272.667, 16.6054, 16.6054, 16.6054, 272.667, 16.6054, 16.6054, 16.6054, 20.5265, 2.50012, 16.6054, 16.6054, 14.1053, 9.41364, 1.91097, 16.6054, 16.6054, 14.6944
67200, 1000, 1040.16, 25, 45.1346, 101.633, 218.523, 75.6583, 128.133, 2.63835, 115.032, 25.6317, 472.561, 25, 272.667, 16.6054, 16.6054, 16.6054, 272.667, 16.6054, 16.6054, 16.6054, 20.5265, 2.50012, 16.6054, 16.6054, 14.1053, 9.41364, 1.91097, 16.6054, 16.6054, 14.6944
67280, 1000, 1040.16, 25, 45.1346, 101.633, 218.523, 75.6583, 128.133, 2.63835, 115.032, 25.6317, 472.561, 25, 272.667, 16.6054, 16.6054, 16.6054, 272.667, 16.6054, 16.6054, 16.6054, 20.5265, 2.50012, 16.6054, 16.6054, 14.1053, 9.41364, 1.91097, 16.6054, 16.6054, 14.6944
67360, 1000, 1040.16, 25, 45.1346, 101.633, 218.523, 75.6583, 128.133, 2.63835, 115.032, 25.6317, 472.561, 25, 272.667, 16.6054, 16.6054, 16.6054, 272.667, 16.6054, 16.6054, 16.6054, 20.5265, 2.50012, 16.6054, 16.6054, 14.1053, 9.41364, 1.91097, 16.6054, 16.6054, 14.6944
67440, 1000, 1040.16, 25, 45.1346, 101.633, 218.523, 75.6583, 128.133, 2.63835, 115.032, 25.6317, 472.561, 25, 272.667, 16.6054, 16.6054, 16.6054, 272.667, 16.6054, 16.6054, 16.6054, 20.5265, 2.50012, 16.6054, 16.6054, 14.1053, 9.41364, 1.91097, 16.6054, 16.6054, 14.6944
67520, 1000, 1040.16, 25, 45.1346, 101.633, 218.523, 75.6583, 128.133, 2.63835, 115.032, 25.6317, 472.561, 25, 272.667, 16.6054, 16.6054, 16.6054, 272.667, 16.6054, 16.6054, 16.6054, 20.5265, 2.50012, 16.6054, 16.6054, 14.1053, 9.41364, 1.91097, 16.6054, 16.6054, 14.6944
67600, 1000, 1040.16, 25, 45.1346, 101.633, 218.523, 75.6583, 128.133, 2.63835, 115.032, 25.6317, 472.561, 25, 272.667, 16.6054, 16.6054, 16.6054, 272.667, 16.6054, 16.6054, 16.6054, 20.5265, 2.50012, 16.6054, 16.6054, 14.1053, 9.41364, 1.91097, 16.6054, 16.6054, 14.6944
67680, 1000, 1040.16, 25, 45.1346, 101.633, 218.523, 75.6583, 128.133, 2.63835, 115.032, 25.6317, 472.561, 25, 272.667, 16.6054, 16.6054, 16.6054, 272.667, 16.6054, 16.6054, 16.6054, 20.5265, 2.50012, 16.6054, 16.6054, 14.1053, 9.41364, 1.91097, 16.6054, 16.6054, 14.6944
67760, 1000, 1040.16, 25, 45.1346, 101.633, 218.523, 75.6583, 128.133, 2.63835, 115.032, 25.6317, 472.561, 25, 272.667, 16.6054, 16.6054, 16.6054, 272.667, 16.6054, 16.6054, 16.6054, 20.5265, 2.50012, 16.6054, 16.6054, 14.1053, 9.41364, 1.91097, 16.6054, 16.6054, 14.6944
67840, 1000, 1040.16, 25, 45.1346, 101.633, 218.523, 75.6583, 128.133, 2.63835, 115.032, 25.6317, 472.561, 25, 272.667, 16.6054, 16.6054, 16.6054, 272.667, 16.6054, 16.6054, 16.6054, 20.5265, 2.50012, 16.6054, 16.6054, 14.1053, 9.41364, 1.91097, 16.6054, 16.6054, 14.6944
67920, 1000, 1040.16, 25, 45.1346, 101.633, 218.523, 75.6583, 128.133, 2.63835, 115.032, 25.6317, 472.561, 25, 272.667, 16.6054, 16.6054, 16.6054, 272.667, 16.6054, 16.6054, 16.6054, 20.5265, 2.50012, 16.6054, 16.6054, 14.1053, 9.41364, 1.91097, 16.6054, 16.6054, 14.6944
68000, 1000, 1040.16, 25, 45.1346, 101.633, 218.523, 75.6583, 128.133, 2.63835, 115.032, 25.6317, 472.561, 25, 272.667, 16.6054, 16.6054, 16.6054, 272.667, 16.6054, 16.6054, 16.6054, 20.5265, 2.50012, 16.6054, 16.6054, 14.1053, 9.41364, 1.91097, 16.6054, 16.6054, 14.6944
68080, 1000, 1040.16, 25, 45.1346, 101.633, 218.523, 75.6583, 128.133, 2.63835, 115.032, 25.6317, 472.561, 25, 272.667, 16.6054, 16.6054, 16.6054, 272.667, 16.6054, 16.6054, 16.6054, 20.5265, 2.50012, 16.6054, 16.6054, 14.1053, 9.41364, 1.91097, 16.6054, 16.6054, 14.6944
68160, 1000, 1040.16, 25, 45.1346, 101.633, 218.523, 75.6583, 128.133, 2.63835, 115.032, 25.6317, 472.561, 25, 272.667, 16.6054, 16.6054, 16.6054, 272.667, 16.6054, 16.6054, 16.6054, 20.5265, 2.50012, 16.6054, 16.6054, 14.1053, 9.41364, 1.91097, 16.6054, 16.6054, 14.6944
68240, 1000, 1040.16, 25, 45.1346, 101.633, 218.523, 75.6583, 128.133, 2.63835, 115.032, 25.6317, 472.561, 25, 272.667, 16.6054, 16.6054, 16.6054, 272.667, 16.6054, 16.6054, 16.6054, 20.5265, 2.50012, 16.6054, 16.6054, 14.1053, 9.41364, 1.91097, 16.6054, 16.6054, 14.6944
68320, 1000, 1040.16, 25, 45.1346, 101.633, 218.523, 75.6583, 128.133, 2.63835, 115.032, 25.6317, 472.561, 25, 272.667, 16.6054, 16.6054, 16.6054, 272.667, 16.6054, 16.6054, 16.6054, 20.5265, 2.50012, 16.6054, 16.6054, 14.1053, 9.41364, 1.91097, 16.6054, 16.6054, 14.6944
68400, 1000, 1040.16, 25, 45.1346, 101.633, 218.523, 75.6583, 128.133, 2.63835, 115.032, 25.6317, 472.561, 25, 272.667, 16.6054, 16.6054, 16.6054, 272.667, 16.6054, 16.6054, 16.6054, 20.5265, 2.50012, 16.6054, 16.6054, 14.1053, 9.41364, 1.91097, 16.6054, 16.6054, 14.6944
68480, 1000, 1040.16, 25, 45.1346, 101.633, 218.523, 75.6583, 128.133, 2.63835, 115.032, 25.6317, 472.561, 25, 272.667, 16.6054, 16.6054, 16.6054, 272.667, 16.6054, 16.6054, 16.6054, 20.5265, 2.50012, 16.6054, 16.6054, 14.1053, 9.41364, 1.91097, 16.6054, 16.6054, 14.6944
68560, 1000, 1040.16, 25, 45.1346, 101.633, 218.523, 75.6583, 128.133, 2.63835, 115.032, 25.6317, 472.561, 25, 272.667, 16.6054, 16.6054, 16.6054, 272.667, 16.6054, 16.6054, 16.6054, 20.5265, 2.50012, 16.6054, 16.6054, 14.1053, 9.41364, 1.91097, 16.6054, 16.6054, 14.6944
68640, 1000, 1040.16, 25, 45.1346, 101.633, 218.523, 75.6583, 128.133, 2.63835, 115.032, 25.6317, 472.561, 25, 272.667, 16.6054, 16.6054, 16.6054, 272.667, 16.6054, 16.6054, 16.6054, 20.5265, 2.50012, 16.6054, 16.6054, 14.1053, 9.41364, 1.91097, 16.6054, 16.6054, 14.6944
68720, 1000, 1040.16, 25, 45.1346, 101.633, 218.523, 75.6583, 128.133, 2.63835, 115.032, 25.6317, 472.561, 25, 272.667, 16.6054, 16.6054, 16.6054, 272.667, 16.6054, 16.6054, 16.6054, 20.5265, 2.50012, 16.6054, 16.6054, 14.1053, 9.41364, 1.91097, 16.6054, 16.6054, 14.6944
68800, 1000, 1040.16, 25, 45.1346, 101.633, 218.523, 75.6583, 128.133, 2.63835, 115.032, 25.6317, 472.561, 25, 272.667, 16.6054, 16.6054, 16.6054, 272.667, 16.6054, 16.6054, 16.6054, 20.5265, 2.50012, 16.6054, 16.6054, 14.1053, 9.41364, 1.91097, 16.6054, 16.6054, 14.6944
68880, 1000, 1040.16, 25, 45.1346, 101.633, 218.523, 75.6583, 128.133, 2.63835, 115.032, 25.6317, 472.561, 25, 272.667, 16.6054, 16.6054, 16.6054, 272.667, 16.6054, 16.6054, 16.6054, 20.5265, 2.50012, 16.6054, 16.6054, 14.1053, 9.41364, 1.91097, 16.6054, 16.6054, 14.6944
68960, 1000, 1040.16, 25, 45.1346, 101.633, 218.523, 75.6583, 128.133, 2.63835, 115.032, 25.6317, 472.561, 25, 272.667, 16.6054, 16.6054, 16.6054, 272.667, 16.6054, 16.6054, 16.6054, 20.5265, 2.50012, 16.6054, 16.6054, 14.1053, 9.41364, 1.91097, 16.6054, 16.6054, 14.6944
69040, 1000, 1040.16, 25, 45.1346, 101.633, 218.523, 75.6583, 128.133, 2.63835, 115.032, 25.6317, 472.561, 25, 272.667, 16.6054, 16.6054, 16.6054, 272.667, 16.6054, 16.6054, 16.6054, 20.5265, 2.50012, 16.6054, 16.6054, 14.1053, 9.41364, 1.91097, 16.6054, 16.6054, 14.6944
69120, 1000, 1040.16, 25, 45.1346, 101.633, 218.523, 75.6583, 128.133, 2.63835, 115.032, 25.6317, 472.561, 25, 272.667, 16.6054, 16.6054, 16.6054, 272.667, 16.6054, 16.6054, 16.6054, 20.5265, 2.50012, 16.6054, 16.6054, 14.1053, 9.41364, 1.91097, 16.6054, 16.6054, 14.6944
69200, 1000, 1040.16, 25, 45.1346, 101.633, 218.523, 75.6583, 128.133, 2.63835, 115.032, 25.6317, 472.561, 25, 272.667, 16.6054, 16.6054, 16.6054, 272.667, 16.6054, 16.6054, 16.6054, 20.5265, 2.50012, 16.6054, 16.6054, 14.1053, 9.41364, 1.91097, 16.6054, 16.6054, 14.6944
69280, 1000, 1040.16, 25, 45.1346, 101.633, 218.523, 75.6583, 128.133, 2.63835, 115.032, 25.6317, 472.561, 25, 272.667, 16.6054, 16.6054, 16.6054, 272.667, 16.6054, 16.6054, 16.6054, 20.5265, 2.50012, 16.6054, 16.6054, 14.1053, 9.41364, 1.91097, 16.6054, 16.6054, 14.6944
69360, 1000, 1040.16, 25, 45.1346, 101.633, 218.523, 75.6583, 128.133, 2.63835, 115.032, 25.6317, 472.561, 25, 272.667, 16.6054, 16.6054, 16.6054, 272.667, 16.6054, 16.6054, 16.6054, 20.5265, 2.50012, 16.6054, 16.6054, 14.1053, 9.41364, 1.91097, 16.6054, 16.6054, 14.6944
69440, 1000, 1040.16, 25, 45.1346, 101.633, 218.523, 75.6583, 128.133, 2.63835, 115.032, 25.6317, 472.561, 25, 272.667, 16.6054, 16.6054, 16.6054, 272.667, 16.6054, 16.6054, 16.6054, 20.5265, 2.50012, 16.6054, 16.6054, 14.1053, 9.41364, 1.91097, 16.6054, 16.6054, 14.6944
69520, 1000, 1040.16, 25, 45.1346, 101.633, 218.523, 75.6583, 128.133, 2.63835, 115.032, 25.6317, 472.561, 25, 272.667, 16.6054, 16.6054, 16.6054, 272.667, 16.6054, 16.6054, 16.6054, 20.5265, 2.50012, 16.6054, 16.6054, 14.1053, 9.41364, 1.91097, 16.6054, 16.6054, 14.6944
69600, 1000, 1040.16, 25, 45.1346, 101.633, 218.523, 75.6583, 128.133, 2.63835, 115.032, 25.6317, 472.561, 25, 272.667, 16.6054, 16.6054, 16.6054, 272.667, 16.6054, 16.6054, 16.6054, 20.5265, 2.50012, 16.6054, 16.6054, 14.1053, 9.41364, 1.91097, 16.6054, 16.6054, 14.6944
69680, 1000, 1040.16, 25, 45.1346, 101.633, 218.523, 75.6583, 128.133, 2.63835, 115.032, 25.6317, 472.561, 25, 272.667, 16.6054, 16.6054, 16.6054, 272.667, 16.6054, 16.6054, 16.6054, 20.5265, 2.50012, 16.6054, 16.6054, 14.1053, 9.41364, 1.91097, 16.6054, 16.6054, 14.6944
69760, 1000, 1040.16, 25, 45.1346, 101.633, 218.523, 75.6583, 128.133, 2.63835, 115.032, 25.6317, 472.561, 25, 272.667, 16.6054, 16.6054, 16.6054, 272.667, 16.6054, 16.6054, 16.6054, 20.5265, 2.50012, 16.6054, 16.6054, 14.1053, 9.41364, 1.91097, 16.6054, 16.6054, 14.6944
69840, 1000, 1040.16, 25, 45.1346, 101.633, 218.523, 75.6583, 128.133, 2.63835, 115.032, 25.6317, 472.561, 25, 272.667, 16.6054, 16.6054, 16.6054, 272.667, 16.6054, 16.6054, 16.6054, 20.5265, 2.50012, 16.6054, 16.6054, 14.1053, 9.41364, 1.91097, 16.6054, 16.6054, 14.6944
69920, 1000, 1040.16, 25, 45.1346, 101.633, 218.523, 75.6583, 128.133, 2.63835, 115.032, 25.6317, 472.561, 25, 272.667, 16.6054, 16.6054, 16.6054, 272.667, 16.6054, 16.6054, 16.6054, 20.5265, 2.50012, 16.6054, 16.6054, 14.1053, 9.41364, 1.91097, 16.6054, 16.6054, 14.6944
70000, 1000, 1040.16, 25, 45.1346, 101.633, 218.523, 75.6583, 128.133, 2.63835, 115.032, 25.6317, 472.561, 25, 272.667, 16.6054, 16.6054, 16.6054, 272.667, 16.6054, 16.6054, 16.6054, 20.5265, 2.50012, 16.6054, 16.6054, 14.1053, 9.41364, 1.91097, 16.6054, 16.6054, 14.6944
70080, 1000, 1040.16, 25, 45.1346, 101.633, 218.523, 75.6583, 128.133, 2.63835, 115.032, 25.6317, 472.561, 25, 272.667, 16.6054, 16.6054, 16.6054, 272.667, 16.6054, 16.6054, 16.6054, 20.5265, 2.50012, 16.6054, 16.6054, 14.1053, 9.41364, 1.91097, 16.6054, 16.6054, 14.6944
70160, 1000, 1040.16, 25, 45.1346, 101.633, 218.523, 75.6583, 128.133, 2.63835, 115.032, 25.6317, 472.561, 25, 272.667, 16.6054, 16.6054, 16.6054, 272.667, 16.6054, 16.6054, 16.6054, 20.5265, 2.50012, 16.6054, 16.6054, 14.1053, 9.41364, 1.91097, 16.6054, 16.6054, 14.6944
70240, 1000, 1040.16, 25, 45.1346, 101.633, 218.523, 75.6583, 128.133, 2.63835, 115.032, 25.6317, 472.561, 25, 272.667, 16.6054, 16.6054, 16.6054, 272.667, 16.6054, 16.6054, 16.6054, 20.5265, 2.50012, 16.6054, 16.6054, 14.1053, 9.41364, 1.91097, 16.6054, 16.6054, 14.6944
70320, 1000, 1040.16, 25, 45.1346, 101.633, 218.523, 75.6583, 128.133, 2.63835, 115.032, 25.6317, 472.561, 25, 272.667, 16.6054, 16.6054, 16.6054, 272.667, 16.6054, 16.6054, 16.6054, 20.5265, 2.50012, 16.6054, 16.6054, 14.1053, 9.41364, 1.91097, 16.6054, 16.6054, 14.6944
70400, 1000, 1040.16, 25, 45.1346, 101.633, 218.523, 75.6583, 128.133, 2.63835, 115.032, 25.6317, 472.561, 25, 272.667, 16.6054, 16.6054, 16.6054, 272.667, 16.6054, 16.6054, 16.6054, 20.5265, 2.50012, 16.6054, 16.6054, 14.1053, 9.41364, 1.91097, 16.6054, 16.6054, 14.6944
70480, 1000, 1040.16, 25, 45.1346, 101.633, 218.523, 75.6583, 128.133, 2.63835, 115.032, 25.6317, 472.561, 25, 272.667, 16.6054, 16.6054, 16.6054, 272.667, 16.6054, 16.6054, 16.6054, 20.5265, 2.50012, 16.6054, 16.6054, 14.1053, 9.41364, 1.91097, 16.6054, 16.6054, 14.6944
70560, 1000, 1040.16, 25, 45.1346, 101.633, 218.523, 75.6583, 128.133, 2.63835, 115.032, 25.6317, 472.561, 25, 272.667, 16.6054, 16.6054, 16.6054, 272.667, 16.6054, 16.6054, 16.6054, 20.5265, 2.50012, 16.6054, 16.6054, 14.1053, 9.41364, 1.91097, 16.6054, 16.6054, 14.6944
70640, 1000, 1040.16, 25, 45.1346, 101.633, 218.523, 75.6583, 128.133, 2.63835, 115.032, 25.6317, 472.561, 25, 272.667, 16.6054, 16.6054, 16.6054, 272.667, 16.6054, 16.6054, 16.6054, 20.5265, 2.50012, 16.6054, 16.6054, 14.1053, 9.41364, 1.91097, 16.6054, 16.6054, 14.6944
70720, 1000, 1040.16, 25, 45.1346, 101.633, 218.523, 75.6583, 128.133, 2.63835, 115.032, 25.6317, 472.561, 25, 272.667, 16.6054, 16.6054, 16.6054, 272.667, 16.6054, 16.6054, 16.6054, 20.5265, 2.50012, 16.6054, 16.6054, 14.1053, 9.41364, 1.91097, 16.6054, 16.6054, 14.6944
70800, 1000, 1040.16, 25, 45.1346, 101.633, 218.523, 75.6583, 128.133, 2.63835, 115.032, 25.6317, 472.561, 25, 272.667, 16.6054, 16.6054, 16.6054, 272.667, 16.6054, 16.6054, 16.6054, 20.5265, 2.50012, 16.6054, 16.6054, 14.1053, 9.41364, 1.91097, 16.6054, 16.6054, 14.6944
70880, 1000, 1040.16, 25, 45.1346, 101.633, 218.523, 75.6583, 128.133, 2.63835, 115.032, 25.6317, 472.561, 25, 272.667, 16.6054, 16.6054, 16.6054, 272.667, 16.6054, 16.6054, 16.6054, 20.5265, 2.50012, 16.6054, 16.6054, 14.1053, 9.41364, 1.91097, 16.6054, 16.6054, 14.6944
70960, 1000, 1040.16, 25, 45.1346, 101.633, 218.523, 75.6583, 128.133, 2.63835, 115.032, 25.6317, 472.561, 25, 272.667, 16.6054, 16.6054, 16.6054, 272.667, 16.6054, 16.6054, 16.6054, 20.5265, 2.50012, 16.6054, 16.6054, 14.1053, 9.41364, 1.91097, 16.6054, 16.6054, 14.6944
71040, 1000, 1040.16, 25, 45.1346, 101.633, 218.523, 75.6583, 128.133, 2.63835, 115.032, 25.6317, 472.561, 25, 272.667, 16.6054, 16.6054, 16.6054, 272.667, 16.6054, 16.6054, 16.6054, 20.5265, 2.50012, 16.6054, 16.6054, 14.1053, 9.41364, 1.91097, 16.6054, 16.6054, 14.6944
71120, 1000, 1040.16, 25, 45.1346, 101.633, 218.523, 75.6583, 128.133, 2.63835, 115.032, 25.6317, 472.561, 25, 272.667, 16.6054, 16.6054, 16.6054, 272.667, 16.6054, 16.6054, 16.6054, 20.5265, 2.50012, 16.6054, 16.6054, 14.1053, 9.41364, 1.91097, 16.6054, 16.6054, 14.6944
71200, 1000, 1040.16, 25, 45.1346, 101.633, 218.523, 75.6583, 128.133, 2.63835, 115.032, 25.6317, 472.561, 25, 272.667, 16.6054, 16.6054, 16.6054, 272.667, 16.6054, 16.6054, 16.6054, 20.5265, 2.50012, 16.6054, 16.6054, 14.1053, 9.41364, 1.91097, 16.6054, 16.6054, 14.6944
71280, 1000, 1040.16, 25, 45.1346, 101.633, 218.523, 75.6583, 128.133, 2.63835, 115.032, 25.6317, 472.561, 25, 272.667, 16.6054, 16.6054, 16.6054, 272.667, 16.6054, 16.6054, 16.6054, 20.5265, 2.50012, 16.6054, 16.6054, 14.1053, 9.41364, 1.91097, 16.6054, 16.6054, 14.6944
71360, 1000, 1040.16, 25, 45.1346, 101.633, 218.523, 75.6583, 128.133, 2.63835, 115.032, 25.6317, 472.561, 25, 272.667, 16.6054, 16.6054, 16.6054, 272.667, 16.6054, 16.6054, 16.6054, 20.5265, 2.50012, 16.6054, 16.6054, 14.1053, 9.41364, 1.91097, 16.6054, 16.6054, 14.6944
71440, 1000, 1040.16, 25, 45.1346, 101.633, 218.523, 75.6583, 128.133, 2.63835, 115.032, 25.6317, 472.561, 25, 272.667, 16.6054, 16.6054, 16.6054, 272.667, 16.6054, 16.6054, 16.6054, 20.5265, 2.50012, 16.6054, 16.6054, 14.1053, 9.41364, 1.91097, 16.6054, 16.6054, 14.6944
71520, 1000, 1040.16, 25, 45.1346, 101.633, 218.523, 75.6583, 128.133, 2.63835, 115.032, 25.6317, 472.561, 25, 272.667, 16.6054, 16.6054, 16.6054, 272.667, 16.6054, 16.6054, 16.6054, 20.5265, 2.50012, 16.6054, 16.6054, 14.1053, 9.41364, 1.91097, 16.6054, 16.6054, 14.6944
71600, 1000, 1040.16, 25, 45.1346, 101.633, 218.523, 75.6583, 128.133, 2.63835, 115.032, 25.6317, 472.561, 25, 272.667, 16.6054, 16.6054, 16.6054, 272.667, 16.6054, 16.6054, 16.6054, 20.5265, 2.50012, 16.6054, 16.6054, 14.1053, 9.41364, 1.91097, 16.6054, 16.6054, 14.6944
71680, 1000, 1040.16, 25, 45.1346, 101.633, 218.523, 75.6583, 128.133, 2.63835, 115.032, 25.6317, 472.561, 25, 272.667, 16.6054, 16.6054, 16.6054, 272.667, 16.6054, 16.6054, 16.6054, 20.5265, 2.50012, 16.6054, 16.6054, 14.1053, 9.41364, 1.91097, 16.6054, 16.6054, 14.6944
71760, 1000, 1040.16, 25, 45.1346, 101.633, 218.523, 75.6583, 128.133, 2.63835, 115.032, 25.6317, 472.561, 25, 272.667, 16.6054, 16.6054, 16.6054, 272.667, 16.6054, 16.6054, 16.6054, 20.5265, 2.50012, 16.6054, 16.6054, 14.1053, 9.41364, 1.91097, 16.6054, 16.6054, 14.6944
71840, 1000, 1040.16, 25, 45.1346, 101.633, 218.523, 75.6583, 128.133, 2.63835, 115.032, 25.6317, 472.561, 25, 272.667, 16.6054, 16.6054, 16.6054, 272.667, 16.6054, 16.6054, 16.6054, 20.5265, 2.50012, 16.6054, 16.6054, 14.1053, 9.41364, 1.91097, 16.6054, 16.6054, 14.6944
71920, 1000, 1040.16, 25, 45.1346, 101.633, 218.523, 75.6583, 128.133, 2.63835, 115.032, 25.6317, 472.561, 25, 272.667, 16.6054, 16.6054, 16.6054, 272.667, 16.6054, 16.6054, 16.6054, 20.5265, 2.50012, 16.6054, 16.6054, 14.1053, 9.41364, 1.91097, 16.6054, 16.6054, 14.6944
72000, 1000, 1040.16, 25, 45.1346, 101.633, 218.523, 75.6583, 128.133, 2.63835, 115.032, 25.6317, 472.561, 25, 272.667, 16.6054, 16.6054, 16.6054, 272.667, 16.6054, 16.6054, 16.6054, 20.5265, 2.50012, 16.6054, 16.6054, 14.1053, 9.41364, 1.91097, 16.6054, 16.6054, 14.6944
72080, 1000, 1040.16, 25, 45.1346, 101.633, 218.523, 75.6583, 128.133, 2.63835, 115.032, 25.6317, 472.561, 25, 272.667, 16.6054, 16.6054, 16.6054, 272.667, 16.6054, 16.6054, 16.6054, 20.5265, 2.50012, 16.6054, 16.6054, 14.1053, 9.41364, 1.91097, 16.6054, 16.6054, 14.6944
72160, 1000, 1040.16, 25, 45.1346, 101.633, 218.523, 75.6583, 128.133, 2.63835, 115.032, 25.6317, 472.561, 25, 272.667, 16.6054, 16.6054, 16.6054, 272.667, 16.6054, 16.6054, 16.6054, 20.5265, 2.50012, 16.6054, 16.6054, 14.1053, 9.41364, 1.91097, 16.6054, 16.6054, 14.6944
72240, 1000, 1040.16, 25, 45.1346, 101.633, 218.523, 75.6583, 128.133, 2.63835, 115.032, 25.6317, 472.561, 25, 272.667, 16.6054, 16.6054, 16.6054, 272.667, 16.6054, 16.6054, 16.6054, 20.5265, 2.50012, 16.6054, 16.6054, 14.1053, 9.41364, 1.91097, 16.6054, 16.6054, 14.6944
72320, 1000, 1040.16, 25, 45.1346, 101.633, 218.523, 75.6583, 128.133, 2.63835, 115.032, 25.6317, 472.561, 25, 272.667, 16.6054, 16.6054, 16.6054, 272.667, 16.6054, 16.6054, 16.6054, 20.5265, 2.50012, 16.6054, 16.6054, 14.1053, 9.41364, 1.91097, 16.6054, 16.6054, 14.6944
72400, 1000, 1040.16, 25, 45.1346, 101.633, 218.523, 75.6583, 128.133, 2.63835, 115.032, 25.6317, 472.561, 25, 272.667, 16.6054, 16.6054, 16.6054, 272.667, 16.6054, 16.6054, 16.6054, 20.5265, 2.50012, 16.6054, 16.6054, 14.1053, 9.41364, 1.91097, 16.6054, 16.6054, 14.6944
72480, 1000, 1040.16, 25, 45.1346, 101.633, 218.523, 75.6583, 128.133, 2.63835, 115.032, 25.6317, 472.561, 25, 272.667, 16.6054, 16.6054, 16.6054, 272.667, 16.6054, 16.6054, 16.6054, 20.5265, 2.50012, 16.6054, 16.6054, 14.1053, 9.41364, 1.91097, 16.6054, 16.6054, 14.6944
72560, 1000, 1040.16, 25, 45.1346, 101.633, 218.523, 75.6583, 128.133, 2.63835, 115.032, 25.6317, 472.561, 25, 272.667, 16.6054, 16.6054, 16.6054, 272.667, 16.6054, 16.6054, 16.6054, 20.5265, 2.50012, 16.6054, 16.6054, 14.1053, 9.41364, 1.91097, 16.6054, 16.6054, 14.6944
72640, 1000, 1040.16, 25, 45.1346, 101.633, 218.523, 75.6583, 128.133, 2.63835, 115.032, 25.6317, 472.561, 25, 272.667, 16.6054, 16.6054, 16.6054, 272.667, 16.6054, 16.6054, 16.6054, 20.5265, 2.50012, 16.6054, 16.6054, 14.1053, 9.41364, 1.91097, 16.6054, 16.6054, 14.6944
72720, 1000, 1040.16, 25, 45.1346, 101.633, 218.523, 75.6583, 128.133, 2.63835, 115.032, 25.6317, 472.561, 25, 272.667, 16.6054, 16.6054, 16.6054, 272.667, 16.6054, 16.6054, 16.6054, 20.5265, 2.50012, 16.6054, 16.6054, 14.1053, 9.41364, 1.91097, 16.6054, 16.6054, 14.6944
72800, 1000, 1040.16, 25, 45.1346, 101.633, 218.523, 75.6583, 128.133, 2.63835, 115.032, 25.6317, 472.561, 25, 272.667, 16.6054, 16.6054, 16.6054, 272.667, 16.6054, 16.6054, 16.6054, 20.5265, 2.50012, 16.6054, 16.6054, 14.1053, 9.41364, 1.91097, 16.6054, 16.6054, 14.6944
72880, 1000, 1040.16, 25, 45.1346, 101.633, 218.523, 75.6583, 128.133, 2.63835, 115.032, 25.6317, 472.561, 25, 272.667, 16.6054, 16.6054, 16.6054, 272.667, 16.6054, 16.6054, 16.6054, 20.5265, 2.50012, 16.6054, 16.6054, 14.1053, 9.41364, 1.91097, 16.6054, 16.6054, 14.6944
72960, 1000, 1040.16, 25, 45.1346, 101.633, 218.523, 75.6583, 128.133, 2.63835, 115.032, 25.6317, 472.561, 25, 272.667, 16.6054, 16.6054, 16.6054, 272.667, 16.6054, 16.6054, 16.6054, 20.5265, 2.50012, 16.6054, 16.6054, 14.1053, 9.41364, 1.91097, 16.6054, 16.6054, 14.6944
73040, 1000, 1040.16, 25, 45.1346, 101.633, 218.523, 75.6583, 128.133, 2.63835, 115.032, 25.6317, 472.561, 25, 272.667, 16.6054, 16.6054, 16.6054, 272.667, 16.6054, 16.6054, 16.6054, 20.5265, 2.50012, 16.6054, 16.6054, 14.1053, 9.41364, 1.91097, 16.6054, 16.6054, 14.6944
73120, 1000, 1040.16, 25, 45.1346, 101.633, 218.523, 75.6583, 128.133, 2.63835, 115.032, 25.6317, 472.561, 25, 272.667, 16.6054, 16.6054, 16.6054, 272.667, 16.6054, 16.6054, 16.6054, 20.5265, 2.50012, 16.6054, 16.6054, 14.1053, 9.41364, 1.91097, 16.6054, 16.6054, 14.6944
73200, 1000, 1040.16, 25, 45.1346, 101.633, 218.523, 75.6583, 128.133, 2.63835, 115.032, 25.6317, 472.561, 25, 272.667, 16.6054, 16.6054, 16.6054, 272.667, 16.6054, 16.6054, 16.6054, 20.5265, 2.50012, 16.6054, 16.6054, 14.1053, 9.41364, 1.91097, 16.6054, 16.6054, 14.6944
73280, 1000, 1040.16, 25, 45.1346, 101.633, 218.523, 75.6583, 128.133, 2.63835, 115.032, 25.6317, 472.561, 25, 272.667, 16.6054, 16.6054, 16.6054, 272.667, 16.6054, 16.6054, 16.6054, 20.5265, 2.50012, 16.6054, 16.6054, 14.1053, 9.41364, 1.91097, 16.6054, 16.6054, 14.6944
73360, 1000, 1040.16, 25, 45.1346, 101.633, 218.523, 75.6583, 128.133, 2.63835, 115.032, 25.6317, 472.561, 25, 272.667, 16.6054, 16.6054, 16.6054, 272.667, 16.6054, 16.6054, 16.6054, 20.5265, 2.50012, 16.6054, 16.6054, 14.1053, 9.41364, 1.91097, 16.6054, 16.6054, 14.6944
73440, 1000, 1040.16, 25, 45.1346, 101.633, 218.523, 75.6583, 128.133, 2.63835, 115.032, 25.6317, 472.561, 25, 272.667, 16.6054, 16.6054, 16.6054, 272.667, 16.6054, 16.6054, 16.6054, 20.5265, 2.50012, 16.6054, 16.6054, 14.1053, 9.41364, 1.91097, 16.6054, 16.6054, 14.6944
73520, 1000, 1040.16, 25, 45.1346, 101.633, 218.523, 75.6583, 128.133, 2.63835, 115.032, 25.6317, 472.561, 25, 272.667, 16.6054, 16.6054, 16.6054, 272.667, 16.6054, 16.6054, 16.6054, 20.5265, 2.50012, 16.6054, 16.6054, 14.1053, 9.41364, 1.91097, 16.6054, 16.6054, 14.6944
73600, 1000, 1040.16, 25, 45.1346, 101.633, 218.523, 75.6583, 128.133, 2.63835, 115.032, 25.6317, 472.561, 25, 272.667, 16.6054, 16.6054, 16.6054, 272.667, 16.6054, 16.6054, 16.6054, 20.5265, 2.50012, 16.6054, 16.6054, 14.1053, 9.41364, 1.91097, 16.6054, 16.6054, 14.6944
73680, 1000, 1040.16, 25, 45.1346, 101.633, 218.523, 75.6583, 128.133, 2.63835, 115.032, 25.6317, 472.561, 25, 272.667, 16.6054, 16.6054, 16.6054, 272.667, 16.6054, 16.6054, 16.6054, 20.5265, 2.50012, 16.6054, 16.6054, 14.1053, 9.41364, 1.91097, 16.6054, 16.6054, 14.6944
73760, 1000, 1040.16, 25, 45.1346, 101.633, 218.523, 75.6583, 128.133, 2.63835, 115.032, 25.6317, 472.561, 25, 272.667, 16.6054, 16.6054, 16.6054, 272.667, 16.6054, 16.6054, 16.6054, 20.5265, 2.50012, 16.6054, 16.6054, 14.1053, 9.41364, 1.91097, 16.6054, 16.6054, 14.6944
73840, 1000, 1040.16, 25, 45.1346, 101.633, 218.523, 75.6583, 128.133, 2.63835, 115.032, 25.6317, 472.561, 25, 272.667, 16.6054, 16.6054, 16.6054, 272.667, 16.6054, 16.6054, 16.6054, 20.5265, 2.50012, 16.6054, 16.6054, 14.1053, 9.41364, 1.91097, 16.6054, 16.6054, 14.6944
73920, 1000, 1040.16, 25, 45.1346, 101.633, 218.523, 75.6583, 128.133, 2.63835, 115.032, 25.6317, 472.561, 25, 272.667, 16.6054, 16.6054, 16.6054, 272.667, 16.6054, 16.6054, 16.6054, 20.5265, 2.50012, 16.6054, 16.6054, 14.1053, 9.41364, 1.91097, 16.6054, 16.6054, 14.6944
74000, 1000, 1040.16, 25, 45.1346, 101.633, 218.523, 75.6583, 128.133, 2.63835, 115.032, 25.6317, 472.561, 25, 272.667, 16.6054, 16.6054, 16.6054, 272.667, 16.6054, 16.6054, 16.6054, 20.5265, 2.50012, 16.6054, 16.6054, 14.1053, 9.41364, 1.91097, 16.6054, 16.6054, 14.6944
74080, 1000, 1040.16, 25, 45.1346, 101.633, 218.523, 75.6583, 128.133, 2.63835, 115.032, 25.6317, 472.561, 25, 272.667, 16.6054, 16.6054, 16.6054, 272.667, 16.6054, 16.6054, 16.6054, 20.5265, 2.50012, 16.6054, 16.6054, 14.1053, 9.41364, 1.91097, 16.6054, 16.6054, 14.6944
74160, 1000, 1040.16, 25, 45.1346, 101.633, 218.523, 75.6583, 128.133, 2.63835, 115.032, 25.6317, 472.561, 25, 272.667, 16.6054, 16.6054, 16.6054, 272.667, 16.6054, 16.6054, 16.6054, 20.5265, 2.50012, 16.6054, 16.6054, 14.1053, 9.41364, 1.91097, 16.6054, 16.6054, 14.6944
74240, 1000, 1040.16, 25, 45.1346, 101.633, 218.523, 75.6583, 128.133, 2.63835, 115.032, 25.6317, 472.561, 25, 272.667, 16.6054, 16.6054, 16.6054, 272.667, 16.6054, 16.6054, 16.6054, 20.5265, 2.50012, 16.6054, 16.6054, 14.1053, 9.41364, 1.91097, 16.6054, 16.6054, 14.6944
74320, 1000, 1040.16, 25, 45.1346, 101.633, 218.523, 75.6583, 128.133, 2.63835, 115.032, 25.6317, 472.561, 25, 272.667, 16.6054, 16.6054, 16.6054, 272.667, 16.6054, 16.6054, 16.6054, 20.5265, 2.50012, 16.6054, 16.6054, 14.1053, 9.41364, 1.91097, 16.6054, 16.6054, 14.6944
74400, 1000, 1040.16, 25, 45.1346, 101.633, 218.523, 75.6583, 128.133, 2.63835, 115.032, 25.6317, 472.561, 25, 272.667, 16.6054, 16.6054, 16.6054, 272.667, 16.6054, 16.6054, 16.6054, 20.5265, 2.50012, 16.6054, 16.6054, 14.1053, 9.41364, 1.91097, 16.6054, 16.6054, 14.6944
74480, 1000, 1040.16, 25, 45.1346, 101.633, 218.523, 75.6583, 128.133, 2.63835, 115.032, 25.6317, 472.561, 25, 272.667, 16.6054, 16.6054, 16.6054, 272.667, 16.6054, 16.6054, 16.6054, 20.5265, 2.50012, 16.6054, 16.6054, 14.1053, 9.41364, 1.91097, 16.6054, 16.6054, 14.6944
74560, 1000, 1040.16, 25, 45.1346, 101.633, 218.523, 75.6583, 128.133, 2.63835, 115.032, 25.6317, 472.561, 25, 272.667, 16.6054, 16.6054, 16.6054, 272.667, 16.6054, 16.6054, 16.6054, 20.5265, 2.50012, 16.6054, 16.6054, 14.1053, 9.41364, 1.91097, 16.6054, 16.6054, 14.6944
74640, 1000, 1040.16, 25, 45.1346, 101.633, 218.523, 75.6583, 128.133, 2.63835, 115.032, 25.6317, 472.561, 25, 272.667, 16.6054, 16.6054, 16.6054, 272.667, 16.6054, 16.6054, 16.6054, 20.5265, 2.50012, 16.6054, 16.6054, 14.1053, 9.41364, 1.91097, 16.6054, 16.6054, 14.6944
74720, 1000, 1040.16, 25, 45.1346, 101.633, 218.523, 75.6583, 128.133, 2.63835, 115.032, 25.6317, 472.561, 25, 272.667, 16.6054, 16.6054, 16.6054, 272.667, 16.6054, 16.6054, 16.6054, 20.5265, 2.50012, 16.6054, 16.6054, 14.1053, 9.41364, 1.91097, 16.6054, 16.6054, 14.6944
74800, 1000, 1040.16, 25, 45.1346, 101.633, 218.523, 75.6583, 128.133, 2.63835, 115.032, 25.6317, 472.561, 25, 272.667, 16.6054, 16.6054, 16.6054, 272.667, 16.6054, 16.6054, 16.6054, 20.5265, 2.50012, 16.6054, 16.6054, 14.1053, 9.41364, 1.91097, 16.6054, 16.6054, 14.6944
74880, 1000, 1040.16, 25, 45.1346, 101.633, 218.523, 75.6583, 128.133, 2.63835, 115.032, 25.6317, 472.561, 25, 272.667, 16.6054, 16.6054, 16.6054, 272.667, 16.6054, 16.6054, 16.6054, 20.5265, 2.50012, 16.6054, 16.6054, 14.1053, 9.41364, 1.91097, 16.6054, 16.6054, 14.6944
74960, 1000, 1040.16, 25, 45.1346, 101.633, 218.523, 75.6583, 128.133, 2.63835, 115.032, 25.6317, 472.561, 25, 272.667, 16.6054, 16.6054, 16.6054, 272.667, 16.6054, 16.6054, 16.6054, 20.5265, 2.50012, 16.6054, 16.6054, 14.1053, 9.41364, 1.91097, 16.6054, 16.6054, 14.6944
75040, 1000, 1040.16, 25, 45.1346, 101.633, 218.523, 75.6583, 128.133, 2.63835, 115.032, 25.6317, 472.561, 25, 272.667, 16.6054, 16.6054, 16.6054, 272.667, 16.6054, 16.6054, 16.6054, 20.5265, 2.50012, 16.6054, 16.6054, 14.1053, 9.41364, 1.91097, 16.6054, 16.6054, 14.6944
75120, 1000, 1040.16, 25, 45.1346, 101.633, 218.523, 75.6583, 128.133, 2.63835, 115.032, 25.6317, 472.561, 25, 272.667, 16.6054, 16.6054, 16.6054, 272.667, 16.6054, 16.6054, 16.6054, 20.5265, 2.50012, 16.6054, 16.6054, 14.1053, 9.41364, 1.91097, 16.6054, 16.6054, 14.6944
75200, 1000, 1040.16, 25, 45.1346, 101.633, 218.523, 75.6583, 128.133, 2.63835, 115.032, 25.6317, 472.561, 25, 272.667, 16.6054, 16.6054, 16.6054, 272.667, 16.6054, 16.6054, 16.6054, 20.5265, 2.50012, 16.6054, 16.6054, 14.1053, 9.41364, 1.91097, 16.6054, 16.6054, 14.6944
75280, 1000, 1040.16, 25, 45.1346, 101.633, 218.523, 75.6583, 128.133, 2.63835, 115.032, 25.6317, 472.561, 25, 272.667, 16.6054, 16.6054, 16.6054, 272.667, 16.6054, 16.6054, 16.6054, 20.5265, 2.50012, 16.6054, 16.6054, 14.1053, 9.41364, 1.91097, 16.6054, 16.6054, 14.6944
75360, 1000, 1040.16, 25, 45.1346, 101.633, 218.523, 75.6583, 128.133, 2.63835, 115.032, 25.6317, 472.561, 25, 272.667, 16.6054, 16.6054, 16.6054, 272.667, 16.6054, 16.6054, 16.6054, 20.5265, 2.50012, 16.6054, 16.6054, 14.1053, 9.41364, 1.91097, 16.6054, 16.6054, 14.6944
75440, 1000, 1040.16, 25, 45.1346, 101.633, 218.523, 75.6583, 128.133, 2.63835, 115.032, 25.6317, 472.561, 25, 272.667, 16.6054, 16.6054, 16.6054, 272.667, 16.6054, 16.6054, 16.6054, 20.5265, 2.50012, 16.6054, 16.6054, 14.1053, 9.41364, 1.91097, 16.6054, 16.6054, 14.6944
75520, 1000, 1040.16, 25, 45.1346, 101.633, 218.523, 75.6583, 128.133, 2.63835, 115.032, 25.6317, 472.561, 25, 272.667, 16.6054, 16.6054, 16.6054, 272.667, 16.6054, 16.6054, 16.6054, 20.5265, 2.50012, 16.6054, 16.6054, 14.1053, 9.41364, 1.91097, 16.6054, 16.6054, 14.6944
75600, 1000, 1040.16, 25, 45.1346, 101.633, 218.523, 75.6583, 128.133, 2.63835, 115.032, 25.6317, 472.561, 25, 272.667, 16.6054, 16.6054, 16.6054, 272.667, 16.6054, 16.6054, 16.6054, 20.5265, 2.50012, 16.6054, 16.6054, 14.1053, 9.41364, 1.91097, 16.6054, 16.6054, 14.6944
75680, 1000, 1040.16, 25, 45.1346, 101.633, 218.523, 75.6583, 128.133, 2.63835, 115.032, 25.6317, 472.561, 25, 272.667, 16.6054, 16.6054, 16.6054, 272.667, 16.6054, 16.6054, 16.6054, 20.5265, 2.50012, 16.6054, 16.6054, 14.1053, 9.41364, 1.91097, 16.6054, 16.6054, 14.6944
75760, 1000, 1040.16, 25, 45.1346, 101.633, 218.523, 75.6583, 128.133, 2.63835, 115.032, 25.6317, 472.561, 25, 272.667, 16.6054, 16.6054, 16.6054, 272.667, 16.6054, 16.6054, 16.6054, 20.5265, 2.50012, 16.6054, 16.6054, 14.1053, 9.41364, 1.91097, 16.6054, 16.6054, 14.6944
75840, 1000, 1040.16, 25, 45.1346, 101.633, 218.523, 75.6583, 128.133, 2.63835, 115.032, 25.6317, 472.561, 25, 272.667, 16.6054, 16.6054, 16.6054, 272.667, 16.6054, 16.6054, 16.6054, 20.5265, 2.50012, 16.6054, 16.6054, 14.1053, 9.41364, 1.91097, 16.6054, 16.6054, 14.6944
75920, 1000, 1040.16, 25, 45.1346, 101.633, 218.523, 75.6583, 128.133, 2.63835, 115.032, 25.6317, 472.561, 25, 272.667, 16.6054, 16.6054, 16.6054, 272.667, 16.6054, 16.6054, 16.6054, 20.5265, 2.50012, 16.6054, 16.6054, 14.1053, 9.41364, 1.91097, 16.6054, 16.6054, 14.6944
76000, 1000, 1040.16, 25, 45.1346, 101.633, 218.523, 75.6583, 128.133, 2.63835, 115.032, 25.6317, 472.561, 25, 272.667, 16.6054, 16.6054, 16.6054, 272.667, 16.6054, 16.6054, 16.6054, 20.5265, 2.50012, 16.6054, 16.6054, 14.1053, 9.41364, 1.91097, 16.6054, 16.6054, 14.6944
76080, 1000, 1040.16, 25, 45.1346, 101.633, 218.523, 75.6583, 128.133, 2.63835, 115.032, 25.6317, 472.561, 25, 272.667, 16.6054, 16.6054, 16.6054, 272.667, 16.6054, 16.6054, 16.6054, 20.5265, 2.50012, 16.6054, 16.6054, 14.1053, 9.41364, 1.91097, 16.6054, 16.6054, 14.6944
76160, 1000, 1040.16, 25, 45.1346, 101.633, 218.523, 75.6583, 128.133, 2.63835, 115.032, 25.6317, 472.561, 25, 272.667, 16.6054, 16.6054, 16.6054, 272.667, 16.6054, 16.6054, 16.6054, 20.5265, 2.50012, 16.6054, 16.6054, 14.1053, 9.41364, 1.91097, 16.6054, 16.6054, 14.6944
76240, 1000, 1040.16, 25, 45.1346, 101.633, 218.523, 75.6583, 128.133, 2.63835, 115.032, 25.6317, 472.561, 25, 272.667, 16.6054, 16.6054, 16.6054, 272.667, 16.6054, 16.6054, 16.6054, 20.5265, 2.50012, 16.6054, 16.6054, 14.1053, 9.41364, 1.91097, 16.6054, 16.6054, 14.6944
76320, 1000, 1040.16, 25, 45.1346, 101.633, 218.523, 75.6583, 128.133, 2.63835, 115.032, 25.6317, 472.561, 25, 272.667, 16.6054, 16.6054, 16.6054, 272.667, 16.6054, 16.6054, 16.6054, 20.5265, 2.50012, 16.6054, 16.6054, 14.1053, 9.41364, 1.91097, 16.6054, 16.6054, 14.6944
76400, 1000, 1040.16, 25, 45.1346, 101.633, 218.523, 75.6583, 128.133, 2.63835, 115.032, 25.6317, 472.561, 25, 272.667, 16.6054, 16.6054, 16.6054, 272.667, 16.6054, 16.6054, 16.6054, 20.5265, 2.50012, 16.6054, 16.6054, 14.1053, 9.41364, 1.91097, 16.6054, 16.6054, 14.6944
76480, 1000, 1040.16, 25, 45.1346, 101.633, 218.523, 75.6583, 128.133, 2.63835, 115.032, 25.6317, 472.561, 25, 272.667, 16.6054, 16.6054, 16.6054, 272.667, 16.6054, 16.6054, 16.6054, 20.5265, 2.50012, 16.6054, 16.6054, 14.1053, 9.41364, 1.91097, 16.6054, 16.6054, 14.6944
76560, 1000, 1040.16, 25, 45.1346, 101.633, 218.523, 75.6583, 128.133, 2.63835, 115.032, 25.6317, 472.561, 25, 272.667, 16.6054, 16.6054, 16.6054, 272.667, 16.6054, 16.6054, 16.6054, 20.5265, 2.50012, 16.6054, 16.6054, 14.1053, 9.41364, 1.91097, 16.6054, 16.6054, 14.6944
76640, 1000, 1040.16, 25, 45.1346, 101.633, 218.523, 75.6583, 128.133, 2.63835, 115.032, 25.6317, 472.561, 25, 272.667, 16.6054, 16.6054, 16.6054, 272.667, 16.6054, 16.6054, 16.6054, 20.5265, 2.50012, 16.6054, 16.6054, 14.1053, 9.41364, 1.91097, 16.6054, 16.6054, 14.6944
76720, 1000, 1040.16, 25, 45.1346, 101.633, 218.523, 75.6583, 128.133, 2.63835, 115.032, 25.6317, 472.561, 25, 272.667, 16.6054, 16.6054, 16.6054, 272.667, 16.6054, 16.6054, 16.6054, 20.5265, 2.50012, 16.6054, 16.6054, 14.1053, 9.41364, 1.91097, 16.6054, 16.6054, 14.6944
76800, 1000, 1040.16, 25, 45.1346, 101.633, 218.523, 75.6583, 128.133, 2.63835, 115.032, 25.6317, 472.561, 25, 272.667, 16.6054, 16.6054, 16.6054, 272.667, 16.6054, 16.6054, 16.6054, 20.5265, 2.50012, 16.6054, 16.6054, 14.1053, 9.41364, 1.91097, 16.6054, 16.6054, 14.6944
76880, 1000, 1040.16, 25, 45.1346, 101.633, 218.523, 75.6583, 128.133, 2.63835, 115.032, 25.6317, 472.561, 25, 272.667, 16.6054, 16.6054, 16.6054, 272.667, 16.6054, 16.6054, 16.6054, 20.5265, 2.50012, 16.6054, 16.6054, 14.1053, 9.41364, 1.91097, 16.6054, 16.6054, 14.6944
76960, 1000, 1040.16, 25, 45.1346, 101.633, 218.523, 75.6583, 128.133, 2.63835, 115.032, 25.6317, 472.561, 25, 272.667, 16.6054, 16.6054, 16.6054, 272.667, 16.6054, 16.6054, 16.6054, 20.5265, 2.50012, 16.6054, 16.6054, 14.1053, 9.41364, 1.91097, 16.6054, 16.6054, 14.6944
77040, 1000, 1040.16, 25, 45.1346, 101.633, 218.523, 75.6583, 128.133, 2.63835, 115.032, 25.6317, 472.561, 25, 272.667, 16.6054, 16.6054, 16.6054, 272.667, 16.6054, 16.6054, 16.6054, 20.5265, 2.50012, 16.6054, 16.6054, 14.1053, 9.41364, 1.91097, 16.6054, 16.6054, 14.6944
77120, 1000, 1040.16, 25, 45.1346, 101.633, 218.523, 75.6583, 128.133, 2.63835, 115.032, 25.6317, 472.561, 25, 272.667, 16.6054, 16.6054, 16.6054, 272.667, 16.6054, 16.6054, 16.6054, 20.5265, 2.50012, 16.6054, 16.6054, 14.1053, 9.41364, 1.91097, 16.6054, 16.6054, 14.6944
77200, 1000, 1040.16, 25, 45.1346, 101.633, 218.523, 75.6583, 128.133, 2.63835, 115.032, 25.6317, 472.561, 25, 272.667, 16.6054, 16.6054, 16.6054, 272.667, 16.6054, 16.6054, 16.6054, 20.5265, 2.50012, 16.6054, 16.6054, 14.1053, 9.41364, 1.91097, 16.6054, 16.6054, 14.6944
77280, 1000, 1040.16, 25, 45.1346, 101.633, 218.523, 75.6583, 128.133, 2.63835, 115.032, 25.6317, 472.561, 25, 272.667, 16.6054, 16.6054, 16.6054, 272.667, 16.6054, 16.6054, 16.6054, 20.5265, 2.50012, 16.6054, 16.6054, 14.1053, 9.41364, 1.91097, 16.6054, 16.6054, 14.6944
77360, 1000, 1040.16, 25, 45.1346, 101.633, 218.523, 75.6583, 128.133, 2.63835, 115.032, 25.6317, 472.561, 25, 272.667, 16.6054, 16.6054, 16.6054, 272.667, 16.6054, 16.6054, 16.6054, 20.5265, 2.50012, 16.6054, 16.6054, 14.1053, 9.41364, 1.91097, 16.6054, 16.6054, 14.6944
77440, 1000, 1040.16, 25, 45.1346, 101.633, 218.523, 75.6583, 128.133, 2.63835, 115.032, 25.6317, 472.561, 25, 272.667, 16.6054, 16.6054, 16.6054, 272.667, 16.6054, 16.6054, 16.6054, 20.5265, 2.50012, 16.6054, 16.6054, 14.1053, 9.41364, 1.91097, 16.6054, 16.6054, 14.6944
77520, 1000, 1040.16, 25, 45.1346, 101.633, 218.523, 75.6583, 128.133, 2.63835, 115.032, 25.6317, 472.561, 25, 272.667, 16.6054, 16.6054, 16.6054, 272.667, 16.6054, 16.6054, 16.6054, 20.5265, 2.50012, 16.6054, 16.6054, 14.1053, 9.41364, 1.91097, 16.6054, 16.6054, 14.6944
77600, 1000, 1040.16, 25, 45.1346, 101.633, 218.523, 75.6583, 128.133, 2.63835, 115.032, 25.6317, 472.561, 25, 272.667, 16.6054, 16.6054, 16.6054, 272.667, 16.6054, 16.6054, 16.6054, 20.5265, 2.50012, 16.6054, 16.6054, 14.1053, 9.41364, 1.91097, 16.6054, 16.6054, 14.6944
77680, 1000, 1040.16, 25, 45.1346, 101.633, 218.523, 75.6583, 128.133, 2.63835, 115.032, 25.6317, 472.561, 25, 272.667, 16.6054, 16.6054, 16.6054, 272.667, 16.6054, 16.6054, 16.6054, 20.5265, 2.50012, 16.6054, 16.6054, 14.1053, 9.41364, 1.91097, 16.6054, 16.6054, 14.6944
77760, 1000, 1040.16, 25, 45.1346, 101.633, 218.523, 75.6583, 128.133, 2.63835, 115.032, 25.6317, 472.561, 25, 272.667, 16.6054, 16.6054, 16.6054, 272.667, 16.6054, 16.6054, 16.6054, 20.5265, 2.50012, 16.6054, 16.6054, 14.1053, 9.41364, 1.91097, 16.6054, 16.6054, 14.6944
77840, 1000, 1040.16, 25, 45.1346, 101.633, 218.523, 75.6583, 128.133, 2.63835, 115.032, 25.6317, 472.561, 25, 272.667, 16.6054, 16.6054, 16.6054, 272.667, 16.6054, 16.6054, 16.6054, 20.5265, 2.50012, 16.6054, 16.6054, 14.1053, 9.41364, 1.91097, 16.6054, 16.6054, 14.6944
77920, 1000, 1040.16, 25, 45.1346, 101.633, 218.523, 75.6583, 128.133, 2.63835, 115.032, 25.6317, 472.561, 25, 272.667, 16.6054, 16.6054, 16.6054, 272.667, 16.6054, 16.6054, 16.6054, 20.5265, 2.50012, 16.6054, 16.6054, 14.1053, 9.41364, 1.91097, 16.6054, 16.6054, 14.6944
78000, 1000, 1040.16, 25, 45.1346, 101.633, 218.523, 75.6583, 128.133, 2.63835, 115.032, 25.6317, 472.561, 25, 272.667, 16.6054, 16.6054, 16.6054, 272.667, 16.6054, 16.6054, 16.6054, 20.5265, 2.50012, 16.6054, 16.6054, 14.1053, 9.41364, 1.91097, 16.6054, 16.6054, 14.6944
78080, 1000, 1040.16, 25, 45.1346, 101.633, 218.523, 75.6583, 128.133, 2.63835, 115.032, 25.6317, 472.561, 25, 272.667, 16.6054, 16.6054, 16.6054, 272.667, 16.6054, 16.6054, 16.6054, 20.5265, 2.50012, 16.6054, 16.6054, 14.1053, 9.41364, 1.91097, 16.6054, 16.6054, 14.6944
78160, 1000, 1040.16, 25, 45.1346, 101.633, 218.523, 75.6583, 128.133, 2.63835, 115.032, 25.6317, 472.561, 25, 272.667, 16.6054, 16.6054, 16.6054, 272.667, 16.6054, 16.6054, 16.6054, 20.5265, 2.50012, 16.6054, 16.6054, 14.1053, 9.41364, 1.91097, 16.6054, 16.6054, 14.6944
78240, 1000, 1040.16, 25, 45.1346, 101.633, 218.523, 75.6583, 128.133, 2.63835, 115.032, 25.6317, 472.561, 25, 272.667, 16.6054, 16.6054, 16.6054, 272.667, 16.6054, 16.6054, 16.6054, 20.5265, 2.50012, 16.6054, 16.6054, 14.1053, 9.41364, 1.91097, 16.6054, 16.6054, 14.6944
78320, 1000, 1040.16, 25, 45.1346, 101.633, 218.523, 75.6583, 128.133, 2.63835, 115.032, 25.6317, 472.561, 25, 272.667, 16.6054, 16.6054, 16.6054, 272.667, 16.6054, 16.6054, 16.6054, 20.5265, 2.50012, 16.6054, 16.6054, 14.1053, 9.41364, 1.91097, 16.6054, 16.6054, 14.6944
78400, 1000, 1040.16, 25, 45.1346, 101.633, 218.523, 75.6583, 128.133, 2.63835, 115.032, 25.6317, 472.561, 25, 272.667, 16.6054, 16.6054, 16.6054, 272.667, 16.6054, 16.6054, 16.6054, 20.5265, 2.50012, 16.6054, 16.6054, 14.1053, 9.41364, 1.91097, 16.6054, 16.6054, 14.6944
78480, 1000, 1040.16, 25, 45.1346, 101.633, 218.523, 75.6583, 128.133, 2.63835, 115.032, 25.6317, 472.561, 25, 272.667, 16.6054, 16.6054, 16.6054, 272.667, 16.6054, 16.6054, 16.6054, 20.5265, 2.50012, 16.6054, 16.6054, 14.1053, 9.41364, 1.91097, 16.6054, 16.6054, 14.6944
78560, 1000, 1040.16, 25, 45.1346, 101.633, 218.523, 75.6583, 128.133, 2.63835, 115.032, 25.6317, 472.561, 25, 272.667, 16.6054, 16.6054, 16.6054, 272.667, 16.6054, 16.6054, 16.6054, 20.5265, 2.50012, 16.6054, 16.6054, 14.1053, 9.41364, 1.91097, 16.6054, 16.6054, 14.6944
78640, 1000, 1040.16, 25, 45.1346, 101.633, 218.523, 75.6583, 128.133, 2.63835, 115.032, 25.6317, 472.561, 25, 272.667, 16.6054, 16.6054, 16.6054, 272.667, 16.6054, 16.6054, 16.6054, 20.5265, 2.50012, 16.6054, 16.6054, 14.1053, 9.41364, 1.91097, 16.6054, 16.6054, 14.6944
78720, 1000, 1040.16, 25, 45.1346, 101.633, 218.523, 75.6583, 128.133, 2.63835, 115.032, 25.6317, 472.561, 25, 272.667, 16.6054, 16.6054, 16.6054, 272.667, 16.6054, 16.6054, 16.6054, 20.5265, 2.50012, 16.6054, 16.6054, 14.1053, 9.41364, 1.91097, 16.6054, 16.6054, 14.6944
78800, 1000, 1040.16, 25, 45.1346, 101.633, 218.523, 75.6583, 128.133, 2.63835, 115.032, 25.6317, 472.561, 25, 272.667, 16.6054, 16.6054, 16.6054, 272.667, 16.6054, 16.6054, 16.6054, 20.5265, 2.50012, 16.6054, 16.6054, 14.1053, 9.41364, 1.91097, 16.6054, 16.6054, 14.6944
78880, 1000, 1040.16, 25, 45.1346, 101.633, 218.523, 75.6583, 128.133, 2.63835, 115.032, 25.6317, 472.561, 25, 272.667, 16.6054, 16.6054, 16.6054, 272.667, 16.6054, 16.6054, 16.6054, 20.5265, 2.50012, 16.6054, 16.6054, 14.1053, 9.41364, 1.91097, 16.6054, 16.6054, 14.6944
78960, 1000, 1040.16, 25, 45.1346, 101.633, 218.523, 75.6583, 128.133, 2.63835, 115.032, 25.6317, 472.561, 25, 272.667, 16.6054, 16.6054, 16.6054, 272.667, 16.6054, 16.6054, 16.6054, 20.5265, 2.50012, 16.6054, 16.6054, 14.1053, 9.41364, 1.91097, 16.6054, 16.6054, 14.6944
79040, 1000, 1040.16, 25, 45.1346, 101.633, 218.523, 75.6583, 128.133, 2.63835, 115.032, 25.6317, 472.561, 25, 272.667, 16.6054, 16.6054, 16.6054, 272.667, 16.6054, 16.6054, 16.6054, 20.5265, 2.50012, 16.6054, 16.6054, 14.1053, 9.41364, 1.91097, 16.6054, 16.6054, 14.6944
79120, 1000, 1040.16, 25, 45.1346, 101.633, 218.523, 75.6583, 128.133, 2.63835, 115.032, 25.6317, 472.561, 25, 272.667, 16.6054, 16.6054, 16.6054, 272.667, 16.6054, 16.6054, 16.6054, 20.5265, 2.50012, 16.6054, 16.6054, 14.1053, 9.41364, 1.91097, 16.6054, 16.6054, 14.6944
79200, 1000, 1040.16, 25, 45.1346, 101.633, 218.523, 75.6583, 128.133, 2.63835, 115.032, 25.6317, 472.561, 25, 272.667, 16.6054, 16.6054, 16.6054, 272.667, 16.6054, 16.6054, 16.6054, 20.5265, 2.50012, 16.6054, 16.6054, 14.1053, 9.41364, 1.91097, 16.6054, 16.6054, 14.6944
79280, 1000, 1040.16, 25, 45.1346, 101.633, 218.523, 75.6583, 128.133, 2.63835, 115.032, 25.6317, 472.561, 25, 272.667, 16.6054, 16.6054, 16.6054, 272.667, 16.6054, 16.6054, 16.6054, 20.5265, 2.50012, 16.6054, 16.6054, 14.1053, 9.41364, 1.91097, 16.6054, 16.6054, 14.6944
79360, 1000, 1040.16, 25, 45.1346, 101.633, 218.523, 75.6583, 128.133, 2.63835, 115.032, 25.6317, 472.561, 25, 272.667, 16.6054, 16.6054, 16.6054, 272.667, 16.6054, 16.6054, 16.6054, 20.5265, 2.50012, 16.6054, 16.6054, 14.1053, 9.41364, 1.91097, 16.6054, 16.6054, 14.6944
79440, 1000, 1040.16, 25, 45.1346, 101.633, 218.523, 75.6583, 128.133, 2.63835, 115.032, 25.6317, 472.561, 25, 272.667, 16.6054, 16.6054, 16.6054, 272.667, 16.6054, 16.6054, 16.6054, 20.5265, 2.50012, 16.6054, 16.6054, 14.1053, 9.41364, 1.91097, 16.6054, 16.6054, 14.6944
79520, 1000, 1040.16, 25, 45.1346, 101.633, 218.523, 75.6583, 128.133, 2.63835, 115.032, 25.6317, 472.561, 25, 272.667, 16.6054, 16.6054, 16.6054, 272.667, 16.6054, 16.6054, 16.6054, 20.5265, 2.50012, 16.6054, 16.6054, 14.1053, 9.41364, 1.91097, 16.6054, 16.6054, 14.6944
79600, 1000, 1040.16, 25, 45.1346, 101.633, 218.523, 75.6583, 128.133, 2.63835, 115.032, 25.6317, 472.561, 25, 272.667, 16.6054, 16.6054, 16.6054, 272.667, 16.6054, 16.6054, 16.6054, 20.5265, 2.50012, 16.6054, 16.6054, 14.1053, 9.41364, 1.91097, 16.6054, 16.6054, 14.6944
79680, 1000, 1040.16, 25, 45.1346, 101.633, 218.523, 75.6583, 128.133, 2.63835, 115.032, 25.6317, 472.561, 25, 272.667, 16.6054, 16.6054, 16.6054, 272.667, 16.6054, 16.6054, 16.6054, 20.5265, 2.50012, 16.6054, 16.6054, 14.1053, 9.41364, 1.91097, 16.6054, 16.6054, 14.6944
79760, 1000, 1040.16, 25, 45.1346, 101.633, 218.523, 75.6583, 128.133, 2.63835, 115.032, 25.6317, 472.561, 25, 272.667, 16.6054, 16.6054, 16.6054, 272.667, 16.6054, 16.6054, 16.6054, 20.5265, 2.50012, 16.6054, 16.6054, 14.1053, 9.41364, 1.91097, 16.6054, 16.6054, 14.6944
79840, 1000, 1040.16, 25, 45.1346, 101.633, 218.523, 75.6583, 128.133, 2.63835, 115.032, 25.6317, 472.561, 25, 272.667, 16.6054, 16.6054, 16.6054, 272.667, 16.6054, 16.6054, 16.6054, 20.5265, 2.50012, 16.6054, 16.6054, 14.1053, 9.41364, 1.91097, 16.6054, 16.6054, 14.6944
79920, 1000, 1040.16, 25, 45.1346, 101.633, 218.523, 75.6583, 128.133, 2.63835, 115.032, 25.6317, 472.561, 25, 272.667, 16.6054, 16.6054, 16.6054, 272.667, 16.6054, 16.6054, 16.6054, 20.5265, 2.50012, 16.6054, 16.6054, 14.1053, 9.41364, 1.91097, 16.6054, 16.6054, 14.6944
80000, 1000, 1040.16, 25, 45.1346, 101.633, 218.523, 75.6583, 128.133, 2.63835, 115.032, 25.6317, 472.561, 25, 272.667, 16.6054, 16.6054, 16.6054, 272.667, 16.6054, 16.6054, 16.6054, 20.5265, 2.50012, 16.6054, 16.6054, 14.1053, 9.41364, 1.91097, 16.6054, 16.6054, 14.6944
