0.0,0.0,0.0,0.0,0.0,0.0,0.0,0.0,0.0,0.0,0.0,0.0,0.0,0.0,0.0,10.000001549282922,0.0,0.0,10.000001549282922,0.0,0.0,0.9999999999999996,0.0,0.9999999999999996,0.0,0.9999999999999996,0.0,0.9999999999999996,0.0
19.5,0.011303788903611564,1.7027720135676818,1.7080762426915717,0.007319720175549628,1.5107216440594192E-7,1.4806952242904778,0.5721387985334389,0.0,0.0,8.778855159965252,5.267914622960557,17.559715443713095,17.559715443713095,0.20666956598868774,9.993339067123499,2.079890505305466E-7,0.00666248215942434,10.00000134129388,1.2932414939405246,2.8019346756017933,0.9999999999999996,0.28426377456536506,0.9999999999999996,0.13121364806724078,0.9999999999999996,0.2915858851558707,0.9999999999999996,0.2915858851558707
39.0,0.21052140552094614,6.006302495267877,6.198605530278808,0.13362915839538164,7.691945160515946E-5,4.722833231920847,1.253419453842001,0.0,0.0,16.564160654294295,9.97246692476704,33.24161861498906,33.24161861498906,1.725875773463936,9.824987083854573,1.763338588358349E-4,0.1750144654283513,9.99982521542409,4.947235271433117,10.708331404772158,0.9999999999999996,0.536355907951378,0.9999999999999996,0.24839502138574787,0.9999999999999996,0.5519899692529334,0.9999999999999996,0.5519899692529334
58.5,0.9562930602212775,11.303306926628185,12.31014797064717,0.6070512030847451,0.002046749369907096,9.0892590668359,1.6920462604958966,0.0,0.0,23.152663069630584,14.172929316062385,47.246520223252176,47.246520223252176,4.722493170454436,9.118972785872023,0.005993729285689679,0.8810287634109105,9.994007819997242,10.651591501219588,22.934950253455153,0.9999999999999996,0.7496949517321084,0.9999999999999996,0.3530204820051833,0.9999999999999996,0.7845467920019228,0.9999999999999996,0.7845467920019228
78.0,2.4557195197218054,16.76118608579252,19.065028434976696,1.599365419157796,0.01655714550332833,14.2628812575408,1.9911503972764564,0.0,0.0,28.128991768532657,17.912362891661235,59.75375652168313,59.75375652168313,8.925971073855344,7.801199454504117,0.05588952706970644,2.1988020947788156,9.944112022213227,18.128303603312865,38.50598863331669,0.9999999999999996,0.9108309943768141,0.9999999999999996,0.44616259919532464,0.9999999999999996,0.9922343014391749,0.9999999999999996,0.9922343014391749
97.5,4.635550563356528,22.478508089729498,25.746652586030297,3.2498264690508334,0.07078768606975322,19.78032298069703,2.237548671353487,0.0,0.0,31.264328567916678,21.190972830550393,70.92348568737168,70.92348568737168,14.093019044735952,6.214020900833219,0.2586325505214565,3.7859806484497054,9.741368998761475,27.11754104363165,56.247998148567305,0.9999999999999996,1.012354787273076,0.9999999999999996,0.5278264835711479,0.9999999999999996,1.1777119862096717,0.9999999999999996,1.1777119862096717
117.0,7.229237483867138,28.648228159929936,31.850950442638936,5.698181769678509,0.20527386375188494,25.14552960248814,2.4787473583106205,0.0,0.0,32.69850526616307,23.93669805010724,80.8987392954892,80.8987392954892,20.013242653190293,4.7383909056154465,0.76545910653794,5.2616106436674785,9.234542442744992,37.348821724605905,74.98789273056693,0.9999999999999996,1.0587941548453308,0.9999999999999996,0.5962172317958799,0.9999999999999996,1.343354941091302,0.9999999999999996,1.343354941091302
136.5,9.977914175217462,35.227417854757455,37.17770776366395,9.025850262296798,0.46404648729560544,29.982135776898044,2.7341360634184415,0.0,0.0,32.81446499198043,26.01918902318033,89.80725274216509,89.80725274216509,26.477700770836478,3.569446021403467,1.655291891599177,6.4305555278794575,8.344709657683758,48.50738799070175,93.75374827854148,0.9999999999999996,1.0625489894744213,0.9999999999999996,0.6480880871914922,0.9999999999999996,1.4912842618766218,0.9999999999999996,1.4912842618766218
156.0,12.794849304617001,42.02228722004364,41.853011656018246,13.219565472642353,0.8909450375864364,34.10120900373339,3.0061029018302787,0.0,0.0,32.03795111562636,27.322246001723986,97.76310177199551,97.76310177199551,33.26105856296122,2.719681889697671,2.846746776651761,7.280319659585254,7.153254772631174,60.22302816751097,111.857657816281,0.9999999999999996,1.0374050770310972,0.9999999999999996,0.6805447369346309,0.9999999999999996,1.6233942205468312,0.9999999999999996,1.6233942205468312
175.5,15.753428140122775,48.839496218772396,46.16565639282907,18.1984006386492,1.5301501311327868,37.478338730343594,3.2882149389438577,0.0,0.0,30.716162443580956,27.821229271280153,104.86816303771303,104.86816303771303,40.130298478417814,2.1200740990205893,4.1402480542367135,7.879927450262335,5.859753495046222,72.09812543680023,128.8721519935541,0.9999999999999996,0.9946048906461045,0.9999999999999996,0.6929734530033412,0.9999999999999996,1.7413765184315433,0.9999999999999996,1.7413765184315433
195.0,18.956683632583307,55.550000105943475,50.353981002699555,23.856775799504845,2.421667678404508,40.18767214535568,3.571034263372955,0.0,0.0,29.092489150396386,27.603819769060976,111.21341866028787,111.21341866028787,46.87048160227186,1.6955451788794873,5.339084276851334,8.304456370403438,4.660917272431602,83.76009337642115,144.56344068847892,0.9999999999999996,0.9420295273929933,0.9999999999999996,0.6875581993493955,0.9999999999999996,1.846741948935212,0.9999999999999996,1.846741948935212
214.5,22.43488224592035,62.08332413271587,54.50379887228017,30.09019024998658,3.5933833066763547,42.33954976224855,3.845778584930538,0.0,0.0,27.326059578210614,26.830138025125883,116.88012132954916,116.88012132954916,53.30846676284671,1.3893586485943683,6.334770203663521,8.61064290068856,3.6652313456194143,94.90684102238191,158.82724097250997,0.9999999999999996,0.884831643552363,0.9999999999999996,0.6682872712249577,0.9999999999999996,1.940839744484813,0.9999999999999996,1.940839744484813
234.0,26.13646121549403,68.40599390576276,58.58230301881005,36.804554011702976,5.056587938804535,44.04230974057237,4.105975144042594,0.0,0.0,25.517768525387567,25.67466560108585,121.94083446987179,121.94083446987179,59.322647730914106,1.1632781201253017,7.109306027718254,8.836723429157628,2.890695521564682,105.32568824646802,171.64152070136905,0.9999999999999996,0.8262782637754159,0.9999999999999996,0.6395066696300549,0.9999999999999996,2.0248748488844823,0.9999999999999996,2.0248748488844823
253.5,29.973647847097695,74.50508967511222,62.52097081223239,43.9177713369499,6.805820902059428,45.386848766837105,4.347669058594622,0.0,0.0,23.730473693626013,24.287776406692608,126.46036173337748,126.46036173337748,64.8393884134166,0.9923294533893285,7.692954616377927,9.0076720958936,2.307046932905008,114.88779222518309,183.03494175990448,0.9999999999999996,0.7684047522662318,0.9999999999999996,0.6049619202014656,0.9999999999999996,2.0999233519106077,0.9999999999999996,2.0999233519106077
273.0,33.86221438645467,80.37860046325521,66.266657286843,51.35876779388564,8.822120734872357,46.44434345462221,4.568953705591815,0.0,0.0,22.002528245757325,22.783331422503686,130.49657674029896,130.49657674029896,69.82303783283328,0.8601702375665774,8.12854703930227,9.139831311716355,1.871454509980664,123.53078710626819,193.06649584458802,0.9999999999999996,0.7124530038544108,0.9999999999999996,0.5674890815507605,0.9999999999999996,2.166946267472373,0.9999999999999996,2.166946267472373
292.5,37.7375090921394,86.03017889679168,69.79305511722363,59.065985144287474,11.078395890805393,47.2691090693686,4.769359498712925,0.0,0.0,20.356469936104617,21.24114873292718,134.10116452133963,134.10116452133963,74.26519861029419,0.7559355927689444,8.45487304196762,9.244065956513985,1.5451285073153127,131.23994895013442,201.81243138691156,0.9999999999999996,0.6591528024351614,0.9999999999999996,0.5290762690493005,0.9999999999999996,2.226801845549698,0.9999999999999996,2.226801845549698
312.0,41.55547888809245,91.46634862231139,73.09482448967957,66.98596663678136,13.544422315406992,47.902491311068786,4.949332655083385,0.0,0.0,18.804558256445286,19.714339929524364,137.3202827543315,137.3202827543315,78.17577768288415,0.6722509170372494,8.70209641423926,9.327750632245683,1.2979051350436703,138.03246957087592,209.35785537848142,0.9999999999999996,0.6089011165588698,0.9999999999999996,0.4910463905614308,0.9999999999999996,2.2802565522843903,0.9999999999999996,2.2802565522843903
331.5,45.28836655053257,96.69500756884628,76.17913094050644,75.07216526135447,16.190157447918644,48.37628601836389,5.109854081849632,0.0,0.0,17.35234675303151,18.236715087209404,140.19515293083492,140.19515293083492,81.57630033634997,0.6040005886175398,8.892168870217434,9.396000960665392,1.1078326790654938,143.9457213746533,215.7913096143056,0.9999999999999996,0.5618777728647841,0.9999999999999996,0.4542415901970004,0.9999999999999996,2.3279948865308087,0.9999999999999996,2.3279948865308087
351.0,48.919851106627476,101.72461567121071,79.05928575573681,83.28396341876854,18.98747576332743,48.7153485830419,5.252183951330871,0.0,0.0,16.001014075650357,16.828707844030223,142.76258848361104,142.76258848361104,84.49520148404073,0.5475575490933245,9.040644421591699,9.452444000189606,0.9593571276912305,149.0290142028881,221.20128471283076,0.9999999999999996,0.5181209366297267,0.9999999999999996,0.4191708306829044,0.9999999999999996,2.3706281496173642,0.9999999999999996,2.3706281496173642
370.5,52.44120911417882,106.56375366303006,81.75091468557852,91.58587155077872,21.910866055109732,48.93946922097451,5.377699521114856,0.0,0.0,14.748905158027846,15.501677917814021,145.0554655828569,145.0554655828569,86.96461884793416,0.5002998312063042,9.15846819782385,9.499701718076626,0.8415333514590783,153.33800097896568,225.67400902878552,0.9999999999999996,0.47757701596983315,0.9999999999999996,0.3861170607994108,0.9999999999999996,2.408702263100598,0.9999999999999996,2.408702263100598
390.0,55.8486145026583,111.22087908714872,84.26987560065915,99.9468589061344,24.937578037124947,49.06470108828694,5.487794838430701,0.0,0.0,13.5925700201847,14.260926491685867,147.10314605476998,147.10314605476998,89.01823669263247,0.46029619379390785,9.25337514692995,9.539705355489023,0.7466264023529782,156.93093060012984,229.2920734782623,0.9999999999999996,0.44013429878674715,0.9999999999999996,0.35521232284915694,0.9999999999999996,2.442704791491965,0.9999999999999996,2.442704791491965
409.5,59.141346288866345,115.70419864052326,86.63125305705083,108.33979636401516,28.047500513278194,49.104282298288,5.583825509971253,0.0,0.0,12.527456386688277,13.107729472118113,148.93184810149813,148.93184810149813,90.68988265457851,0.426098831336105,9.330893216101641,9.573902717946826,0.6691083331812878,159.86622620612485,232.13363256408232,0.9999999999999996,0.40564538009727164,0.9999999999999996,0.3264883972148581,0.9999999999999996,2.473071098206376,0.9999999999999996,2.473071098206376
429.0,62.320637837675456,120.02159766007604,88.84892619442117,116.7409759162555,31.222941732111135,49.06930449640588,5.667072752810151,0.0,0.0,11.548394676619633,12.040761247257917,150.56498939811556,150.56498939811556,92.0126014136641,0.3966071347333781,9.3950145888338,9.60339441454955,0.6049869604491313,162.20088728012868,234.27197636618575,0.9999999999999996,0.37394286625403883,0.9999999999999996,0.2999122654481185,0.9999999999999996,2.500190042820555,0.9999999999999996,2.500190042820555
448.5,65.38891732148048,124.18061102020252,90.93545342810746,125.12970118474718,34.44837005267778,48.96918091384371,5.7387308450458425,0.0,0.0,10.649918551075942,11.057033455843717,152.02348493293093,152.02348493293093,93.0180922049358,0.37097105289486265,9.448671677109017,9.629030496388067,0.5513298721739144,163.98953477643315,235.77537372925173,0.9999999999999996,0.34484975443592275,0.9999999999999996,0.2754094932023441,0.9999999999999996,2.5244089268268612,0.9999999999999996,2.5244089268268612
468.0,68.34933327789885,128.18841237667993,92.90209610235387,133.4879380321577,37.71017192915227,48.81198898034997,5.799899809936121,0.0,0.0,9.826486606530501,10.152544225047144,153.32601159940245,153.32601159940245,93.73636322491768,0.34852604146190114,9.494045668349804,9.651475507821026,0.5059558809331282,165.28382510046114,236.70706731278682,0.9999999999999996,0.3181866111912731,0.9999999999999996,0.25288040150198315,0.9999999999999996,2.546037887284657,0.9999999999999996,2.546037887284657
487.5,71.20544090519128,132.05182133157462,94.75891866036432,141.80000561910134,40.99642566416436,48.60472541923165,5.851585886554706,0.0,0.0,9.072631849474929,9.322721597600246,154.48924592836386,154.48924592836386,94.19554531157313,0.32874682492885604,9.53278089802284,9.671254724354073,0.46722065126008966,166.13214149866076,237.12538779463836,0.9999999999999996,0.2937764125025045,0.9999999999999996,0.2322111116616596,0.9999999999999996,2.565353844456124,0.9999999999999996,2.565353844456124
507.0,73.96099609146422,135.77730337429622,96.51489999694248,150.052295713305,44.296692474709495,48.353504674515854,5.894704916803234,0.0,0.0,8.383058587576715,8.5627268769034,155.5280920862069,155.5280920862069,94.42183274022587,0.3112130064997742,9.566135406251057,9.688788542783154,0.4338661430318744,166.57950137210085,237.0839850563228,0.9999999999999996,0.27144768117083123,0.9999999999999996,0.21328110103091905,0.9999999999999996,2.5826042878045037,0.9999999999999996,2.5826042878045037
526.5,76.619832427063,139.3709969486152,98.17806353312064,158.23305854925903,47.60184847998725,48.06369323277649,5.930087334398996,0.0,0.0,7.752707936429435,7.8676540951161975,156.45584327027194,156.45584327027194,94.43944444315589,0.2955851735717641,9.595082741258633,9.704416375711165,0.40491880802430075,166.66750016451354,236.63198683326314,0.9999999999999996,0.25103660795800353,0.9999999999999996,0.19596817136174227,0.9999999999999996,2.598009956027155,0.9999999999999996,2.598009956027155
546.0,79.18576646499652,142.83871463642862,99.75558282774094,166.3321696254001,50.903919510523544,47.74003836883324,5.958484694115929,0.0,0.0,7.176792031464813,7.232670016388087,157.2843824337994,157.2843824337994,94.27070226407476,0.28158662701430265,9.620385055210791,9.718414922268629,0.37961649407214126,166.4344521489433,235.8143424466065,0.9999999999999996,0.23238815938534027,0.9999999999999996,0.1801519360204591,0.9999999999999996,2.6117681701712208,0.9999999999999996,2.6117681701712208
565.5,81.66254755320686,146.18596646076634,101.2538902038679,174.3409547722385,54.19594738684368,47.38675482367647,5.980576568838371,0.0,0.0,6.6508123244897375,6.6530974456810075,158.02432521294787,158.02432521294787,93.93610091282005,0.26899016235223944,9.642645967608857,9.731011386930692,0.3573555816740728,165.91551804305558,234.67208289776335,0.9999999999999996,0.21535667018486104,0.9999999999999996,0.16571589505071269,0.9999999999999996,2.6240552069921925,0.9999999999999996,2.6240552069921925
585.0,84.05382668857236,149.41797777077622,102.67877056311927,182.2520333270596,57.47187271939569,47.00758830757625,5.996974637881187,0.0,0.0,6.170579829678118,6.124486317713276,158.6851303720975,158.6851303720975,93.45434493913366,0.2576072455921565,9.662348303489981,9.742394303690775,0.3376532457929464,165.1427731943436,233.2424877141757,0.9999999999999996,0.19980649887475216,0.9999999999999996,0.1525492058626855,0.9999999999999996,2.6350281329410126,0.9999999999999996,2.6350281329410126
604.5,86.36312687647715,152.53969732483216,104.03543202910137,190.05915652065104,60.72642691098995,46.60589422270462,6.008232421070681,0.0,0.0,5.732192484282049,5.6426232544273045,159.27526759037738,159.27526759037738,92.84254632799696,0.24728077945956733,9.679881735304441,9.752720769823366,0.3201198139784875,164.14555185866462,231.5595437860017,0.9999999999999996,0.18561129468773258,0.9999999999999996,0.14054692129128624,0.9999999999999996,2.6448275903244283,0.9999999999999996,2.6448275903244283
624.0,88.59383853368044,155.55581812002063,105.32858528266631,197.75708354951925,63.95503820689045,46.18467678081047,6.014848930744593,0.0,0.0,5.332040476123578,5.203562068800679,159.80229989294256,159.80229989294256,92.11627895840766,0.23787868836133036,9.695563867911945,9.762122860921602,0.3044376813709847,162.95054369543868,229.65410075344323,0.9999999999999996,0.17265417007793463,0.9999999999999996,0.12961074938756992,0.9999999999999996,2.6535791661083183,0.9999999999999996,2.6535791661083183
643.5,90.74921018129447,158.47078906418758,106.56249393212896,205.3414788980113,67.15376141261008,45.74662872659644,6.017273909073906,0.0,0.0,4.9667954620461785,4.803628681710043,160.27297456804067,160.27297456804067,91.28968126908386,0.22928947140520897,9.70965511550038,9.770712077877723,0.29034643378255015,161.581972944808,227.55410744933704,0.9999999999999996,0.16082735160890402,0.9999999999999996,0.11964917588838545,0.9999999999999996,2.661394901630848,0.9999999999999996,2.661394901630848
663.0,92.8323535547523,161.28883704725695,107.7410389919868,212.808800253409,70.3191968165415,45.294168483590255,6.015912645484306,0.0,0.0,4.6333959595094125,4.439418439771398,160.69331456170417,160.69331456170417,90.37556943980864,0.22141813181513895,9.722371487095357,9.778583417467795,0.27763006218757225,160.06179436916403,225.2848615233267,0.9999999999999996,0.15003170692603957,0.9999999999999996,0.11057739740892243,0.9999999999999996,2.6683748102467737,0.9999999999999996,2.6683748102467737
682.5,94.84623542527426,164.01396791368094,108.86775061096814,220.15620369375497,73.4484314101884,44.82947462821777,6.011131250893559,0.0,0.0,4.329028416694025,4.107784845049327,161.0687066374373,161.0687066374373,89.38556085362522,0.21418355041239728,9.733892746303026,9.785817998870534,0.2661088029799039,158.4099070249868,222.8692717011616,0.9999999999999996,0.1401761317970122,0.9999999999999996,0.10231704072138743,0.9999999999999996,2.6746083412532413,0.9999999999999996,2.6746083412532413
702.0,96.79368743399014,166.64998708208407,109.94585396880822,227.3814728023763,76.53898555806033,44.35450636178675,6.003259760086174,0.0,0.0,4.05111577951777,3.8058324907677585,161.40395563425204,161.40395563425204,88.33014904953,0.20751600983928822,9.744369737765062,9.792485539443645,0.25563181151786624,156.64428387631196,220.32801624107344,0.9999999999999996,0.1311771799059492,0.9999999999999996,0.09479598679710989,0.9999999999999996,2.6801752808655146,0.9999999999999996,2.6801752808655146
721.5,98.6774082891528,169.2005089959427,110.97830144314754,234.48294092157923,79.58876233632428,43.87102877755255,5.992596083774382,0.0,0.0,3.797299672802366,3.530902589912676,161.7033527377228,161.7033527377228,87.21880726241871,0.20135531742470986,9.753929737269443,9.798646231858223,0.2460718120134863,154.7811502893775,217.6797568228151,0.9999999999999996,0.12295848587059943,0.9999999999999996,0.08794801035179567,0.9999999999999996,2.685146885884312,0.9999999999999996,2.685146885884312
741.0,100.49996828310269,171.6689674178537,111.96780107448116,241.45942663000034,82.59600430089117,43.380632824720855,5.97940924593704,0.0,0.0,3.5654246651864,3.2805589646219318,161.97073086828675,161.97073086828675,86.06007637884801,0.19564923811238194,9.762680956244624,9.804352311170552,0.23732059303830427,152.83513546230375,214.94131775261448,0.9999999999999996,0.11545025573224636,0.9999999999999996,0.0817124308681031,0.9999999999999996,2.6895868034400223,0.9999999999999996,2.6895868034400223
760.5,102.26381626490856,174.05862821612303,112.91684606775603,248.31017291353822,85.55925233883943,42.884753344346386,5.963942334748455,0.0,0.0,3.353522293860522,3.052572695210427,162.20951580967633,162.20951580967633,84.86165016230649,0.19035218398952805,9.7707158958728,9.809649365293405,0.22928565341013085,150.81941884509322,212.12785743235193,0.9999999999999996,0.10858874966854637,0.9999999999999996,0.07603373023230726,0.9999999999999996,2.6935519200001488,0.9999999999999996,2.6935519200001488
780.0,103.97128062638929,176.37259135354478,113.8277262203449,255.0348050486627,88.47731962270014,42.38468308177061,5.946415118452675,0.0,0.0,3.159797640198127,2.8449084250791756,162.42276539698105,162.42276539698105,83.63044361373811,0.1854244825294647,9.778113597736514,9.814577066753468,0.2218879515464184,148.74584799869146,209.25300514305675,0.9999999999999996,0.10231584730565348,0.9999999999999996,0.0708612116158554,0.9999999999999996,2.697093012102278,0.9999999999999996,2.697093012102278
799.5,105.62458324769892,178.6138148081703,114.70256445002727,261.6332755252824,91.34925146015384,41.88158655936732,5.92702604768126,0.0,0.0,2.982615162894695,2.6557099335450047,162.61321021483903,162.61321021483903,82.37266555819373,0.18083109079076143,9.784942512269543,9.81917045849217,0.21505903701338805,146.62506245286363,206.32900461408937,0.9999999999999996,0.09657858898809912,0.9999999999999996,0.06614864012222978,0.9999999999999996,2.700255422163333,0.9999999999999996,2.700255422163333
819.0,107.2258353427571,180.785104060983,115.54331569925935,268.1058326745768,94.17430799072076,41.37651307719781,5.9059549703221395,0.0,0.0,2.8204852626728383,2.483285799280555,162.78328912257487,162.78328912257487,81.09388330207109,0.1765412548931601,9.791261819331165,9.823460294389774,0.20873972995176607,144.4666055801938,203.36684297708786,0.9999999999999996,0.09132874073713954,0.9999999999999996,0.06185388569073914,0.9999999999999996,2.7030796483882664,0.9999999999999996,2.7030796483882664
838.5,108.77705162941099,182.8891408437724,116.3517983359319,274.4529744475849,96.95193191607505,40.87040677431935,5.883364318088094,0.0,0.0,2.6720524205750453,2.326096598318814,162.93517988717855,162.93517988717855,79.79908144895136,0.17252773366739166,9.797123060567197,9.82747381561554,0.20287848871573458,142.27902423240593,200.37636513913878,0.9999999999999996,0.08652241016266969,0.9999999999999996,0.05793860422336919,0.9999999999999996,2.7056018534425528,0.9999999999999996,2.7056018534425528
858.0,110.28014902175565,184.92847055762363,117.12969581204645,280.67542539090846,99.68173307241986,40.364117086640654,5.859401226965217,0.0,0.0,2.5360833162997376,2.1827419357672837,163.07082786515636,163.07082786515636,78.49271728804607,0.16876636680879534,9.802571228224933,9.831235182474137,0.197430321057998,140.06996423611486,197.3663831231159,0.9999999999999996,0.0821196617289293,0.9999999999999996,0.054367914569658865,0.9999999999999996,2.7078543407254507,0.9999999999999996,2.7078543407254507
877.5,111.73695436817634,186.9055228512868,117.87857351422512,286.7741019418757,102.3634670465249,39.8584078422009,5.834199585314055,0.0,0.0,2.4114566973999243,2.0519491291146563,163.19197002625964,163.19197002625964,77.1787680741972,0.16523566041537288,9.807645959299698,9.83476588886756,0.19235558998323088,137.84625230405152,194.34476968101757,0.9999999999999996,0.07808418871402648,0.9999999999999996,0.051110116649577986,0.9999999999999996,2.7098659532933316,0.9999999999999996,2.7098659532933316
897.0,113.14921061149556,188.82261755463347,118.59989097101861,292.7500877039911,104.99701822479594,39.35396293277365,5.807879341330303,0.0,0.0,2.2971538814417993,1.9325627339810076,163.3001565271762,163.3001565271762,75.8607768911334,0.1619164390427885,9.812381553323005,9.838085110240145,0.1876199959599243,135.61397104279024,191.31854386960066,0.9999999999999996,0.07438300566502451,0.9999999999999996,0.04813643056005679,0.9999999999999996,2.711662432099198,0.9999999999999996,2.711662432099198
916.5,114.5185784138866,190.68196212881855,119.29500802740483,298.60461252793084,107.58238426928354,38.85139682272468,5.780550583743917,0.0,0.0,2.192249049274168,1.82353339466676,163.39677240043017,163.39677240043017,74.54189451311893,0.1587915097199417,9.816809131416093,9.841210039562991,0.1831924178668346,133.37853524179948,188.2939580136382,0.9999999999999996,0.07098613408909171,0.9999999999999996,0.04542071886354804,0.9999999999999996,2.7132667761452716,0.9999999999999996,2.7132667761452716
936.0,115.8466424376027,192.4856658359728,119.96519479594158,304.33902939047846,110.11966338834713,38.35125895362428,5.7523125792845144,0.0,0.0,2.095900885489639,1.7239085933306828,163.4830548552968,163.4830548552968,73.22491897169212,0.15584546900095136,9.820955749780326,9.844156080281984,0.1790457995026018,131.14475597721957,185.27657072205267,0.9999999999999996,0.06786633176740256,0.9999999999999996,0.04293925616779647,0.9999999999999996,2.7146995297713974,0.9999999999999996,2.7146995297713974
955.5,117.13491464213611,194.23574182724326,120.61163903860067,309.95479677851336,112.6090414367379,37.85404156920295,5.723255843167784,0.0,0.0,2.007343646003152,1.6328223445272412,163.5601114839215,163.5601114839215,71.91233442515725,0.15306444447302991,9.824845600806661,9.846937104809905,0.17515594847626875,128.9169085942844,182.27132442585713,0.9999999999999996,0.06499880351880831,0.9999999999999996,0.04067047243653261,0.9999999999999996,2.7159790849747076,0.9999999999999996,2.7159790849747076
975.0,118.384837577015,195.93411161632642,121.23545209987778,315.45346437085675,115.05078258240916,37.36018388558974,5.69346276527462,0.0,0.0,1.9258815814943995,1.5494888629839887,163.62893192754095,163.62893192754095,70.60633650716211,0.15043595039275473,9.828500201410806,9.84956559889018,0.1715013478721229,126.69877583941232,179.28259439529378,0.9999999999999996,0.06236102062807921,0.9999999999999996,0.03859479526595442,0.9999999999999996,2.717121875131753,0.9999999999999996,2.717121875131753
994.5,119.59778986086386,197.58261324922296,121.83767604579998,320.83666019418746,117.44522000348255,36.87007235194434,5.663007157666865,0.0,0.0,1.8508876805335575,1.4732011259639768,163.69039182501712,163.69039182501712,69.3088399359543,0.14794866872863113,9.831938853161883,9.852052880554304,0.1680626961210451,124.49365974430361,176.31420180808897,0.9999999999999996,0.05993268014767943,0.9999999999999996,0.03669461407593269,0.9999999999999996,2.7181424405654373,0.9999999999999996,2.7181424405654373
1014.0,120.77508908738898,199.1830032894931,122.41929045951557,326.1060727107333,119.79274411387514,36.38405199370398,5.631956789398721,0.0,0.0,1.7817897641934568,1.403314929370207,163.74527800319686,163.74527800319686,68.0215367787773,0.14559236049322033,9.835178828304844,9.854409188789713,0.164822720978084,122.30448258538266,173.369529335644,0.9999999999999996,0.05769525463426925,0.9999999999999996,0.034953882978157345,0.9999999999999996,2.7190538468407075,0.9999999999999996,2.7190538468407075
1033.5,121.91799352094101,200.73696088513435,122.98121448331071,331.26344186293977,122.09379749809814,35.90242834228756,5.600373399229234,0.0,0.0,1.718067423914856,1.3392453567744065,163.7942945838998,163.7942945838998,66.74591069504872,0.14335772662716467,9.838235658740599,9.85664382265577,0.16176589054232896,120.13381055625717,170.4515479987333,0.9999999999999996,0.05563189299523233,0.9999999999999996,0.03335803282641755,0.9999999999999996,2.7198677861734604,0.9999999999999996,2.7198677861734604
1053.0,123.02770665497584,202.24609284788204,123.52431326298353,336.3105492115827,124.34886717354424,35.42547007445959,5.568313152595113,0.0,0.0,1.6592485131617,1.2804627290449908,163.83806974067028,163.83806974067028,65.48325251660498,0.141236302918952,9.841123349184528,9.85876524636398,0.15887820009840006,117.98388039814002,167.5628474218714,0.9999999999999996,0.05372730688669678,0.9999999999999996,0.03189387032960388,0.9999999999999996,2.7205946896290243,0.9999999999999996,2.7205946896290243
1072.5,124.10537992863935,203.7119373165833,124.04940181672218,341.2492090036404,126.55847858735179,34.95341244371202,5.5358271893107505,0.0,0.0,1.6049045403718083,1.226487297066185,163.87716403490205,163.87716403490205,64.23468004500387,0.1392203784135132,9.843854529048029,9.86078117086942,0.15614702023489932,115.85663318351494,164.70567440544417,0.9999999999999996,0.05196762153494605,0.9999999999999996,0.030549445857522353,0.9999999999999996,2.721243865546746,0.9999999999999996,2.721243865546746
1092.0,125.15211430102215,205.1359661369565,124.55724743771269,346.0812611631825,128.72319111676123,34.486460402743276,5.502962254821002,0.0,0.0,1.554646713155165,1.1768846792743717,163.91207745583552,163.91207745583552,63.00115484683753,0.13730289950839072,9.84644069032626,9.862698649774542,0.15356085895666724,113.75374325362492,161.8819659999749,0.9999999999999996,0.05034024764555687,0.9999999999999996,0.0293139397986768,0.9999999999999996,2.7218236164418754,0.9999999999999996,2.7218236164418754
1111.5,126.16896514113988,206.5195905384387,125.04857561318398,350.80856251990735,130.84359126481277,34.02479107449267,5.469760618160653,0.0,0.0,1.5081218901199462,1.131261200592721,163.9432565738659,163.9432565738659,61.78350017461093,0.13547745404148948,9.848892094945807,9.864524095241446,0.15110945433712017,111.67664784055437,159.0933833676865,0.9999999999999996,0.048833750321476486,0.9999999999999996,0.028177546462071615,0.9999999999999996,2.722341357789018,0.9999999999999996,2.722341357789018
1131.0,127.1569425991333,207.86416258478582,125.52407127503821,355.4329801397796,132.92028873370433,33.56855723812059,5.4362612482566055,0.0,0.0,1.4650088906605698,1.0892596060181705,163.97110095181122,163.97110095181122,60.58241593933251,0.13373809024934072,9.85121830904417,9.866263459033595,0.14878324023875858,109.62657388309204,156.3413424336744,0.9999999999999996,0.04743772957209151,0.9999999999999996,0.02713136731088584,0.9999999999999996,2.7228037244837306,0.9999999999999996,2.7228037244837306
1150.5,128.11701449571302,209.17097807704752,125.98438179474755,359.9563878051485,134.9539134680529,33.11788873451486,5.402499672134233,0.0,0.0,1.4250161345478616,1.0505563722811293,163.99596701683993,163.99596701683993,59.398489094964084,0.132079397600009,9.853427889795036,9.867922151682928,0.1465736594878898,107.6045550350589,153.62703346358592,0.9999999999999996,0.04614274388196247,0.9999999999999996,0.026167344001073307,0.9999999999999996,2.7232166351373785,0.9999999999999996,2.7232166351373785
1170.0,129.0501088869275,210.44128041853304,126.43012010814627,364.38066085029334,136.9451117346248,32.67289539973036,5.368508518389321,0.0,0.0,1.3878779205946459,1.0148574059078477,164.0181741284911,164.0181741284911,58.2322088901164,0.1304963824134557,9.855528692769495,9.869505166869482,0.14447285651343245,105.61145789379647,150.9514512607428,0.9999999999999996,0.04494018971213162,0.9999999999999996,0.025278151228348467,0.9999999999999996,2.7235853928389666,0.9999999999999996,2.7235853928389666
1189.5,129.95711569267112,211.67626247317096,126.86186675070549,368.7076723346776,138.89454333379797,32.23366865510462,5.334317782405402,0.0,0.0,1.3533523789811233,0.9818956823764124,164.03800800493218,164.03800800493218,57.08397558114266,0.12898445055494695,9.857527890500114,9.871017098727993,0.142473658782814,103.64799690900013,148.3154122750193,0.9999999999999996,0.043822235195382045,0.9999999999999996,0.024457137924090933,0.9999999999999996,2.7239147420494754,0.9999999999999996,2.7239147420494754
1209.0,130.83888610234973,212.87706596022198,127.28016985709996,372.93928813658636,140.8028792235223,31.80028133344057,5.299954732305676,0.0,0.0,1.3212215470700024,0.9514312943560739,164.05572107662664,164.05572107662664,55.95410124458926,0.1275393860338264,9.859432016081323,9.872462163249113,0.14056953320160517,101.7147355756546,145.71955566331795,0.9999999999999996,0.042781822591169916,0.9999999999999996,0.02369832845689458,0.9999999999999996,2.7242088744746513,0.9999999999999996,2.7242088744746513
1228.5,131.6962448151861,214.04479818521503,127.68555598057266,377.0773583372658,142.6707923982691,31.372790578927876,5.265443864949548,0.0,0.0,1.2912868654691567,0.9232462998651453,164.0715392569505,164.0715392569505,54.842828092160964,0.12615718891328825,9.861247244163238,9.87384436036965,0.1387543051196896,99.81211677367449,143.16437851771144,0.9999999999999996,0.04181252244585319,0.9999999999999996,0.022996294310063357,0.9999999999999996,2.7244715414937195,0.9999999999999996,2.7244715414937195
1248.0,132.52997371174982,215.18050744435448,128.07851770341506,381.12372885585154,144.49896913449527,30.951241386685695,5.2308087898119355,0.0,0.0,1.263366706497943,0.8971418853899406,164.0856657363096,164.0856657363096,53.750336944448684,0.12483432673726597,9.862978958705543,9.875167222545672,0.13702259057738522,97.94047996711252,140.65025581394417,0.9999999999999996,0.040908453563179695,0.9999999999999996,0.02234608342034588,0.9999999999999996,2.724706117162173,0.9999999999999996,2.724706117162173
1267.5,133.3408274343234,216.2852087642154,128.45952469234533,385.0802261338514,146.2880967793191,30.535665591961795,5.196070931903051,0.0,0.0,1.2372959668227825,0.8729378827230456,164.098281715475,164.098281715475,52.67675062410471,0.12356740205280825,9.86463234140052,9.876434147230128,0.1353692078824077,96.1000646848067,138.17744436745733,0.9999999999999996,0.040064269813621003,0.9999999999999996,0.021743208143303584,0.9999999999999996,2.72491561038909,0.9999999999999996,2.72491561038909
1287.0,134.12953630573423,217.35988394017227,128.82902828111418,388.9486558804676,148.0388607303676,30.126082367223884,5.1612490480534605,0.0,0.0,1.2129246353806729,0.850471125314956,164.1095486464028,164.1095486464028,51.622140651795874,0.12235328443407745,9.866212101535352,9.87764826484886,0.13378944774757812,94.29102083604268,135.7460947777182,0.9999999999999996,0.039275113763010745,0.9999999999999996,0.021183604313182964,0.9999999999999996,2.7251027021468186,0.9999999999999996,2.7251027021468186
1306.5,134.8967944293754,218.4054646367631,129.18745305440214,392.7308105741455,149.75195192520107,29.72250193592344,5.12636184059049,0.0,0.0,1.1901161264868287,0.8295935303805676,164.11961067133814,164.11961067133814,50.58653143706112,0.1211891072325761,9.867722573271415,9.87881244205036,0.13227897601151525,92.5134200097464,133.3562645541505,0.9999999999999996,0.038536562697726116,0.9999999999999996,0.02066358347186726,0.9999999999999996,2.725269785973241,0.9999999999999996,2.725269785973241
1326.0,135.64327321250929,219.4228555309029,129.53520456194866,396.4284572282795,151.42805781244834,29.32492502826611,5.091426456393739,0.0,0.0,1.1687459068592279,0.810170536424996,164.12859667406175,164.12859667406175,49.56990758048571,0.12007215914049683,9.869167780525611,9.879929390142442,0.13083376875731845,90.76726510765108,131.00792933796367,0.9999999999999996,0.03784458416704755,0.9999999999999996,0.020179793950641834,0.9999999999999996,2.7254190020335227,0.9999999999999996,2.7254190020335227
1345.5,136.3696196687006,220.41292724773655,129.8726707643087,400.0433405446896,153.06786260996776,28.933342276406197,5.056457164781426,0.0,0.0,1.1487004766547435,0.7920799233034144,164.13662177041599,164.13662177041599,48.57221947422251,0.11899994089897595,9.870551451774272,9.881001608383963,0.12945009750865968,89.05249744875888,128.7009911977325,0.9999999999999996,0.03719550298859286,0.9999999999999996,0.01972919148014815,0.9999999999999996,2.725552261870871,0.9999999999999996,2.725552261870871
1365.0,137.07645240904537,221.37651270820064,130.2002193027889,403.5771843267442,154.67204981311227,28.547738779171002,5.021469246395807,0.0,0.0,1.1298763971849617,0.7752107166700561,164.14378868297385,164.14378868297385,47.593383400414886,0.11797009480704782,9.871877030267962,9.882031454475891,0.12812451901496763,87.36900339042114,126.43528637273397,0.9999999999999996,0.03658596976526311,0.9999999999999996,0.01930901190230999,0.9999999999999996,2.7256712712334497,0.9999999999999996,2.7256712712334497
1384.5,137.7643726294004,222.31442157730484,130.51820424993886,407.03168408092546,156.24129482215315,28.168091862706877,4.986476054043003,0.0,0.0,1.1121793173991494,0.7594620563984422,164.15018915010234,164.15018915010234,46.633288563837,0.11698049332216642,9.873147738000197,9.883021055960775,0.12685381128273326,85.71662112572078,124.21059323238529,0.9999999999999996,0.03601292936226832,0.9999999999999996,0.018916742984851957,0.9999999999999996,2.725777553472422,0.9999999999999996,2.725777553472422
1404.0,138.43394898025886,223.2274195537567,130.82695778606853,410.40851700121516,157.7762746276519,27.79437210537155,4.951489457507589,0.0,0.0,1.0955231362336795,0.7447422793522958,164.15590506026803,164.15590506026803,45.6917999790472,0.11602894931206865,9.87436649903106,9.883972599970873,0.1256350502518714,84.0951462163344,122.02663877234737,0.9999999999999996,0.035473593783577693,0.9999999999999996,0.01855010157488244,0.9999999999999996,2.7258724683775344,0.9999999999999996,2.7258724683775344
1423.5,139.0857463986099,224.11627009725453,131.1268065706646,413.70932174890606,159.27764907006232,27.42654574515092,4.916521649550926,0.0,0.0,1.079829262327256,0.7309679685612307,164.16100958340834,164.16100958340834,44.76876001503606,0.1151138316053624,9.875536191495323,9.884887717677579,0.12446535778760756,82.50433715641056,119.8831051770818,0.9999999999999996,0.03496541820112391,0.9999999999999996,0.018207009915683935,0.9999999999999996,2.7259572309639744,0.9999999999999996,2.7259572309639744
1443.0,139.7202911280449,224.98168119540244,131.41805354505087,416.9357242618892,160.74608328459885,27.06457322432661,4.8815831395791465,0.0,0.0,1.0650256861471443,0.7180631115042585,164.16556821860146,164.16556821860146,43.86399353521389,0.11423311326334445,9.87665931583079,9.885768436019598,0.12334223345214118,80.94392057612617,117.77963593836354,0.9999999999999996,0.03448607090978061,0.9999999999999996,0.01788557468116983,0.9999999999999996,2.7260329288693392,0.9999999999999996,2.7260329288693392
1462.5,140.3381008478025,225.8243524083076,131.70099324579448,420.0893153168376,162.18222862704613,26.7084111309114,4.846684359677816,0.0,0.0,1.0510467056303174,0.7059585711178752,164.16963936671286,164.16963936671286,42.977308043516125,0.11338520288538309,9.877738310146135,9.886616346397558,0.12226323913679375,79.4135941511831,115.71583932172331,0.9999999999999996,0.034033424443483895,0.9999999999999996,0.017584073799710595,0.9999999999999996,2.7261005318626492,0.9999999999999996,2.7261005318626492
1482.0,140.93967212588916,226.64495343790162,131.97590705336324,423.17166110272115,163.5867304028864,26.358011765120295,4.811834743106105,0.0,0.0,1.0378322147527308,0.6945913665615919,164.17327519328998,164.17327519328998,42.10849721060356,0.11256852505727909,9.878775425080361,9.887433024225663,0.12122612420256679,77.9130309280042,113.69129350194834,0.9999999999999996,0.033605532538745236,0.9999999999999996,0.01730093853938281,0.9999999999999996,2.72616090617305,0.9999999999999996,2.72616090617305
1501.5,141.52548343154604,227.4441306943082,132.24306342319218,426.18430032693215,164.960226420334,26.013324035445905,4.77704324955594,0.0,0.0,1.0253271978361682,0.6839041187830809,164.1765222735882,164.1765222735882,41.257342313789906,0.1117816027391596,9.879772764558817,9.888219946543781,0.12022878472411104,76.44188258700206,111.70555044210575,0.9999999999999996,0.0332006137600511,0.9999999999999996,0.0170347396980605,0.9999999999999996,2.726214825200723,0.9999999999999996,2.726214825200723
1521.0,142.09599740055543,228.22250903530067,132.50272038764598,429.12874372486954,166.30334541039383,25.674293910204895,4.742318482908287,0.0,0.0,1.013481300174366,0.6738445498144152,164.17942215889352,164.17942215889352,40.423613862961076,0.11102305625238251,9.880732302804544,9.88897849303056,0.1192692464783828,74.9997823380199,109.75813934325508,0.9999999999999996,0.03281703759651952,0.9999999999999996,0.016784175131844957,0.9999999999999996,2.726262978920885,0.9999999999999996,2.726262978920885
1540.5,142.6516600294637,228.9806910525912,132.75512501813176,432.0064748423249,167.6167077944935,25.34086451337618,4.707668445520257,0.0,0.0,1.0022483846949775,0.6643649812430382,164.18201194163925,164.18201194163925,39.60707359300599,0.11029157794177674,9.881655884796205,9.889709971341166,0.1183456644867227,73.58634782082447,107.84857011209988,0.9999999999999996,0.03245331010639001,0.9999999999999996,0.016548057262938627,0.9999999999999996,2.7263059832677774,0.9999999999999996,2.7263059832677774
1560.0,143.19290197791037,229.71925890552473,133.00051422592068,434.8189496481936,168.900925081262,25.012976612833654,4.673100699682719,0.0,0.0,0.9915861139229849,0.6554218624369065,164.1843247801497,164.1843247801497,38.80747593387406,0.10958594170134184,9.882545243746202,9.8904156075816,0.11745630553672536,72.20118381430002,105.97633661280452,0.9999999999999996,0.03210806038078722,0.9999999999999996,0.016325301328638422,0.9999999999999996,2.726344388848235,0.9999999999999996,2.726344388848235
1579.5,143.72013904706228,230.43877483860834,133.2391152468259,437.56759669346457,170.15659972216793,24.690568924812375,4.6386224481535185,0.0,0.0,0.9814556650548077,0.6469754526155198,164.18639024757496,164.18639024757496,38.024569021623776,0.10890499047476795,9.883402004457029,9.891096558808174,0.11659954482589906,70.84388404906237,104.14091885145757,0.9999999999999996,0.031780031317676344,0.9999999999999996,0.016114917462334934,0.9999999999999996,2.726378686735886,0.9999999999999996,2.726378686735886
1599.0,144.23377300370655,231.13978228759476,133.47114628985568,440.25381719815516,171.38432485389012,24.373578468885754,4.604240578692318,0.0,0.0,0.9718213372507591,0.6389893820656294,164.1882348096593,164.1882348096593,37.258096151825086,0.10824763170374335,9.884227695240956,9.8917539175792,0.11577385404197178,69.51403369484164,102.34178597895621,0.9999999999999996,0.031468066905794,0.9999999999999996,0.015915999764237434,0.9999999999999996,2.726409316404675,0.9999999999999996,2.726409316404675
1618.5,144.73419203922316,231.82280649261662,133.6968169012925,442.87898517211215,172.58468418841062,24.061940690534005,4.569961633310757,0.0,0.0,0.9626503616433583,0.6314304406047614,164.18988204759225,164.18988204759225,36.50779651664681,0.1076128374087443,9.885023754750765,9.892388711874197,0.11497779453216193,68.21121053338328,100.57839771849811,0.9999999999999996,0.031171106072621187,0.9999999999999996,0.015727721032406015,0.9999999999999996,2.726436669429403,0.9999999999999996,2.726436669429403
1638.0,145.22177087971204,232.48835459257785,133.9163280197004,445.4444480757604,173.75825231912776,23.75558976175719,4.535791859072565,0.0,0.0,0.9539125919517296,0.6242682335374581,164.19135302229597,164.19135302229597,35.7734063055975,0.1069996328062014,9.885791522992514,9.893001916476742,0.11421002629041303,66.9349868706264,98.85020669258384,0.9999999999999996,0.030888172666320973,0.9999999999999996,0.015549324193281523,0.9999999999999996,2.7264610955348485,0.9999999999999996,2.7264610955348485
1657.5,145.696872593278,233.13691818537512,134.12987339792426,447.9515261186631,174.90559370681723,23.454458812294497,4.501737229157457,0.0,0.0,0.945580242212902,0.6174748868939521,164.1926665847216,164.1926665847216,35.054659660361644,0.10640710082567424,9.88653228855561,9.893594448457268,0.11346926072731807,65.68493115722387,97.15666039250819,0.9999999999999996,0.030618366963345092,0.9999999999999996,0.015380114959746373,0.9999999999999996,2.726482907748367,0.9999999999999996,2.726482907748367
1677.0,146.15984868218507,233.76897333588832,134.33763967652834,450.4015129897546,176.02726300865575,23.158480192316645,4.467803473675173,0.0,0.0,0.9376276006827685,0.6110247302299582,164.1938397068772,164.1938397068772,34.351289690981844,0.10583437149578659,9.887247273937978,9.894167177787155,0.1127542753449487,64.46060972712004,95.49720330198085,0.9999999999999996,0.030360856404402232,0.9999999999999996,0.015219453930275814,0.9999999999999996,2.726502387896735,0.9999999999999996,2.726502387896735
1696.5,146.6110371177856,234.38497751706143,134.53980490219232,452.7956776702605,177.12380666640212,22.867585451557645,4.4339960744237805,0.0,0.0,0.9300310559557712,0.6048943326504588,164.19488742714958,164.19488742714958,33.663028315389774,0.10528060483370072,9.887937552376728,9.894720944449238,0.11206399690619699,63.26158652238168,93.8712765960089,0.9999999999999996,0.030114876440226652,0.9999999999999996,0.015066757486221327,0.9999999999999996,2.726519785698197,0.9999999999999996,2.726519785698197
1716.0,147.05076661737556,234.98537641217175,134.73654152239178,455.13526185971006,178.1957602426849,22.581705685897447,4.400320384513814,0.0,0.0,0.9227688202609351,0.5990621919922849,164.1958231731387,164.1958231731387,32.989607156647835,0.10474503377536742,9.888604223246428,9.895256515507572,0.11139732603649682,62.08742478174305,92.2783202063153,0.9999999999999996,0.029879721571763645,0.9999999999999996,0.01492149004994496,0.9999999999999996,2.726535324123258,0.9999999999999996,2.726535324123258
1735.5,147.4793549552998,235.5706008053593,134.92801538167137,457.4214820109502,179.24364988308236,22.30077153496392,4.366781526251339,0.0,0.0,0.9158208071105135,0.5935086015696368,164.19665888911135,164.19665888911135,32.33075804696768,0.10422692200732643,9.889248310737058,9.895774627275612,0.11075323854586795,60.93768770797908,90.71777365429915,0.9999999999999996,0.02965474138837075,0.9999999999999996,0.014783160765705834,0.9999999999999996,2.726549201511101,0.9999999999999996,2.726549201511101
1755.0,147.8971098394527,236.14106755010448,135.11438654816,459.6555295332511,180.2679920194786,22.024713253467,4.333384318076093,0.0,0.0,0.9091684546046234,0.5882154525396657,164.19740522987928,164.19740522987928,31.686213704491013,0.10372554920173438,9.889870772425917,9.896276000081203,0.11013077685700992,59.811939470404106,89.18907729330964,0.9999999999999996,0.02943933484633239,0.9999999999999996,0.014651318576965926,0.9999999999999996,2.726561594789007,0.9999999999999996,2.726561594789007
1774.5,148.30432887953972,236.697180677977,135.2958084728207,461.83857095695214,181.26929389534405,21.753461107812406,4.300133537234507,0.0,0.0,0.9027945689841212,0.5831660570500671,164.1980717355953,164.1980717355953,31.0557080124006,0.10324028235838292,9.890472529181551,9.896761266924555,0.1095290201013745,58.70974610452522,87.6916734307131,0.9999999999999996,0.0292329452030228,0.9999999999999996,0.014525547821335845,0.9999999999999996,2.726572662374914,0.9999999999999996,2.726572662374914
1794.0,148.701300212673,237.23933083695823,135.47242934511854,463.97174871947243,182.2480532656172,21.486945323047653,4.267033776428216,0.0,0.0,0.8966832106306771,0.578345033438189,164.19866694333,164.19866694333,30.438976507819063,0.10277047843847534,9.891054419209768,9.897231070844462,0.10894713007315654,57.630676085837024,86.22500705163023,0.9999999999999996,0.029035056325530658,0.9999999999999996,0.014405465371104844,0.9999999999999996,2.7265825460301887,0.9999999999999996,2.7265825460301887
1813.5,149.0883028327501,237.76789606094005,135.64439210926002,466.0561814399125,183.20475853768426,21.225096246277985,4.234089510815703,0.0,0.0,0.8908195775238957,0.5737381815004848,164.19919850588215,164.19919850588215,29.835756675824232,0.10231550055281706,9.891617214809626,9.89768604873012,0.10838433447329987,56.57430092930431,84.78852657851851,0.9999999999999996,0.02884518891694173,0.9999999999999996,0.014290717526442152,0.9999999999999996,2.726591372832524,0.9999999999999996,2.726591372832524
1833.0,149.46560783600415,238.28324457930302,135.81183486400928,468.0929631440827,184.13988822548885,20.967844297734786,4.2013050062564075,0.0,0.0,0.8851899491313575,0.5693324284652868,164.1996732324621,164.1996732324621,29.24578815636983,0.10187478495254201,9.892161730970273,9.898126764330396,0.10783981831265413,55.540195380597694,83.38168413351923,0.9999999999999996,0.028662898699469957,0.9999999999999996,0.014180978669682402,0.9999999999999996,2.726599255851498,0.9999999999999996,2.726599255851498
1852.5,149.83347729347963,238.7857321609959,135.97489048211327,470.0831651881947,185.0539120386766,20.715120192764825,4.168684452599116,0.0,0.0,0.8797815871529245,0.5651156984297511,164.2000972043848,164.2000972043848,28.668812956517332,0.1014478097073052,9.892688714049967,9.898553739575632,0.10731283523295906,54.52793798984339,82.00393625949839,0.9999999999999996,0.028487773200507834,0.9999999999999996,0.01407594801325039,0.9999999999999996,2.726606296069704,0.9999999999999996,2.726606296069704
1872.0,150.1921653164889,239.2757038988855,136.13368722677762,472.0278359415693,185.94729046788603,20.466854940118555,4.1362318996278855,0.0,0.0,0.8745826556618789,0.5610768388686673,164.20047584373302,164.20047584373302,28.104575712911643,0.10103407656534781,9.893198870269948,9.89896747271759,0.10680267901297896,53.537111441109936,80.65474435305549,0.9999999999999996,0.02831942916675603,0.9999999999999996,0.013975347769136483,0.9999999999999996,2.72661258352293,0.9999999999999996,2.72661258352293
1891.5,150.54191799079777,239.75349350381572,136.28834889815354,473.9280016728686,186.82047517143445,20.222979928719024,4.103951280290738,0.0,0.0,0.8695821450548861,0.5572055361461031,164.20081399060714,164.20081399060714,27.552823881247214,0.10063304059673327,9.893692781734083,9.899368508686205,0.10630876754884286,52.56730290559623,79.33357512322246,0.9999999999999996,0.02815751010168473,0.9999999999999996,0.013878921044453764,0.9999999999999996,2.7266181985829183,0.9999999999999996,2.7266181985829183
1911.0,150.88297452190366,240.21942613320047,136.438995286312,475.7846658533593,187.67390836707705,19.983426980764428,4.071846405840398,0.0,0.0,0.8647697893421232,0.5534922394341936,164.20111597094893,164.20111597094893,27.01330793001714,0.10024423572128031,9.89417112906484,9.89975731356166,0.10583042021808613,51.618104355290406,78.03990100137042,0.9999999999999996,0.02800168358734609,0.9999999999999996,0.013786429946401016,0.9999999999999996,2.726623213083611,0.9999999999999996,2.726623213083611
1930.5,151.2155666116447,240.67381654286714,136.585741970517,477.5988106053467,188.50802366334855,19.748128421866248,4.039920987568821,0.0,0.0,0.8601360120335194,0.5499280896573218,164.2013856543989,164.2013856543989,26.48578147292792,0.09986721632346747,9.89463451792944,9.900134332959473,0.10536703135348675,50.68911281894068,76.7732004775566,0.9999999999999996,0.02785163953214331,0.9999999999999996,0.013697653812398571,0.9999999999999996,2.72662769128189,0.9999999999999996,2.72662769128189
1950.0,151.53991882636873,241.1169698324864,136.7287004862427,479.37139693377935,189.3232460847857,19.517017123614234,4.008178639598251,0.0,0.0,0.8556718722450741,0.5465048634593862,164.20162650043653,164.20162650043653,25.970001377763037,0.09950158897024348,9.89508351853054,9.900499960312697,0.10491803075238633,49.77993056746225,75.53295835197741,0.9999999999999996,0.02770708842572593,0.9999999999999996,0.01361238781442041,0.9999999999999996,2.726631690623752,0.9999999999999996,2.726631690623752
1969.5,151.8562491311917,241.5491821107818,136.86797867803415,481.1033648575901,190.11999202845348,19.290026522054053,3.97662286547122,0.0,0.0,0.8513690281740309,0.5432149314365096,164.20184159291276,164.20184159291276,25.465727853578272,0.09914692317667236,9.89551863436787,9.900854626106268,0.10448291491505582,48.890165236460646,74.31866591044233,0.9999999999999996,0.027567760156297486,0.9999999999999996,0.013530441918651076,0.9999999999999996,2.72663526231774,0.9999999999999996,2.72663526231774
1989.0,152.16476917966963,241.97074111932596,137.00368092175384,482.79563371232234,190.8986692497068,19.06709067124431,3.9452570727323586,0.0,0.0,0.8472196713287325,0.5400512024198997,164.20203368575696,164.20203368575696,24.972724543030232,0.09880280777432199,9.895940399199826,9.901198741508617,0.1040611500830981,48.01943000376048,73.12982116662273,0.9999999999999996,0.02743340188094489,0.9999999999999996,0.013451639497678605,0.9999999999999996,2.7266384520939178,0.9999999999999996,2.7266384520939178
2008.5,152.46568438547462,242.38192614906072,137.13590815677108,484.4491027434529,191.6596771490451,18.848144273588982,3.914084573026124,0.0,0.0,0.8432164926760962,0.5370070762280195,164.20220523829647,164.20220523829647,24.490758596288387,0.09846885169085484,9.896349325996436,9.901532697592085,0.10365222328648933,47.16734371230158,71.96592903515372,0.9999999999999996,0.02730377692947657,0.9999999999999996,0.013375816153641728,0.9999999999999996,2.72664130079037,0.9999999999999996,2.72664130079037
2028.0,152.7591938811377,242.7830079463202,137.26475785118924,486.0646517660169,192.403407059172,18.633122712511497,3.883108591199165,0.0,0.0,0.8393526469356181,0.5340764003287036,164.20235844520818,164.20235844520818,24.019600710491527,0.09814477105640433,9.896745916120455,9.901856778226534,0.10325563316247023,46.333530950772726,70.82650145140973,0.9999999999999996,0.027178663648244242,0.9999999999999996,0.013302818638766313,0.9999999999999996,2.7266438448505568,0.9999999999999996,2.7266438448505568
2047.5,153.04549117458774,243.1742496106772,137.39032437628236,487.64314102500396,193.13024219847273,18.421962067015194,3.852332253145724,0.0,0.0,0.8356217127235768,0.5312534434033281,164.20249526696458,164.20249526696458,23.55902519502193,0.09783016719244333,9.897130553028157,9.902171382090495,0.10287099625476916,45.51762214181883,69.71105750407301,0.9999999999999996,0.027057854109592036,0.9999999999999996,0.013232504196899557,0.9999999999999996,2.726646116828886,0.9999999999999996,2.726646116828886
2067.0,153.3247641119739,243.55590662846632,137.51269904913585,489.1854118861194,193.84055778562956,18.214599145315745,3.821758598169928,0.0,0.0,0.8320176596659175,0.5285328520544199,164.2026174569767,164.2026174569767,23.108810001200528,0.09752471193100523,9.897503660890765,9.902476837351934,0.10249788839216213,44.719253611878926,68.61912354029158,0.9999999999999996,0.026941153046955057,0.9999999999999996,0.01316473948517957,0.9999999999999996,2.7266481458414265,0.9999999999999996,2.7266481458414265
2086.5,153.5971951718704,243.92822730721045,137.63197032524496,490.69228708894116,194.53472108706305,18.010971498221632,3.7913905777826398,0.0,0.0,0.8285348209130712,0.5259096273161511,164.2027265809706,164.2027265809706,22.668736736425654,0.09722811677569759,9.897865716051314,9.902773432507242,0.10213583323161125,43.93806761266624,67.55023321137591,0.9999999999999996,0.026828376964875292,0.9999999999999996,0.013099399988956862,0.9999999999999996,2.7266499578876666,0.9999999999999996,2.7266499578876666
2106.0,153.86296151362114,244.29145261873256,137.74822375793815,492.16457124700224,195.21309185661266,17.81101743168157,3.761231055906818,0.0,0.0,0.8251678642786204,0.5233790972841713,164.20282403593126,164.20282403593126,22.23859067710332,0.09694005884985843,9.898217044829366,9.90306149043308,0.10178450445356049,43.173712342980444,66.50392751510569,0.9999999999999996,0.026719353204457008,0.9999999999999996,0.013036369340055955,0.9999999999999996,2.7266515761650845,0.9999999999999996,2.7266515761650845
2125.5,154.12223526672796,244.64581682418236,137.8615422286363,493.6030511047754,195.87602214865984,17.61467602144853,3.7312828091718377,0.0,0.0,0.8219117717217413,0.5209368836859748,164.202911069533,164.202911069533,21.81816077943254,0.09666026080328108,9.898558056899748,9.903341288479657,0.10144349238317762,42.42584196710582,65.4797548379894,0.9999999999999996,0.026613919278997835,0.9999999999999996,0.012975538484107364,0.9999999999999996,2.7266530213917957,0.9999999999999996,2.7266530213917957
2145.0,154.37518365599445,244.99154752267398,137.9720060037073,495.00849595789043,196.52385660870763,17.421887124982558,3.701548528382868,0.0,0.0,0.8187618129785239,0.5185788816761198,164.2029887965365,164.2029887965365,21.40723968034599,0.0963884511198081,9.898889123456936,9.903613098163133,0.10111242582599068,41.69411661881322,64.47727097659144,0.9999999999999996,0.026511922020157574,0.9999999999999996,0.012916805177285265,0.9999999999999996,2.726654312078834,0.9999999999999996,2.726654312078834
2164.5,154.62196918876475,245.32886587668187,138.0796928598259,496.3816579805374,197.15693262416005,17.232591389544204,3.672030819688508,0.0,0.0,0.8157135258817525,0.5163012457211611,164.20305821162643,164.20305821162643,21.00562368241224,0.0961243471790649,9.899210533199804,9.903877202103876,0.10079101608312281,40.97820237822853,63.49603912590115,0.9999999999999996,0.026413216940702706,0.9999999999999996,0.012860073634728244,0.9999999999999996,2.7266554647433234,0.9999999999999996,2.7266554647433234
2184.0,154.8627497637379,245.65798687937473,138.18467814500494,497.72327261075736,197.77558031359823,17.04673026027592,3.6427322046485875,0.0,0.0,0.8127626998251547,0.5141003590921537,164.20312020315504,164.20312020315504,20.61311274544254,0.09586771047558668,9.899522669165826,9.904133838807354,0.10047888011710154,40.277771258008066,62.535629878815016,0.9999999999999996,0.026317667699070423,0.9999999999999996,0.012805253770656078,0.9999999999999996,2.7266564941366984,0.9999999999999996,2.7266564941366984
2203.5,155.09767886947574,245.97911951090003,138.28703489577222,499.0340588765951,198.38012279725984,16.86424598500016,3.613655119789951,0.0,0.0,0.8099053530575697,0.5119728249302097,164.2031755655722,164.2031755655722,20.229510473640563,0.09561829502342047,9.899825840584837,9.90438325425952,0.10017570869808845,39.59250118126248,61.595621212765764,0.9999999999999996,0.02622514536414229,0.9999999999999996,0.012752260975829904,0.9999999999999996,2.726657413451107,0.9999999999999996,2.726657413451107
2223.0,155.32690571674422,246.29246692184347,138.38683391129254,500.314719738641,198.9708763262659,16.685081614418994,3.584801915715187,0.0,0.0,0.8071377179926574,0.5099154519307804,164.20322500791704,164.20322500791704,19.854624088800442,0.09537584961372819,9.900120288178307,9.904625699669213,0.09988126110461977,38.92207593557113,60.67559844554811,0.9999999999999996,0.0261355279395652,0.9999999999999996,0.01270101576097514,0.9999999999999996,2.726658234460418,0.9999999999999996,2.726658234460418
2242.5,155.55057532224075,246.5982266700741,138.48414382102035,501.5659424605776,199.54815022488938,16.509181006643416,3.556174859158529,0.0,0.0,0.8044562331605963,0.5079252230058099,164.20326916308446,164.20326916308446,19.48826440293576,0.09514017513775976,9.90040640291849,9.904861374145181,0.0995951463644366,38.26618513094539,59.77515419738925,0.9999999999999996,0.02604870010314325,0.9999999999999996,0.012651442976215854,0.9999999999999996,2.7266589676740978,0.9999999999999996,2.7266589676740978
2262.0,155.76882873628566,246.8965908416385,138.57903119514506,502.7883988872032,200.1122472942659,16.336488828310138,3.5277761342120413,0.0,0.0,0.8018575193043566,0.50599930591746,164.2033085964285,164.2033085964285,19.130245790181498,0.09491103858811391,9.900684395119537,9.905090510694826,0.09931715416339064,37.62452415520681,58.89388834614542,0.9999999999999996,0.02596455243282299,0.9999999999999996,0.012603472075940442,0.9999999999999996,2.72665962248007,0.9999999999999996,2.72665962248007
2281.5,155.98180311805257,247.18774625549838,138.67156060189566,503.9827458087002,200.66346378689624,16.166950554194838,3.499607841547583,0.0,0.0,0.7993383723126642,0.5041350254994287,164.2033438131617,164.2033438131617,18.780386154522166,0.09468821922617067,9.900954482073889,9.90531333005677,0.09904706720903941,36.9967941191065,58.03140797307099,0.9999999999999996,0.025882981177859234,0.9999999999999996,0.012557036426887965,0.9999999999999996,2.7266602072675816,0.9999999999999996,2.7266602072675816
2301.0,156.18963179705077,247.47187464399116,138.761794654234,505.1496253195454,201.20208939085316,16.00051246216021,3.4716719945978345,0.0,0.0,0.7968957573300587,0.5023298393183304,164.20337526432303,164.20337526432303,18.43850689364628,0.094471550993186,9.901217068491684,9.905529998289756,0.09878448079124226,36.382701789962525,57.18732729440846,0.9999999999999996,0.02580388806809569,0.9999999999999996,0.012512072701919818,0.9999999999999996,2.726660729526314,0.9999999999999996,2.726660729526314
2320.5,156.39244453833916,247.74915275658668,138.8497941327705,506.289665047854,201.72840772399508,15.83712162701924,3.44397051957744,0.0,0.0,0.7945267820407222,0.500581371471975,164.20340335290118,164.20340335290118,18.104432868083922,0.0942608172859705,9.901472282984532,9.905740731996971,0.09852926629839513,35.781959540446756,56.36126759994995,0.9999999999999996,0.025727179448881896,0.9999999999999996,0.012468521721870027,0.9999999999999996,2.7266611959480476,0.9999999999999996,2.7266611959480476
2340.0,156.5903675243653,248.01975256519694,138.93561800165966,507.403478515509,202.24269612679373,15.676725928274406,3.4165052618681004,0.0,0.0,0.7922287044699001,0.4988873518269662,164.20342843867846,164.20342843867846,17.777992351106217,0.09405583402905394,9.901720385460276,9.905945715253887,0.09828116382264986,35.19428527599367,55.552857182694495,0.9999999999999996,0.0256527665336871,0.9999999999999996,0.012426326942070375,0.9999999999999996,2.7266616125071086,0.9999999999999996,2.7266616125071086
2359.5,156.78352351561617,248.2838413818045,139.01932349359643,508.4916653925381,202.74522588395504,15.519274042640813,3.3892779866555554,0.0,0.0,0.7899989150457738,0.4972456409672004,164.20345084230198,164.20345084230198,17.459016994251233,0.09385642633554042,9.901961613197674,9.9061451229474,0.09803993608525201,34.61940237861252,54.76173126918694,0.9999999999999996,0.025580564823254666,0.9999999999999996,0.012385435073769668,0.9999999999999996,2.7266619845279654,0.9999999999999996,2.7266619845279654
2379.0,156.97203195551626,248.54158201408504,139.10096616771295,509.5548118488792,203.23626236505396,15.364715433844374,3.3622903747956974,0.0,0.0,0.7878349293133395,0.4956542122931231,164.20347084990843,164.20347084990843,17.147341777969864,0.09366242579680938,9.902196193102565,9.90633912348613,0.0978053561803622,34.05703961806844,53.987531920622935,0.9999999999999996,0.025510493869673766,0.9999999999999996,0.01234579563826053,0.9999999999999996,2.7266623167620305,0.9999999999999996,2.7266623167620305
2398.5,157.15600885548378,248.79313260149678,139.1805998620453,510.5934897877284,203.71606469169433,15.213000424396052,3.33554402283289,0.0,0.0,0.7857343869236698,0.49411114541175705,164.20348871639703,164.20348871639703,16.842805236901864,0.09347366158548649,9.902424317511532,9.906527887697454,0.09757723177139394,33.506931525992435,53.22990852611245,0.9999999999999996,0.025442477243651146,0.9999999999999996,0.012307360802237695,0.9999999999999996,2.7266626134420027,0.9999999999999996,2.7266626134420027
2418.0,157.33556732452482,249.03864735304066,139.2582769676853,511.6082589476414,204.18488660319903,15.064080086879338,3.309040474004267,0.0,0.0,0.783695034191971,0.4926146112219302,164.20350466985755,164.20350466985755,16.54524891557007,0.09328997427463766,9.902646192905324,9.906711575008304,0.09735535637760002,32.96881754352439,52.4885167183176,0.9999999999999996,0.02537644196973222,0.9999999999999996,0.012270085006299647,0.9999999999999996,2.7266628783554023,0.9999999999999996,2.7266628783554023
2437.5,157.5108164072302,249.2782749473573,139.33404785715706,512.5996619646618,204.64297429021656,14.917906551799971,3.282781166776123,0.0,0.0,0.7817147533164888,0.4911629040125588,164.20351890672265,164.20351890672265,16.25451868776922,0.09311121396938002,9.902862016926933,9.906890335313559,0.09713953235599111,32.44244412675202,51.76302107554527,0.9999999999999996,0.025312319472423992,0.9999999999999996,0.012233925764455275,0.9999999999999996,2.7266631147640688,0.9999999999999996,2.7266631147640688
2457.0,157.68186469759985,249.51216345195496,139.407962662255,513.5682399435223,205.0905733057985,14.774432003094788,3.256767483687506,0.0,0.0,0.7797914392850743,0.48975432807293456,164.20353162070518,164.20353162070518,15.970460877240777,0.09293722902501497,9.903071978379874,9.907064320257923,0.0969295709030517,31.9275583860477,51.053087011980764,0.9999999999999996,0.025250041590367384,0.9999999999999996,0.012198840839803635,0.9999999999999996,2.726663325884679,0.9999999999999996,2.726663325884679
2476.5,157.84881618046313,249.74045467256988,139.48006920231362,514.514515141537,205.52792092957452,14.633609728948679,3.231000603696863,0.0,0.0,0.7779231327556809,0.48838731452771283,164.20354297423603,164.20354297423603,15.692926729207098,0.09276787710591054,9.90327625608688,9.907233672177028,0.09672529319604489,31.42391526604019,50.35838994776603,0.9999999999999996,0.02518954487907495,0.9999999999999996,0.012164791154669395,0.9999999999999996,2.7266635144144624,0.9999999999999996,2.7266635144144624
2496.0,158.01177166822538,249.9632861138741,139.5504137484036,515.4389955569173,205.9552480845611,14.49539395950346,3.205481651259697,0.0,0.0,0.7761079778337846,0.48706038378246136,164.2035531090376,164.2035531090376,15.421771104911045,0.09260302149839776,9.903475022350857,9.90739852778454,0.09652652693206899,30.931275625396296,49.67861287174127,0.9999999999999996,0.02513076924374243,0.9999999999999996,0.012131739855193478,0.9999999999999996,2.726663682706773,0.9999999999999996,2.726663682706773
2515.5,158.17083158431322,250.18079474483105,139.6190423835188,516.3421875703293,206.3727849784409,14.359739032887292,3.180211732966858,0.0,0.0,0.7743441273003685,0.485772063370535,164.20356216603636,164.20356216603636,15.156849314842288,0.09244252619891678,9.90366844838096,9.907559023084021,0.09633310090196397,30.449401039109617,49.013439698053965,0.9999999999999996,0.025073654870482853,0.9999999999999996,0.01209965026505632,0.9999999999999996,2.7266638331017496,0.9999999999999996,2.7266638331017496
2535.0,158.32609116141668,250.39311047457855,139.68599864229566,517.2245750794926,206.7807518481716,14.226600732410033,3.1551918033698523,0.0,0.0,0.7726298928490073,0.48452101748716486,164.20357025581814,164.20357025581814,14.898022501645517,0.09228626455568432,9.90385669318209,9.907715284727255,0.09614485610083373,29.978062514226135,48.362566425151456,0.9999999999999996,0.025018147091079437,0.9999999999999996,0.012068489111923538,0.9999999999999996,2.726663967435714,0.9999999999999996,2.726663967435714
2554.5,158.47764617513002,250.6003639566895,139.75132631507395,518.0866444884455,207.1793700564455,14.0959346527868,3.1304228121065094,0.0,0.0,0.7709635706667198,0.4833058972526318,164.2035774913084,164.2035774913084,14.645151170583786,0.09213410901519248,9.904039917019102,9.907867440267747,0.09596163226382252,29.51702999123555,47.72568767991526,0.9999999999999996,0.024964190735205248,0.9999999999999996,0.012038222797788817,0.9999999999999996,2.726664087583836,0.9999999999999996,2.726664087583836
2574.0,158.62558762962186,250.80267934793844,139.81506684668508,518.9288618572239,207.56885196308653,13.967697625972901,3.105905409236221,0.0,0.0,0.7693435779924492,0.48212545503040427,164.20358396944508,164.20358396944508,14.398101448195321,0.09198594071545362,9.904218268610824,9.908015608567487,0.09578328067210032,29.066082247511382,47.10250947805767,0.9999999999999996,0.024911734552255965,0.9999999999999996,0.012008820246419444,0.9999999999999996,2.726664195155808,0.9999999999999996,2.726664195155808
2593.5,158.77000232376676,251.00017510112602,139.87725960090947,519.751675067621,207.94940187699413,13.84184765529568,3.081640199675033,0.0,0.0,0.7677684805495821,0.48097857336234484,164.20358975267365,164.20358975267365,14.156743953472333,0.09184164843445639,9.90439188699375,9.908159900848483,0.09560966228917543,28.62500544535894,46.49274724029374,0.9999999999999996,0.024860732099628708,0.9999999999999996,0.011980253624076778,0.9999999999999996,2.7266642911885612,0.9999999999999996,2.7266642911885612
2613.0,158.91097840090208,251.19297148498276,139.93794477908784,520.5555336976292,208.32122454249074,13.718343076196328,3.05762812148355,0.0,0.0,0.7662367846075049,0.47986407882554744,164.20359492631812,164.20359492631812,13.920948706264117,0.09170111568738025,9.904560918182405,9.90830043359556,0.09544063110052083,28.19358530538296,45.89611594392639,0.9999999999999996,0.024811135009569982,0.9999999999999996,0.011952493703047152,0.9999999999999996,2.726664377098934,0.9999999999999996,2.726664377098934
2632.5,159.04859894105368,251.38118188994386,139.99716004459046,521.3408665436706,208.68451557757865,13.597143419034618,3.033869848808406,0.0,0.0,0.7647471525508994,0.4787809331407995,164.20359954383215,164.20359954383215,13.690591224881485,0.09156423584833251,9.904725495357292,9.908437313434607,0.0952760539256328,27.771616240357382,45.312341680875804,0.9999999999999996,0.024762899969418585,0.9999999999999996,0.011925514621787063,0.9999999999999996,2.7266644537745455,0.9999999999999996,2.7266644537745455
2652.0,159.18294561024263,251.56491776029196,140.054942364871,522.1080968239472,209.03946815605255,13.478208560023477,3.010365913372375,0.0,0.0,0.7632982646513988,0.4777281111264825,164.20360366055783,164.20360366055783,13.46554876077318,0.09143090538337174,9.904885747591832,9.90857064389957,0.09511580169109374,27.358895304498557,44.741153995307464,0.9999999999999996,0.02471598424570185,0.9999999999999996,0.011899290844988948,0.9999999999999996,2.726664522134372,0.9999999999999996,2.726664522134372
2671.5,159.31409909603963,251.7442891879115,140.1113282511007,522.8576433920856,209.38627349582654,13.361498710544314,2.987116777433833,0.0,0.0,0.7618888071291988,0.4767045901198052,164.2036073367561,164.2036073367561,13.245699913455187,0.0913010225856603,9.905041801535912,9.908700526697281,0.09495974774701312,26.955221675192437,44.18228522646508,0.9999999999999996,0.024670345297564598,0.9999999999999996,0.011873796900084409,0.9999999999999996,2.7266645831790703,0.9999999999999996,2.7266645831790703
2691.0,159.44213662858954,251.9194015902288,140.16635254832988,523.5899088390697,209.7251155177935,13.246975166591248,2.9641228325060966,0.0,0.0,0.7605175770086147,0.47570944242704977,164.20361061228033,164.20361061228033,13.030927438492448,0.09117449077280408,9.905193777490108,9.90882705851014,0.09480777179281709,26.56040131363055,43.6354764159143,0.9999999999999996,0.024625944172045115,0.9999999999999996,0.011849009680002479,0.9999999999999996,2.7266646375704204,0.9999999999999996,2.7266646375704204
2710.5,159.56713484981705,252.0903596159037,140.2200497994967,524.3052931359427,210.05617698582077,13.13459920619965,2.9413841299297396,0.0,0.0,0.7591833579313788,0.4747417256960101,164.2036135365341,164.2036135365341,12.821115336406969,0.09105121367776421,9.905341795372921,9.908950335605178,0.09465975391000421,26.17424168343387,43.10047064269906,0.9999999999999996,0.024582741482846896,0.9999999999999996,0.011824905712557376,0.9999999999999996,2.7266646861287884,0.9999999999999996,2.7266646861287884
2730.0,159.68916756630566,252.25726402172535,140.27245319536846,525.0041836034976,210.37963501103192,13.024333106445736,2.918900806179766,0.0,0.0,0.7578850158918747,0.4738005675796156,164.2036161453201,164.2036161453201,12.616150747650323,0.09093110036268034,9.905485968071094,9.90907044892026,0.0945155812118322,25.796555603567228,42.57701785878419,0.9999999999999996,0.024540700510293955,0.9999999999999996,0.011801463269256955,0.9999999999999996,2.7266647294486916,0.9999999999999996,2.7266647294486916
2749.5,159.80830724729483,252.4202137204595,140.3235953499326,525.686960140994,210.69566328028435,12.91613994098784,2.896673125425287,0.0,0.0,0.7566214389469663,0.4728851121068382,164.203618475561,164.203618475561,12.415922775677632,0.09081406174002064,9.90562640605901,9.909187487542921,0.09437514322391574,25.427159364679984,42.06487259853354,0.9999999999999996,0.024499785249104608,0.9999999999999996,0.011778661029504874,0.9999999999999996,2.7266647681432454,0.9999999999999996,2.7266647681432454
2769.0,159.9246240608063,252.57930453133469,140.37350769998946,526.3539934242151,211.00443145864656,12.809983054892921,2.874700959338883,0.0,0.0,0.7553915722027588,0.47199455115155975,164.20362055659425,164.20362055659425,12.220323289275825,0.09070001254683774,9.905763214978434,9.909301536736104,0.09423833430449347,25.065873197606503,41.56379443893623,0.9999999999999996,0.02445996154128047,0.9999999999999996,0.011756478864429718,0.9999999999999996,2.726664802699609,0.9999999999999996,2.726664802699609
2788.5,160.03818637312767,252.7346298101749,140.42222084316742,527.005645421693,211.3061052757739,12.705826504781431,2.852984182295949,0.0,0.0,0.754194400822099,0.47112810905549535,164.2036224144212,164.2036224144212,12.029246498921236,0.09058887036301684,9.905896496792984,9.909412678919924,0.09410505248994351,24.712521226135365,41.073548027009615,0.9999999999999996,0.02442119652588075,0.9999999999999996,0.011734897453871523,0.9999999999999996,2.7266648335495467,0.9999999999999996,2.7266648335495467
2808.0,160.14906158245486,252.88628156768047,140.4697650414045,527.6422710497615,211.60084710437397,12.603635188894303,2.8315228507486356,0.0,0.0,0.7530289243012601,0.4702850199043034,164.2036240770305,164.2036240770305,11.842588430529123,0.09048055272828649,9.906026353808478,9.909520996554656,0.09397519547444887,24.366930891007392,40.59390242192126,0.9999999999999996,0.02438345780608824,0.9999999999999996,0.011713897720373252,0.9999999999999996,2.726664861157819,0.9999999999999996,2.726664861157819
2827.5,160.25731430395138,253.0343480526604,140.51616910852928,528.2642147822065,211.88881481734865,12.50337440171285,2.810316683856181,0.0,0.0,0.7518942131803594,0.4694645777892627,164.20362556233408,164.20362556233408,11.66024811968001,0.0903749830849314,9.906152880481894,9.90962656619801,0.09384866880103304,24.028934070541354,40.124632338477134,0.9999999999999996,0.024346715285521375,0.9999999999999996,0.011693462081102775,0.9999999999999996,2.726664885821861,0.9999999999999996,2.726664885821861
2847.0,160.3630076184106,253.17891541541567,140.5614611727286,528.8718130397565,212.17016260393146,12.40501012537851,2.7893654104226386,0.0,0.0,0.7507893697950709,0.46866610203800896,164.2036268864974,164.2036268864974,11.482126786123453,0.09027208672622773,9.906276169001288,9.909729462556713,0.09372538028163822,23.698366285968984,39.6655172602669,0.9999999999999996,0.02431093989735483,0.9999999999999996,0.011673573581817198,0.9999999999999996,2.726664907810106,0.9999999999999996,2.726664907810106
2866.5,160.4662042825367,253.32006935056734,140.60566928471533,529.4653991067643,212.44504312411905,12.308508627421517,2.768668631087441,0.0,0.0,0.7497134796403564,0.46788889485316126,164.20362807339805,164.20362807339805,11.308126856527327,0.0901717885571571,9.906396312163281,9.909829760725785,0.09360523711964426,23.375064849834374,39.21633914891406,0.9999999999999996,0.024276102029452462,0.9999999999999996,0.011654214841722313,0.9999999999999996,2.726664927519052,0.9999999999999996,2.726664927519052
2886.0,160.56696387131126,253.4578912321785,140.648819921599,530.0452927179226,212.7136030485921,12.213837095768465,2.748225925750606,0.0,0.0,0.7486657213363266,0.4671323373512795,164.2036291329292,164.2036291329292,11.138154190460668,0.09007401915760153,9.906513395415343,9.90992753012534,0.09348815386758276,23.058872740708537,38.7768871948615,0.9999999999999996,0.024242175085117626,0.9999999999999996,0.011635370445618803,0.9999999999999996,2.7266649451129776,0.9999999999999996,2.7266649451129776
2905.5,160.66534472007353,253.59246074061957,140.69093900296295,530.6118071487892,212.97598609696036,12.12096320708033,2.7280367819794638,0.0,0.0,0.7476452919426564,0.4663958243470803,164.20363007571288,164.20363007571288,10.972116562009353,0.08997871066596425,9.906627502259061,9.910022838616978,0.0933740470238655,22.749635962969936,38.34695457924394,0.9999999999999996,0.02420913306473609,0.9999999999999996,0.011617025319502155,0.9999999999999996,2.7266649607682663,0.9999999999999996,2.7266649607682663
2925.0,160.76140516936462,253.72385756030656,140.7320525025801,531.1652545158654,213.23233538265225,12.029854844284953,2.7081006279988173,0.0,0.0,0.746651361789713,0.46567872552894135,164.20363092075314,164.20363092075314,10.809922375200948,0.08988579437698263,9.906738717441264,9.91011575490596,0.09326283184166288,22.447201468499074,37.926335871752855,0.9999999999999996,0.024176949103185102,0.9999999999999996,0.011599163763518959,0.9999999999999996,2.7266649748004874,0.9999999999999996,2.7266649748004874
2944.5,160.85520034581967,253.8521569990871,140.77218483916585,531.7059325932967,213.482787624095,11.940480823026633,2.688416801952825,0.0,0.0,0.7456831931534765,0.4649804879173939,164.2036316744155,164.2036316744155,10.651483770474453,0.08979520711718661,9.90684711851355,9.910206342165756,0.09315443076937695,22.15142226405014,37.51483339534768,0.9999999999999996,0.02414559931258741,0.9999999999999996,0.011581772004011396,0.9999999999999996,2.7266649873153432,0.9999999999999996,2.7266649873153432
2964.0,160.9467842458462,253.97743282394362,140.8113599182334,532.2341333388144,213.72747688794522,11.852810419953228,2.6689845688107323,0.0,0.0,0.7447400631680503,0.4643005692820835,164.20363234414796,164.20363234414796,10.496714620524203,0.08970688710688264,9.906952781313867,9.910294662176058,0.09304876796905945,21.86215411134472,37.11225311497926,0.9999999999999996,0.02411506028617931,0.9999999999999996,0.011564836535061476,0.9999999999999996,2.7266649984365103,0.9999999999999996,2.7266649984365103
2983.5,161.0362111831895,254.09975922499612,140.84960184943327,532.7501490393041,213.96653730323487,11.766813089886172,2.6498032219795085,0.0,0.0,0.7438212184172487,0.4636383997963046,164.20363294456263,164.20363294456263,10.345528939244822,0.08962077142440666,9.907055783227886,9.910380777858535,0.0929457660550405,21.579253053794886,36.718401525931185,0.9999999999999996,0.024085307627963286,0.9999999999999996,0.011548343163379035,0.9999999999999996,2.726665008406629,0.9999999999999996,2.726665008406629
3003.0,161.1235320844859,254.2192057855751,140.88693310665838,533.2542567271439,214.2000961888957,11.682459218532856,2.630871881193332,0.0,0.0,0.7429259963889733,0.4629934852654202,164.20363347964826,164.20363347964826,10.197844825284307,0.08953680271382873,9.907156194490435,9.910464746569113,0.09284535479249112,21.302581629313707,36.33309345215062,0.9999999999999996,0.024056319885462175,0.9999999999999996,0.011532279579523654,0.9999999999999996,2.7266650172919333,0.9999999999999996,2.7266650172919333
3022.5,26.17452917273714,254.33584068722868,62.11736637603241,533.746728014845,1.3216740568885403,11.37883968108342,2.7351458519861573,0.0,306.1452515017036,0.7420537479468649,3.1340994128211803,164.20363395441427,164.20363395441427,10.274461944772439,0.08945492489700056,3.970601637952488,9.910546624385953,6.0293999113304375,21.602958300253828,35.956147133254156,0.9999999999999996,0.024028076039312025,0.9999999999999996,0.07806440437915643,0.9999999999999996,2.7266650251756075,0.9999999999999996,2.7266650251756075
3042.0,20.9765219313241,254.44973243628016,55.153638238623536,534.2278340874878,1.3341939888877727,10.540379152433335,3.143439270234687,0.0,310.5916315216977,0.7412038022202816,5.96950069606344,164.20363437840942,164.20363437840942,10.890846655720539,0.08937508046285937,3.990823328215093,9.910626468820093,6.009178221067837,23.304476074043457,35.587381625157434,0.9999999999999996,0.024000554366381818,0.9999999999999996,0.14868881132895342,0.9999999999999996,2.726665032216211,0.9999999999999996,2.726665032216211
3061.5,18.83023512617487,254.5609464561238,52.56961254461639,534.6978367838984,0.8272261744885673,9.2769662948868,3.9245416825843824,0.0,314.0024660835579,0.7403755358266674,8.936431513289154,164.20363475706307,164.20363475706307,11.93700460525141,0.08929721627075209,2.9231522531465113,9.910704333012198,7.076849296136423,26.338712771882093,35.226621424564975,0.9999999999999996,0.02397373468122877,0.9999999999999996,0.22258936666341309,0.9999999999999996,2.7266650385039015,0.9999999999999996,2.7266650385039015
3081.0,18.35108036650024,254.66954672537597,51.87320828500792,535.1569918139967,0.8282963924604944,7.739804924995538,5.226704832837787,0.0,314.526289100583,0.7395683455799734,11.71029815402511,164.2036350952241,164.2036350952241,13.261628515818344,0.08922128009137312,2.920660665163295,9.910780269191578,7.079340884119641,30.700594561484294,34.87369473048206,0.9999999999999996,0.023947597452383267,0.9999999999999996,0.2916810637073635,0.9999999999999996,2.7266650441191964,0.9999999999999996,2.7266650441191964
3100.5,18.079799471442705,254.77559564852518,51.5393353352196,535.6055490362114,0.7643955208145371,6.178436305603646,7.204309224756216,0.0,315.0746144416091,0.7387816476038211,14.24960138959989,164.20363539722263,164.20363539722263,14.615075828206283,0.08914722121806899,2.758857236262096,9.910854328064886,7.241144313020835,36.23193510520531,34.52843333635611,0.9999999999999996,0.023922123773632554,0.9999999999999996,0.3549302362806013,0.9999999999999996,2.726665049133999,0.9999999999999996,2.726665049133999
3120.0,18.01042377153084,254.8791540941411,51.43728889510883,536.0437525782042,0.76474174247951,4.803402577517964,9.986359552695523,0.0,315.23484586994346,0.7380148766041202,16.540620583954155,164.2036356669259,164.2036356669259,15.786705232178118,0.08907499041781607,2.7585468749838573,9.910926558865144,7.241454674299074,42.797173636248175,34.19067256750207,0.9999999999999996,0.023897295340467802,0.9999999999999996,0.41199512965853347,0.9999999999999996,2.726665053612527,0.9999999999999996,2.726665053612527
3139.5,17.93185911197776,254.98028143488952,51.34753593850405,536.4718409672454,0.7389185649873882,3.719085108791409,13.59188951582894,0.0,315.4864421016477,0.737267485152962,18.610678061558875,164.20363590778766,164.20363590778766,16.6720382747896,0.08900453988156412,2.691206051374778,9.910997009401404,7.308795497908156,50.25442582715831,33.86025121069261,0.9999999999999996,0.02387309442689618,0.9999999999999996,0.4635562905326131,0.9999999999999996,2.72666505761213,0.9999999999999996,2.72666505761213
3159.0,17.909937471041953,255.07903558634268,51.31508780875856,536.8900472574475,0.7391682771076118,2.9159408685995873,17.938882766790808,0.0,315.5992795389747,0.7365389430072556,20.470820938301728,164.2036361228917,164.2036361228917,17.280522944922087,0.08893582317703912,2.691150189216743,9.911065726105926,7.308851360066191,58.48318910424208,33.5370114450953,0.9999999999999996,0.023849503863377954,0.9999999999999996,0.5098888813684439,0.9999999999999996,2.7266650611840157,0.9999999999999996,2.7266650611840157
3178.5,19.555774690658453,255.17547304472413,53.00486989970943,537.2985991543289,1.469339659960198,2.338047508526562,22.84733117035043,0.0,312.21011868930185,0.7358287364591071,21.598805124797032,164.2036363149929,164.2036363149929,17.667988551052847,0.08886879520314968,4.219643585518189,9.911132754079807,5.780357963764747,67.27725970962778,33.22079877428361,0.9999999999999996,0.023826507015791448,0.9999999999999996,0.5379848036954895,0.9999999999999996,2.7266650643739307,0.9999999999999996,2.7266650643739307
3198.0,20.04191213127454,255.26964892355568,53.706263118337525,537.6977191364889,1.4685370970263962,1.9278029374856833,28.038989952559625,0.0,311.91181730618536,0.7351363677167307,22.331530080882466,164.20363648655103,164.20363648655103,17.891946106145483,0.08880341214625165,4.224927662092798,9.911198137136704,5.775073887190138,76.27010067244714,32.91146195950189,0.9999999999999996,0.02380408776538662,0.9999999999999996,0.5562355768000556,0.9999999999999996,2.72666506722272,0.9999999999999996,2.72666506722272
3217.5,22.111714292103667,255.36161698928228,55.78260562401353,538.0876245746151,2.4153402237780073,1.6293354676553464,33.37361740537899,0.0,308.31600011309445,0.7344613543138077,22.569210946105688,164.20363663976286,164.20363663976286,18.008178142205974,0.08873963143808218,5.459683342662994,9.91126191784487,4.540318206619942,85.32146425530269,32.60885295406058,0.9999999999999996,0.023782230489659804,0.9999999999999996,0.562155751220838,0.9999999999999996,2.726665069766862,0.9999999999999996,2.726665069766862
3237.0,22.67378991867779,255.45142969589145,56.57214400358946,538.4685278478242,2.4139929674562306,1.4091573316239256,38.66493347562146,0.0,307.9858417821369,0.7338032285458228,22.54724687928933,164.20363677659057,164.20363677659057,18.050085154331526,0.08867741171531358,5.4598287552050415,9.911324137567638,4.540172794077894,94.17748802283346,32.31282683889688,0.9999999999999996,0.023760920044102022,0.9999999999999996,0.56160866844907,0.9999999999999996,2.726665072038939,0.9999999999999996,2.726665072038939
3256.5,24.721794571570467,255.53913821856577,58.527588891129355,538.8406364574055,3.4418152184673545,1.241733681123625,43.85106689776543,0.0,304.74449233162363,0.7331615369318566,22.252583641014187,164.2036368987861,164.2036368987861,18.043116563858664,0.08861671278064562,6.316023581285695,9.911384836502291,3.683977967997238,102.77769209021577,32.023241759278285,0.9999999999999996,0.02374014174477151,0.9999999999999996,0.5542691724221471,0.9999999999999996,2.7266650740680434,0.9999999999999996,2.7266650740680434
3276.0,25.24634832996256,255.62479248639323,59.2470189573757,539.2041531380114,3.4404781187407463,1.112409659566079,48.829278978500504,0.0,304.46431250532953,0.7325358397004421,21.813895284045067,164.20363700791418,164.20363700791418,18.001843608395024,0.08855749556537766,6.315252431531166,9.911444053717556,3.684749117751764,110.97567097784244,31.739958862644283,0.9999999999999996,0.023719881351645523,0.9999999999999996,0.5433422869651097,0.9999999999999996,2.7266650758801574,0.9999999999999996,2.7266650758801574
3295.5,27.235573850817826,255.70844121414467,61.05270536767621,539.5592759673578,4.539676807183494,1.0100134147746271,53.580936675518764,0.0,301.46451513710446,0.7319257102959396,21.235024873154803,164.20363710537237,164.20363710537237,17.937356292341583,0.08849972310661323,6.934026218185589,9.911501826176318,3.065975331097337,118.75889917872614,31.462842237589044,0.9999999999999996,0.023700125052636495,0.9999999999999996,0.5289237354494803,0.9999999999999996,2.7266650774984886,0.9999999999999996,2.7266650774984886
3315.0,27.73201795948307,255.79013193331886,61.72010099778057,539.9061984674588,4.538482086648252,0.9279570312628588,58.05026591046722,0.0,301.2179907878489,0.7313307349199151,20.579635688131237,164.2036371924084,164.2036371924084,17.85616241849104,0.08844335544641226,6.933317300707048,9.911558193836516,3.0666842485758794,126.045568131597,31.191758853877626,0.9999999999999996,0.023680859448741643,0.9999999999999996,0.5125992480525247,0.9999999999999996,2.726665078943755,0.9999999999999996,2.726665078943755
3334.5,29.647610898378638,255.86991102200335,63.37794834821463,540.2451097171091,5.695841268183768,0.8609423582698879,62.24040980938487,0.0,298.3958126172775,0.7307505120623767,19.864620785016655,164.20363727013657,164.20363727013657,17.76348172462414,0.08838835825667547,7.394244366589121,9.911613191026264,2.6057571826938046,132.84956469616603,30.92657850371541,0.9999999999999996,0.023662071538864154,0.9999999999999996,0.4947895983951082,0.9999999999999996,2.726665080234462,0.9999999999999996,2.726665080234462
3354.0,30.126857611918375,255.94782373420395,64.01145038076139,540.576194450743,5.6948453917766955,0.8057471853826673,66.12293960736696,0.0,298.1688706626402,0.7301846520780023,19.11329387517831,164.20363733955287,164.20363733955287,17.662459673073883,0.08833470004501713,7.393724248048598,9.911666849237921,2.606277301234324,139.12890496794637,30.667173743938942,0.9999999999999996,0.023643748706091233,0.9999999999999996,0.47607548630580254,0.9999999999999996,2.726665081387146,0.9999999999999996,2.726665081387146
3373.5,31.96575641754537,256.0239142286585,65.53068223180067,540.8996331487003,6.904034556296635,0.7596253143945862,69.71183296649771,0.0,295.47616653618473,0.7296327767930203,18.3506989599245,164.203637401546,164.203637401546,17.555767344417635,0.08828234244760877,7.74753323648484,9.911719206835325,2.2524683127980807,144.91123482981848,30.413419838811564,0.9999999999999996,0.02362587870496469,0.9999999999999996,0.45708070981647786,0.9999999999999996,2.726665082416566,0.9999999999999996,2.726665082416566
3393.0,32.43991569046529,256.0982255953913,66.1485082527186,541.2156021446053,6.903223791322652,0.7208685921735583,72.9948050561812,0.0,295.2556819803261,0.7290945190896674,17.575109330180865,164.20363745690966,164.20363745690966,17.445039372586223,0.08823125393510872,7.74716384409451,9.911770295347829,2.2528377051884116,150.1788692171717,30.165194706848272,0.9999999999999996,0.023608449648025498,0.9999999999999996,0.43776225991635603,0.9999999999999996,2.7266650833359014,0.9999999999999996,2.7266650833359014
3412.5,34.33017983093146,256.17079988419067,67.6365322201627,541.5242737186244,8.256258864131818,0.6879418170093486,75.99050747155304,0.0,292.45731432977675,0.7285695225298988,16.81248207206198,164.2036375063527,164.2036375063527,17.331739003211048,0.08818140239656078,8.044298103296523,9.911820146886381,1.9557034459863942,154.96520960321675,29.922378862189483,0.9999999999999996,0.023591449993629304,0.9999999999999996,0.4187666778283041,0.9999999999999996,2.726665084156922,0.9999999999999996,2.726665084156922
3432.0,34.843727569798276,256.24167812960775,68.29720991588975,541.8258161869093,8.255248887943015,0.6598909249877647,78.69420715866087,0.0,292.2056185675273,0.7280574410009133,16.045042230414047,164.2036375505084,164.2036375505084,17.21674987699744,0.08813275660307784,8.043960033892231,9.91186879267986,1.956041515390688,159.2638638879645,29.684855364365646,0.9999999999999996,0.023574868534468378,0.9999999999999996,0.3996512235162943,0.9999999999999996,2.726665084890145,0.9999999999999996,2.726665084890145
3451.5,36.540130496719996,256.3109003769003,69.56858042301289,542.1203939941411,9.573349675743234,0.635795619282791,81.12642986808108,0.0,289.6657264885052,0.7275579383632338,15.312690460697485,164.20363758994222,164.20363758994222,17.100923368013166,0.08808528621003776,8.266708391901405,9.9119162630729,1.7332931573815138,163.11032961595916,29.45250976446364,0.9999999999999996,0.02355869438617628,0.9999999999999996,0.38140974576831116,0.9999999999999996,2.726665085544959,0.9999999999999996,2.726665085544959
3471.0,37.040170030670964,256.3785057067376,70.204343814888,542.4081678015336,9.572729829243912,0.6150663814676194,83.2906228649647,0.0,289.4238691766085,0.7270706881184077,14.588419871418392,164.20363762515905,164.20363762515905,16.984781541511104,0.08803896154414494,8.266501869669494,9.911962587738797,1.7334996796134263,166.51119801427956,29.225230053872117,0.9999999999999996,0.023542916976567813,0.9999999999999996,0.36336955472328036,0.9999999999999996,2.726665086129748,0.9999999999999996,2.726665086129748
3490.5,38.503619191027234,256.444532259329,71.24316479824402,542.6892945740994,10.809649392314697,0.5971222491340749,85.20773406069382,0.0,287.19189619710266,0.7265953730874894,13.910539602393623,164.20363765660986,164.20363765660986,16.868839345859048,0.08799375421555652,8.43388158420741,9.912007795067383,1.5661199650755013,169.50210899393795,29.002906613716778,0.9999999999999996,0.023527526035228147,0.9999999999999996,0.3464848575674342,0.9999999999999996,2.726665086652001,0.9999999999999996,2.726665086652001
3510.0,38.9897249716693,256.5090172579334,71.85460999071309,542.9639276636699,10.809456664947591,0.5815813533327395,86.88595966532228,0.0,286.958795779305,0.7261316851070476,13.24810558829111,164.20363768469733,164.20363768469733,16.75341404526187,0.08794963553288082,8.433772635421462,9.912051913750057,1.5662289138614516,172.09719950912037,28.785432165313743,0.9999999999999996,0.02351251158366935,0.9999999999999996,0.3299848969918834,0.9999999999999996,2.7266650871184037,0.9999999999999996,2.7266650871184037
3529.5,40.71710160662876,256.5719970316408,73.00024743778499,543.2322168951392,12.417127114944385,0.5680649698300436,88.34494626794837,0.0,284.18632237627423,0.7256793247265847,12.62858983986268,164.2036377097812,164.2036377097812,16.63882113925365,0.08790658002437556,8.608419814129098,9.912094969258566,1.3915817351538178,174.32961738219387,28.572701721597443,0.9999999999999996,0.023497863925532714,0.9999999999999996,0.314553948086201,0.9999999999999996,2.7266650875349314,0.9999999999999996,2.7266650875349314
3549.0,41.37726859621445,256.633507037695,73.82220150162424,543.4943086439414,12.415162232492778,0.5563460899003219,89.59016701548846,0.0,283.81207540663877,0.7252380009317959,12.011358486758203,164.20363773218253,164.20363773218253,16.525225763186594,0.08786456205653011,8.608148187817362,9.912136987226411,1.3918533614655575,176.20872519953576,28.36461253943161,0.9999999999999996,0.023483573637627715,0.9999999999999996,0.2991798990859912,0.9999999999999996,2.7266650879069143,0.9999999999999996,2.7266650879069143
3568.5,42.56967251918229,256.6935818833496,74.55741239862257,543.7503459044382,13.637108718691179,0.546170721408164,90.6388052373315,0.0,281.85740044753845,0.724807430895351,11.44562619309119,164.20363775218834,164.20363775218834,16.41282135902782,0.0878235453416666,8.716897206211799,9.912178003941277,1.28310434307111,177.76337776390898,28.161064072913472,0.9999999999999996,0.023469631561862218,0.9999999999999996,0.28508859286816596,0.9999999999999996,2.7266650882391184,0.9999999999999996,2.7266650882391184
3588.0,43.11478273847735,256.75225534626253,75.22562008156886,544.0004684022683,13.636994359414883,0.5373588066798469,91.50193958096543,0.0,281.57226550389777,0.7243873396390198,10.897658510943078,164.2036377700547,164.2036377700547,16.301728729929113,0.08778351779743557,8.716853035767787,9.91221803148551,1.283148513515125,179.0121721974509,27.961957927611262,0.9999999999999996,0.02345602879430191,0.9999999999999996,0.2714397690462651,0.9999999999999996,2.726665088535796,0.9999999999999996,2.726665088535796
3607.5,44.39486258213542,63.23589718570405,75.93081616482989,9.402445220584626,15.128442916151453,0.5307760969184413,92.18247438753036,634.6532672082988,279.3040631482723,1.1598923817277143,10.396365507557656,164.20363778601052,164.20363778601052,16.205725389576507,3.1228850951009783,8.82851789100182,6.877116454181976,1.171483658281091,179.98280936707548,27.79160981278547,0.9999999999999996,0.03755790254100016,0.9999999999999996,0.25895352193852084,0.9999999999999996,2.7266650888007486,0.9999999999999996,2.7266650888007486
3627.0,45.1329351724879,40.180824075462525,76.81915738700002,9.355006250367339,15.126443971321049,0.5536732397831403,92.03992823243382,646.6956496180659,278.86488633129807,3.999717149508804,9.901821472326374,164.2036378002602,164.2036378002602,16.773951480995503,3.399339802896336,8.828399264114315,6.600661746386617,1.1716022851685886,180.68966741055314,28.773192868942132,0.9999999999999996,0.1295128662445885,0.9999999999999996,0.24663537868127078,0.9999999999999996,2.72666508903737,0.9999999999999996,2.72666508903737
3646.5,46.49239099404483,37.82164826975301,77.4619110242482,6.868563745578305,16.98754966833182,0.6154291215113288,90.7867620240666,651.1341142114935,276.1955412854355,6.617305845166433,9.451042376051472,164.20363781298576,164.20363781298576,18.307585714796076,3.9873442692282075,8.942970040820837,6.012657280054752,1.057031508462056,181.1553954442223,31.422400030052103,0.9999999999999996,0.21427171342099108,0.9999999999999996,0.235407336101218,0.9999999999999996,2.7266650892486832,0.9999999999999996,2.7266650892486832
3666.0,47.529603643589944,36.1910280986124,78.66972042375154,6.86988866828382,16.983104657800716,0.7206254198383302,88.42927613223081,652.248190173337,275.5250698421875,9.517096316234184,8.997230149152609,164.20363782435064,164.20363782435064,20.807143324956257,4.122127634779557,8.94294580515295,5.877873914503402,1.0570557441299435,181.39131104249049,35.74769491568976,0.9999999999999996,0.30816839695593845,0.9999999999999996,0.22410374405563294,0.9999999999999996,2.726665089437401,0.9999999999999996,2.726665089437401
3685.5,48.41893062925657,36.03825820826197,79.00936934061636,6.681392670458694,18.505599590120735,0.8742492286637344,85.01863298981345,652.7206796771086,273.5378807015444,12.121535421228112,8.587851096320136,164.20363783450003,164.20363783450003,24.232478413858026,4.168648690127181,9.020487339246914,5.8313528591557775,0.9795142100359818,181.41570758942802,41.69069496871105,0.9999999999999996,0.3925014537293851,0.9999999999999996,0.2139068971419918,0.9999999999999996,2.726665089605936,0.9999999999999996,2.726665089605936
3705.0,49.413426724779235,35.86714782815689,80.09732245989258,6.682883804931999,18.504190887765482,1.082002101620528,80.6906531139419,652.981186157022,272.9099735025198,14.501640259986047,8.1850763012409,164.20363784356417,164.20363784356417,28.456900427664518,4.189158136737277,9.021334921185215,5.810843412545681,0.9786666280976807,181.24374574316758,49.050493261941355,0.9999999999999996,0.46957045338802605,0.9999999999999996,0.20387454962034937,0.9999999999999996,2.7266650897564495,0.9999999999999996,2.7266650897564495
3724.5,50.111405894491476,35.80832946736922,80.27654017826303,6.563379382373678,20.319127437459336,1.353628609374654,75.57514743472359,653.3040358596154,270.76520109905994,16.629487877154734,7.823330993730779,164.20363785165878,164.20363785165878,33.36113485071821,4.210828357103081,9.09497524905101,5.789173192179878,0.9050263002318857,180.89292162853872,57.645211073804454,0.9999999999999996,0.5384712365009215,0.9999999999999996,0.1948641679291342,0.9999999999999996,2.7266650898908638,0.9999999999999996,2.7266650898908638
3744.0,51.5717989409272,35.66900261188592,81.6987316661335,6.564743163845582,20.32588577997038,1.7044389364418582,69.79570067330187,653.5419452802764,269.80268304176957,18.565541646230265,7.4603109618081,164.203637858888,164.203637858888,38.82916551331145,4.232634780091175,9.101164368677246,5.767366769191784,0.898837180605646,180.3758031187328,67.3076222101926,0.9999999999999996,0.6011616377127682,0.9999999999999996,0.18582203529804547,0.9999999999999996,2.7266650900109073,0.9999999999999996,2.7266650900109073
3763.5,51.70671050677414,37.04561661207364,81.73751986057637,15.25563202072256,21.22454882782756,2.157619897154182,63.47270530088713,643.7709596084837,268.9420920084423,20.290291725085588,7.13581806733767,164.20363786534398,164.20363786534398,44.748702681713624,3.6963562190618258,9.11897661402661,6.303645330221134,0.8810249352562791,179.70584512358474,77.88976781775142,0.9999999999999996,0.6570099184582117,0.9999999999999996,0.1777395397561123,0.9999999999999996,2.7266650901181118,0.9999999999999996,2.7266650901181118
3783.0,52.798822983400534,48.20823118751982,82.59972230339649,15.355515476020004,21.387981413797082,2.7187004595097766,56.99576149221647,636.9634109273125,268.124939346963,20.285196895497727,6.825070956412381,164.20363787110986,164.20363787110986,50.73976519302595,2.3882072627619007,9.141969687929025,7.611794286521055,0.8580318613538707,178.8990203853078,88.76985550440804,0.9999999999999996,0.6568449452967889,0.9999999999999996,0.16999942531440412,0.9999999999999996,2.7266650902138565,0.9999999999999996,2.7266650902138565
3802.5,52.820967336479725,48.2377473501658,82.62176490999643,15.359697242958662,21.396718916693636,3.3914724150570534,50.73532196756329,637.1234242881787,268.22717123940384,20.212509158271846,6.547125517509127,164.20363787625894,164.20363787625894,56.44053053818975,2.3877067733595823,9.142289657504945,7.612294775923375,0.8577118917779556,177.96965970433092,99.35336137817306,0.9999999999999996,0.6544912795656725,0.9999999999999996,0.16307633760087353,0.9999999999999996,2.7266650902993588,0.9999999999999996,2.7266650902993588
3822.0,55.521466056333786,59.90262695921583,84.54890452417744,25.875744325416637,23.863308122771926,4.190596658013766,44.82475392514201,620.1497050721953,263.9734656464304,19.479957881985595,6.25822325046733,164.20363788085734,164.20363788085734,61.7227512191047,1.569639606428638,9.224067916359976,8.430361942854317,0.7759336329229322,176.92626454125167,109.45167047805172,0.9999999999999996,0.6307708983695635,0.9999999999999996,0.15588033631637546,0.9999999999999996,2.7266650903757172,0.9999999999999996,2.7266650903757172
3841.5,55.55986261751705,59.917561329244506,84.5902705327909,25.88322235246517,23.872648908305475,5.124848341378487,39.4042300951501,620.3241494996724,264.05818847156803,18.774744189523673,5.997658584885062,164.20363788496408,164.20363788496408,66.44976888329823,1.569255239933,9.224347270269726,8.430746309349956,0.7756542790131793,175.774670656581,118.85242779160255,0.9999999999999996,0.6079357219779303,0.9999999999999996,0.14939017032555774,0.9999999999999996,2.726665090443911,0.9999999999999996,2.726665090443911
3861.0,57.10479274360647,69.6990515867542,85.67176621892206,36.443022670227585,25.341123211544858,6.208441568819063,34.50979872045901,604.665568823101,261.6271018851038,17.83210958269379,5.74530881476451,164.2036378886317,164.2036378886317,70.59293955478738,1.1676365271777958,9.265996667247347,8.832365022105156,0.7340048820355694,174.52717312264807,127.53167195621018,0.9999999999999996,0.5774127361795791,0.9999999999999996,0.1431046216224471,0.9999999999999996,2.7266650905048135,0.9999999999999996,2.7266650905048135
3880.5,57.13298468232671,69.71136925683969,85.70061921873547,36.4535852415627,25.350805482675742,7.44374864943491,30.185407811156193,604.8387518974913,261.71501921062065,16.950200490838448,5.517511507711211,164.203637891907,164.203637891907,74.11379761139979,1.1673367678233366,9.266256144892777,8.83266478145962,0.7337454043901349,173.19287565721027,135.42946862570415,0.9999999999999996,0.5488560732997116,0.9999999999999996,0.13743062767651665,0.9999999999999996,2.7266650905592007,0.9999999999999996,2.7266650905592007
3900.0,58.83087707073576,79.79218707870804,86.8716420680922,48.999693275454675,27.014378272724464,8.82993620252488,26.42140603877023,587.1711600101806,258.98491409490333,15.961674284724245,5.295321131381958,164.20363789483196,164.20363789483196,77.0282723618551,0.8952020655273152,9.308316254365,9.104799483755635,0.6916852949179082,171.7822030899497,142.57088517402704,0.9999999999999996,0.5168470942829174,0.9999999999999996,0.13189629161941296,0.9999999999999996,2.726665090607771,0.9999999999999996,2.726665090607771
3919.5,58.863384782616315,79.80468099780747,86.90555623220216,49.01374658045235,27.024324026322653,10.346025109422825,23.20972558619108,587.3383119426053,259.06467856884086,15.040623299369408,5.093357417347845,164.20363789744422,164.20363789744422,79.34837800392434,0.8949678414870859,9.308552947979855,9.10503370779587,0.6914486013030513,170.30170853900705,148.9410350023445,0.9999999999999996,0.4870229970751044,0.9999999999999996,0.1268657629202345,0.9999999999999996,2.7266650906511485,0.9999999999999996,2.7266650906511485
3939.0,60.732789194184285,88.93391539501168,88.16990333425726,61.833306262678995,28.92506231198539,11.96741285999913,20.50089722551017,569.9684658680115,255.9834152597957,14.098401100426923,4.896267882785814,164.20363789977716,164.20363789977716,81.12923875473516,0.7228305596355944,9.35104176934071,9.277170989647349,0.648959779942201,168.76078233329892,154.59060058885507,0.9999999999999996,0.4565133652529377,0.9999999999999996,0.12195664068179836,0.9999999999999996,2.7266650906898877,0.9999999999999996,2.7266650906898877
3958.5,60.77929290729045,88.94706170498081,88.22047301586429,61.850656006000484,28.935303402774096,13.652405664471251,18.246303145780033,570.127373484873,256.04747249921064,13.225286893947828,4.714476967184124,164.2036379018606,164.2036379018606,82.42195513902008,0.7226420956158974,9.351256262510045,9.277359453667046,0.6487452867728659,167.16354711535297,159.53520218176615,0.9999999999999996,0.4282414852141544,0.9999999999999996,0.11742857769504934,0.9999999999999996,2.7266650907244845,0.9999999999999996,2.7266650907244845
3978.0,62.859757635464554,97.40774436784307,89.60195470318922,74.96888465513922,31.12825030843183,15.36344716383449,16.378643035554205,552.8407873146996,252.5345236036199,12.368249402635367,4.53637060923945,164.20363790372141,164.20363790372141,83.29870910973995,0.6038276197835957,9.39419129545098,9.396173929499348,0.6058102538319478,165.51810904022926,163.83233692273197,0.9999999999999996,0.4004901773516522,0.9999999999999996,0.11299228997162443,0.9999999999999996,2.7266650907553838,0.9999999999999996,2.7266650907553838
3997.5,62.91661612383573,97.42158371217788,89.66467731411281,74.98934312154965,31.13895732433447,17.056624155071738,14.839172667925762,552.9906105491426,252.58585223042294,11.575687435799898,4.370340644041355,164.20363790538306,164.20363790538306,83.81974843954838,0.6036725533059127,9.394386837829929,9.396328995977031,0.6056147114529967,163.82696480395245,167.50912899814023,0.9999999999999996,0.3748266196138467,0.9999999999999996,0.10885680202594553,0.9999999999999996,2.7266650907829764,0.9999999999999996,2.7266650907829764
4017.0,62.92702094702654,102.78341457016873,89.67180496242861,83.91985677358535,31.149551144304144,18.701467662282713,13.567114976784634,541.4926376231189,252.67196662795402,10.831109894922479,4.221962742558964,164.2036379068669,164.2036379068669,84.05153949338957,0.5429191396795161,9.394580405880271,9.45708240960343,0.6054211434026594,162.09956170788564,170.6253534685909,0.9999999999999996,0.3507168218817185,0.9999999999999996,0.1051609931263084,0.9999999999999996,2.7266650908076158,0.9999999999999996,2.7266650908076158
4036.5,62.93692691402214,102.79733848501347,89.67845817827666,83.94192755328,31.15990127605907,20.26864571331092,12.514316640427433,541.6341034412952,252.75629902891305,10.149460388941298,4.0893515933549285,164.20363790819218,164.20363790819218,84.0475645274538,0.5427839168093778,9.39476940297825,9.45721763247357,0.6052321463046824,160.34474865441723,173.22111281734652,0.9999999999999996,0.32864466577821194,0.9999999999999996,0.1018579037813122,0.9999999999999996,2.7266650908296226,0.9999999999999996,2.7266650908296226
4056.0,65.25165557393312,109.24314849819297,91.17352586720816,95.31222974464774,33.71997904454175,21.7419403320596,11.637138997602475,527.1468410349455,248.7214478826565,9.506227296267939,3.957328033841938,164.2036379093758,164.2036379093758,83.85500020744634,0.4811479428195204,9.438138081118334,9.518853606463429,0.5618634681645979,158.56840063715737,175.34781514917788,0.9999999999999996,0.3078164525867545,0.9999999999999996,0.0985694501683745,0.9999999999999996,2.726665090849277,0.9999999999999996,2.726665090849277
4075.5,65.3414220417126,109.2582055407851,91.27550114221982,95.33657044043497,33.73084721999747,23.106789587656653,10.902383150341697,527.2790944515053,248.73787299328657,8.9120318451399,3.830075398376203,164.20363791043275,164.20363791043275,83.5064508705476,0.48103067433221147,9.438309016548768,9.518970874950737,0.5616925327341632,156.76953036485924,177.03542057950153,0.9999999999999996,0.2885761030549034,0.9999999999999996,0.09539983112161668,0.9999999999999996,2.7266650908668284,0.9999999999999996,2.7266650908668284
4095.0,67.95733527952075,117.20677141305427,92.92349693542215,110.31219078078708,36.75775555850923,24.35855997533086,10.28197748927662,508.42789124726215,244.04326860030085,8.349318678484343,3.7038862225997153,164.20363791137675,164.20363791137675,83.03284684259405,0.41846059505370575,9.482167401248343,9.581540954229256,0.5178341480345925,154.95288484708806,178.3275959995703,0.9999999999999996,0.27035516583286,0.9999999999999996,0.09225670081573374,0.9999999999999996,2.7266650908825034,0.9999999999999996,2.7266650908825034
4114.5,68.0749225609147,117.22421544365447,93.05803829569925,110.33993655120665,36.76973923328824,25.49092068362986,9.755506487424613,508.5494831419488,244.03306886483205,7.823808952846995,3.580543480430163,164.20363791221973,164.20363791221973,82.45367731257946,0.418359187834508,9.482328064898173,9.581642361448454,0.5176734843847652,153.11692586368687,179.246191405615,0.9999999999999996,0.25333889486603467,0.9999999999999996,0.08918446971082099,0.9999999999999996,2.7266650908965016,0.9999999999999996,2.7266650908965016
4134.0,68.08520812472587,127.3626748723813,93.06492177783117,130.97364421653276,36.78089581759313,26.505545781106786,9.305576473265358,482.93823995643794,244.10709408961742,7.325012182484084,3.4703104801255966,164.20363791297268,164.20363791297268,81.7898181820579,0.3547898821466053,9.482477011772263,9.645211667136357,0.5175245375106918,151.26743579267875,179.828651897558,0.9999999999999996,0.23718760291500812,0.9999999999999996,0.08643877712796919,0.9999999999999996,2.726665090909005,0.9999999999999996,2.726665090909005
4153.5,68.09484812046972,127.3856739144741,93.07116080402994,131.00761659159843,36.791792716892544,27.396998855665004,8.921241539728637,483.0450627540032,244.1797375365312,6.853141888524029,3.371788457573028,164.203637913645,164.203637913645,81.05598567139087,0.35469996536885084,9.482622406694206,9.645301583914112,0.5173791425887421,149.41067538550848,180.09038695692328,0.9999999999999996,0.2219082039020183,0.9999999999999996,0.08398478253630659,0.9999999999999996,2.726665090920169,0.9999999999999996,2.726665090920169
4173.0,71.03028552440618,127.39989808374628,94.83777149664131,131.03772940999423,40.42838759509863,28.172509285166925,8.590561611270964,483.15662122559667,238.6778567921343,6.431663120604263,3.273553482899258,164.20363791424558,164.20363791424558,80.26678645563713,0.35462132971145927,9.52695809099936,9.645380219571503,0.47304345828360045,147.55107263409036,180.06765619645773,0.9999999999999996,0.20826050801401524,0.9999999999999996,0.08153793775667455,0.9999999999999996,2.7266650909301418,0.9999999999999996,2.7266650909301418
4192.5,71.23903601849872,127.41380494203152,95.07965555523683,131.0671511395528,40.44237802827638,28.84490352122049,8.302437925448045,483.26559020548336,238.5858286700414,6.055187235214043,3.1726317436751406,164.2036379147817,164.2036379147817,79.43126732991136,0.35454453063270047,9.527116053568063,9.64545701865027,0.47288549571489114,145.68522016709173,179.79678099065788,0.9999999999999996,0.1960700282460035,0.9999999999999996,0.07902417082598631,0.9999999999999996,2.726665090939044,0.9999999999999996,2.726665090939044
4212.0,71.24927727360405,140.9411593882979,95.08650494140797,161.33797961724346,40.45372360625895,29.422361544104046,8.049636867982182,446.30916576633297,238.65248192784716,5.695225350995608,3.082432755115336,164.2036379152606,164.2036379152606,78.55882117693118,0.28995863472560607,9.527242451498537,9.710042914557356,0.4727590977844201,143.8167035335004,179.30694176005977,0.9999999999999996,0.18441428019650524,0.9999999999999996,0.07677748704540222,0.9999999999999996,2.7266650909469963,0.9999999999999996,2.7266650909469963
4231.5,71.25864104755173,141.00861948066338,95.09243669498144,161.40589353538368,40.46479951999079,29.900844000589874,7.829328272634099,446.3476516190359,238.71811403005978,5.340684860469658,3.001813544843995,164.2036379156883,164.2036379156883,77.65524761433474,0.2898337827231903,9.527365773532647,9.710167766559763,0.4726357757503112,141.95045362252893,178.60106149198558,0.9999999999999996,0.1729340796194676,0.9999999999999996,0.07476941716554954,0.9999999999999996,2.726665090954098,0.9999999999999996,2.726665090954098
4251.0,71.26778484116635,141.0232834778049,95.09822729816112,161.4402127925327,40.475619692718546,30.28705092589128,7.6368576262276555,446.4429523070906,238.78223299838112,5.024007659862096,2.929752890757192,164.2036379160701,164.2036379160701,76.72778793359127,0.2897739428564923,9.527486185926493,9.710227606426464,0.4725153633564658,140.09076587985638,177.70229030008034,0.9999999999999996,0.16267991153909853,0.9999999999999996,0.07297452450278138,0.9999999999999996,2.7266650909604384,0.9999999999999996,2.7266650909604384
4270.5,71.27671644896076,141.0375967713866,95.10388317858796,161.4737324818959,40.48619013820173,30.59044740391744,7.467765805550302,446.53606234769967,238.84487212921812,4.741139762722403,2.8653347714238597,164.20363791641122,164.20363791641122,75.7831463712805,0.2897155222403898,9.527603759979327,9.710286027042564,0.47239778930363296,138.24136840330155,176.63747796811327,0.9999999999999996,0.15352050582171173,0.9999999999999996,0.07136999272041034,0.9999999999999996,2.726665090966103,0.9999999999999996,2.726665090966103
4290.0,74.40377964097853,141.05157786948797,96.7691451592118,161.50647744165062,44.93441033593109,30.81998278436968,7.318373668748112,446.6270202624957,232.449706416762,4.488471067366195,2.801182299109526,164.20363791671576,164.20363791671576,74.82668812943302,0.2896584746214489,9.572358816723664,9.710343074661505,0.42764273255929286,136.4050609611786,175.43039436439886,0.9999999999999996,0.14533896554707457,0.9999999999999996,0.06977207769570447,0.9999999999999996,2.7266650909711596,0.9999999999999996,2.7266650909711596
4309.5,74.9468496680356,141.065234476801,97.395148847535,161.53846557389974,44.95803365328235,30.98730999247673,7.184546215348244,446.71587592279684,232.07444139306315,4.26277097617886,2.7268239784191617,164.20363791698776,164.20363791698776,73.85947953102487,0.28960276722692346,9.572583563424088,9.710398782056036,0.42741798585887153,134.57674789549102,174.1021602938738,0.9999999999999996,0.13803068232886587,0.9999999999999996,0.06791995456534645,0.9999999999999996,2.7266650909756764,0.9999999999999996,2.7266650909756764
4329.0,74.95713247616061,159.75311322779996,97.40225457363402,209.55872867715877,44.969201017424034,31.10015055057314,7.063774574276419,389.41201907441484,232.13110425557088,4.046688812555155,2.660353794261563,164.2036379172307,164.2036379172307,72.88434800784097,0.22480457750072727,9.57268521536348,9.775196971782238,0.4273163339194724,132.75695818865364,172.67029270397518,0.9999999999999996,0.13103383247445177,0.9999999999999996,0.06626430978458153,0.9999999999999996,2.726665090979711,0.9999999999999996,2.726665090979711
4348.5,74.96587890472209,160.60290124259873,97.40766497343006,210.53244531491526,44.98008204641154,31.152376263930147,6.956758646700805,388.13572079341935,232.18751931377486,3.8104513136412126,2.600939045447213,164.20363791744762,164.20363791744762,71.90263347347617,0.22371561482441027,9.572784196199027,9.77628593445856,0.42721735308392955,130.94907903219092,171.12684046817554,0.9999999999999996,0.12338434265926448,0.9999999999999996,0.06478440236411005,0.9999999999999996,2.726665090983313,0.9999999999999996,2.726665090983313
4368.0,78.14842800022718,160.61776241862677,98.78377580879426,210.57208859096727,50.51838600792516,31.146135117212534,6.862597184960758,388.2091550832199,224.7405290906292,3.599374854921129,2.543760034478205,164.20363791764132,164.20363791764132,70.91690082647249,0.22367443402030443,9.617771842648555,9.776327115262669,0.38222970663439626,129.155872982913,169.47962951182026,0.9999999999999996,0.11654958006387627,0.9999999999999996,0.06336018288465617,0.9999999999999996,2.726665090986529,0.9999999999999996,2.726665090986529
4387.5,79.32793837905878,160.63228450685168,100.06218949584394,210.6108221670867,50.587816976029465,31.091934607046635,6.778429714143081,388.2808832892606,223.83200286816864,3.410827445962768,2.4728435188101616,164.2036379178143,164.2036379178143,69.92708941707252,0.2236342124362922,9.6183344797706,9.77636733684668,0.38166706951234813,127.37248940001393,167.746007229297,0.9999999999999996,0.11044431950559232,0.9999999999999996,0.06159378851515288,0.9999999999999996,2.7266650909894015,0.9999999999999996,2.7266650909894015
4407.0,79.33878629227618,160.64646936629333,100.06986441257598,210.64865984773812,50.59952846108367,30.99756999885263,6.702410742476643,388.3509528879256,223.88205407308544,3.242416902744857,2.4094401648952624,164.20363791796882,164.20363791796882,68.93457742822321,0.22359493497924285,9.618419502527303,9.77640661430373,0.3815820467556424,125.59815229906741,165.94120648739462,0.9999999999999996,0.10499110085470888,0.9999999999999996,0.060014532592778634,0.9999999999999996,2.7266650909919674,0.9999999999999996,2.7266650909919674
4426.5,79.3474171558115,160.66032530545553,100.07505928481653,210.68562337304817,50.61089754757651,30.86824794670579,6.633486539113568,388.41940368591713,223.93258129868408,3.0919700773366916,2.3527686576324918,164.20363791810686,164.20363791810686,67.94234839108982,0.22355657838006776,9.618501969131875,9.776444970902904,0.38149958015106866,123.83606618834423,164.07882740634642,0.9999999999999996,0.10011955648102645,0.9999999999999996,0.05860295405712686,0.9999999999999996,2.72666509099426,0.9999999999999996,2.72666509099426
4446.0,79.35584630017564,160.67385968976612,100.08013165699012,210.7217321666348,50.62200397072049,30.708552396660068,6.570776946928073,388.48627165323876,223.98194262064825,2.957587203839244,2.3021178429713482,164.2036379182301,164.2036379182301,66.95295286092514,0.22351912140697155,9.618582496043084,9.776482427876006,0.381419053239864,122.0890048287176,162.1707171022707,0.9999999999999996,0.09576817100293689,0.9999999999999996,0.05734133942497262,0.9999999999999996,2.726665090996306,0.9999999999999996,2.726665090996306
4465.5,79.36407982294105,160.68708023868646,100.08508594989776,210.7570066092383,50.63285403166658,30.52266804236925,6.51351399373381,388.55159453150037,224.03016476447868,2.8375335288161314,2.2568382634173387,164.20363791834026,164.20363791834026,65.96859566063952,0.22348254205325188,9.61866113137236,9.776519007229727,0.38134041791058537,120.35935416654036,160.22748561522786,0.9999999999999996,0.09188077222591358,0.9999999999999996,0.0562135119559516,0.9999999999999996,2.7266650909981354,0.9999999999999996,2.7266650909981354
4485.0,79.37212230980555,160.69999398398645,100.08992505667399,210.79146525817177,50.64345343194752,30.314257284031726,6.461052166609933,388.61540668623275,224.077272867033,2.7302962985281094,2.2163635653067315,164.2036379184386,164.2036379184386,64.99114917165564,0.22344682024825888,9.618737918742191,9.77655472903472,0.38126363054075635,118.64915146454159,158.25832366475606,0.9999999999999996,0.08840837641801544,0.9999999999999996,0.0552053648667096,0.9999999999999996,2.7266650909997687,0.9999999999999996,2.7266650909997687
4504.5,79.37997838256253,160.7126083510946,100.09465177261188,210.82512773142815,50.65380819178115,30.086659093011466,6.412820270923635,388.6777444463884,224.12329368824373,2.6344896320957223,2.180174867647113,164.20363791852645,164.20363791852645,64.02222097569319,0.22341193479844054,9.618812903949047,9.77658961448454,0.38118864533389857,116.96011768367349,156.2714451940937,0.9999999999999996,0.08530610805473342,0.9999999999999996,0.0543039738270704,0.9999999999999996,2.726665091001227,0.9999999999999996,2.726665091001227
4524.0,79.38765229451647,160.72493016816978,100.09926867224046,210.85801206495339,50.66392384580105,29.84280224458268,6.368332829261814,388.7386412120894,224.16825182684477,2.548899229013271,2.1478175210200288,164.20363791860487,164.20363791860487,63.063176429030115,0.22337786629281173,9.618886129161416,9.776623682990168,0.38111542012152944,115.2937138969156,154.27398077522315,0.9999999999999996,0.08253464747092709,0.9999999999999996,0.0534980143921527,0.9999999999999996,2.7266650910025296,0.9999999999999996,2.7266650910025296
4543.5,84.68135535450809,192.38165485281854,103.22555521489072,303.76758685003847,57.90483542418711,29.579737632436487,6.327864963928119,280.0325305190067,213.51261840242867,2.4184575289737547,2.095754565074289,164.20363791867493,164.20363791867493,62.111211574634204,0.1561228725890386,9.664947171518513,9.843878676693926,0.3350543777644344,113.64574087612493,152.25637722334446,0.9999999999999996,0.0783108791847098,0.9999999999999996,0.052201226029442806,0.9999999999999996,2.726665091003693,0.9999999999999996,2.726665091003693
4563.0,84.69613022334924,192.40056767818865,103.23805740948555,303.82289723426976,57.91654628503324,29.292971537613354,6.292147913067744,280.0646640486643,213.54876097425657,2.29689039078944,2.0481230413328406,164.20363791873748,164.20363791873748,61.16289684262098,0.15609472253466733,9.665012801400161,9.8439068267483,0.33498874788279015,112.01171793679856,150.205477610042,0.9999999999999996,0.07437447370430325,0.9999999999999996,0.05101481614233564,0.9999999999999996,2.7266650910047314,0.9999999999999996,2.7266650910047314
4582.5,84.70398273501004,192.4147929604862,103.24263791323075,303.86835026066666,57.92759058013497,28.98607493440041,6.260661678764866,280.1067624341339,213.5896655029244,2.188301438751662,2.005551613605847,164.20363791879328,164.20363791879328,60.220091723399854,0.15607173621499265,9.665074542795937,9.843929813067984,0.33492700648701373,110.39386935817184,148.13029943255498,0.9999999999999996,0.07085830846180957,0.9999999999999996,0.049954443540406415,0.9999999999999996,2.7266650910056582,0.9999999999999996,2.7266650910056582
4602.0,84.71165308256779,192.42869095881002,103.24711188932763,303.91275777883016,57.93837982516554,28.662347489760716,6.232927082906409,280.14788124025625,213.62962554291417,2.091307221717913,1.967501485575308,164.20363791884316,164.20363791884316,59.28442452339925,0.1560492845885115,9.66513483639652,9.843952264694463,0.3348667128864279,108.79410331237926,146.03902578182232,0.9999999999999996,0.06771758660883223,0.9999999999999996,0.04900668784092115,0.9999999999999996,2.7266650910064865,0.9999999999999996,2.7266650910064865
4621.5,84.7191457214873,192.44226685205862,103.25148209970592,303.9561389599279,57.948919869002694,28.324738247107106,6.208524717816514,280.18804885129435,213.66866247737184,2.0046663564195217,1.9334891611601506,164.20363791888784,164.20363791888784,58.35730647472306,0.15602735846090302,9.665193716424191,9.843974190822067,0.3348078328587584,107.21406676234962,143.93889706444483,0.9999999999999996,0.06491211152665449,0.9999999999999996,0.048159506083967935,0.9999999999999996,2.726665091007228,0.9999999999999996,2.726665091007228
4641.0,84.72646469506466,192.4555280112847,103.25575083227751,303.99851739613246,57.95921652865441,27.975853465796934,6.1870886286407245,280.2272880618681,213.70679800599495,1.927271052409959,1.9030831591436634,164.2036379189276,164.2036379189276,57.43992642306224,0.1560059450092932,9.665251216835717,9.843995604273674,0.3347503324472335,105.65512615023127,141.8362151995414,0.9999999999999996,0.06240601239977479,0.9999999999999996,0.04740215090012842,0.9999999999999996,2.7266650910078885,0.9999999999999996,2.7266650910078885
4660.5,84.7336139967672,192.46848166988482,103.25992043374929,304.0399159804503,57.96927534775343,27.618002990817416,6.168298490614922,280.2656200056686,213.74405265112307,1.8581338891854489,1.8758988723046774,164.2036379189631,164.2036379189631,56.533303083135365,0.1559850323433103,9.665307369984431,9.844016516939657,0.3346941792985268,104.11844117962934,139.73650738959563,0.9999999999999996,0.06016731605237785,0.9999999999999996,0.04672504246129707,0.9999999999999996,2.726665091008478,0.9999999999999996,2.726665091008478
4680.0,84.74059762595276,192.48113507359716,103.26399324865483,304.0803576730027,57.979101893107845,27.253224093795204,6.151872075902868,280.3030659412369,213.78044703012648,1.796371653930973,1.8515922664213598,164.20363791899481,164.20363791899481,55.638282330150936,0.15596460846885604,9.665362208277752,9.84403694081411,0.33463934100520626,102.60494780886552,137.6445612117448,0.9999999999999996,0.058167423606367744,0.9999999999999996,0.04611961153495257,0.9999999999999996,2.7266650910090044,0.9999999999999996,2.7266650910090044
4699.5,84.74741937484647,192.49349509315437,103.26797149996702,304.1198642461745,57.988701443583636,26.88331809144888,6.137560859247196,280.33964602812443,213.81600069415543,1.7411972217306606,1.8298567271611879,164.20363791902307,164.20363791902307,54.75558320474403,0.1559446620127258,9.665415762444281,9.844056887270245,0.33458578683867957,101.11542734697254,135.56456181712204,0.9999999999999996,0.056380847558469525,0.9999999999999996,0.045578220946235495,0.9999999999999996,2.726665091009474,0.9999999999999996,2.726665091009474
4719.0,84.75408307204263,192.5055686655293,103.2718574312823,304.15845769402216,57.998079332213955,26.509869128208873,6.125144009023682,280.3753806310718,213.85073339493846,1.6919049571452203,1.810417367008927,164.2036379190484,164.2036379190484,53.88578809727987,0.1559251815103075,9.665468063446541,9.844076367772665,0.3345334858364175,99.65048017626225,133.50010682078067,0.9999999999999996,0.054784739075915696,0.9999999999999996,0.04509402377444504,0.9999999999999996,2.726665091009894,0.9999999999999996,2.726665091009894
4738.5,91.36343321689967,192.5173623881083,107.02854413453657,304.19615893476123,67.74131555425046,26.13554975498785,6.113936255833667,280.41028911872013,199.8650145279995,1.6478666633328654,1.7757622571079996,164.203637919071,164.203637919071,53.02810307016479,0.15590615605940775,9.712198440879053,9.844095393223558,0.2878031084039034,98.20765001615555,131.45431573299544,0.9999999999999996,0.053358756826930955,0.9999999999999996,0.04423083146406619,0.9999999999999996,2.7266650910102697,0.9999999999999996,2.7266650910102697
4758.0,91.40791203935983,192.52888276203024,107.07522755487373,304.2329885880511,67.75585199207508,25.765117028524717,6.102522955705419,280.44439058325287,199.86382217690928,1.6085210489130226,1.7374574079085054,164.20363791909122,164.20363791909122,52.179377220637896,0.155887574926975,9.712259267503034,9.844113974355992,0.28774228177992334,96.77935559923657,129.42985563473854,0.9999999999999996,0.0520847259124464,0.9999999999999996,0.043276731148881795,0.9999999999999996,2.726665091010606,0.9999999999999996,2.726665091010606
4777.5,91.41486824286847,192.54013613555324,107.07915043867655,304.2689667933878,67.76638491443275,25.399221352583723,6.090851075937487,280.47770367224325,199.89500890839562,1.5733652569533791,1.7032229274026542,164.20363791910907,164.20363791910907,51.340336578336974,0.15586942763958367,9.712302712568427,9.844132121643385,0.28769883671453,95.36671446301906,127.42901214705655,0.9999999999999996,0.05094636357041153,0.9999999999999996,0.042424015909860883,0.9999999999999996,2.726665091010902,0.9999999999999996,2.726665091010902
4797.0,91.42164542742162,192.55112871077245,107.08296193940468,304.30411323190225,67.77667273818493,25.03815041950733,6.078947271981822,280.51024660895155,199.92549106917383,1.541955241196432,1.6726287754909097,164.20363791912516,164.20363791912516,50.51183772180416,0.15585170397374545,9.712345133602573,9.844149845309223,0.28765641568038625,93.97119325180482,125.45368537613174,0.9999999999999996,0.04992929135820035,0.9999999999999996,0.041661974273049525,0.9999999999999996,2.726665091011169,0.9999999999999996,2.726665091011169
4816.5,91.42826543646264,192.5618665318902,107.08668483508148,304.33844708653606,67.78672289630677,24.68215217948841,6.066836584829452,280.5420371551691,199.9552692020143,1.5138875563463705,1.6452830383842547,164.2036379191395,164.2036379191395,49.69462355284835,0.15583439396809048,9.712386562559757,9.844167155314882,0.28761498672320135,92.59406716439634,123.50552067014142,0.9999999999999996,0.04902044551288159,0.9999999999999996,0.04098084441775294,0.9999999999999996,2.7266650910114074,0.9999999999999996,2.7266650910114074
4836.0,91.43473212531586,192.5723555514434,107.09032140982784,304.371987256397,67.796540929198,24.331423302230956,6.054541538264277,280.5730928101196,199.98435950408899,1.4888071591031182,1.6208408151788545,164.20363791915238,164.20363791915238,48.88929365764577,0.15581748782520183,9.712427023121757,9.844184061457767,0.28757452616120266,91.23636923850981,121.58584024285605,0.9999999999999996,0.048208329552650406,0.9999999999999996,0.04037203552406363,0.9999999999999996,2.726665091011621,0.9999999999999996,2.726665091011621
4855.5,91.44104895763843,192.58260146710094,107.09387359130695,304.40475183116604,67.80613211708237,23.986129285440047,6.042083161820396,280.6034303233301,200.01277767953357,1.4663949413674942,1.5989921107729723,164.20363791916378,164.20363791916378,48.0963568331374,0.15580097616950733,9.712466537854304,9.84420057311347,0.28753501142866067,89.89897927155546,119.69576378668667,0.9999999999999996,0.04748261059569992,0.9999999999999996,0.03982782620864625,0.9999999999999996,2.72666509101181,0.9999999999999996,2.72666509101181
4875.0,91.4472194836996,192.5926100328377,107.0973433855451,304.4367590887237,67.81550180085348,23.646396536334645,6.0294807043330305,280.63306661873344,200.0405395504567,1.4463647049262127,1.5794588949486812,164.20363791917404,164.20363791917404,47.316214340009815,0.1557848495402689,9.712505129525097,9.84421669974271,0.28749641975786794,88.58259553590293,117.83616751465505,0.9999999999999996,0.046834021398989914,0.9999999999999996,0.039341291272104395,0.9999999999999996,2.7266650910119807,0.9999999999999996,2.7266650910119807
4894.5,91.45324701889656,192.60238662614447,107.1007326644921,304.4680261089063,67.82465497094998,23.31232838475738,6.01675210513858,280.66201751094763,200.06765990384756,1.4284627604952354,1.5619947163502959,164.20363791918305,164.20363791918305,46.54919766638142,0.15576909907200454,9.712542819420552,9.844232450210981,0.2874587298624074,87.28779826939277,116.00777345884907,0.9999999999999996,0.04625434737506751,0.9999999999999996,0.038906292083923905,0.9999999999999996,2.7266650910121304,0.9999999999999996,2.7266650910121304
4914.0,91.45913499012052,192.61193680497036,107.1040433626161,304.4985705554842,67.83359678897436,22.983992919170287,6.003913662925056,280.690299355212,200.09415403328478,1.4124608438165176,1.5463778175089893,164.20363791919124,164.20363791919124,45.79554377739702,0.155753715720806,9.712579629490824,9.844247833562179,0.2874219197921344,86.01500802644182,114.21108817261393,0.9999999999999996,0.045736197211693495,0.9999999999999996,0.03851730509094313,0.9999999999999996,2.7266650910122663,0.9999999999999996,2.7266650910122663
4933.5,91.46488635858874,192.6212653715255,107.10727715223793,304.52840768023117,67.84233171121524,22.661453009303944,5.990980986453501,280.7179262735212,200.12003514243398,1.398159460312814,1.5324143908909515,164.2036379191986,164.2036379191986,45.05546346853041,0.15573869152073225,9.712615578747274,9.844262857762256,0.2873859705356911,84.76460076006265,112.44656608763499,0.9999999999999996,0.045273111173458225,0.9999999999999996,0.03816950291926665,0.9999999999999996,2.7266650910123884,0.9999999999999996,2.7266650910123884
4953.0,91.47050473969293,192.63037818992387,107.11043607312503,304.5575561380106,67.85086518980488,22.34471866195704,5.977967618271829,280.74491553876476,200.14531938545036,1.385371908350497,1.5199230463691145,164.20363791920514,164.20363791920514,44.329038275777904,0.15572401687403625,9.712650690261611,9.84427753240895,0.287350859021353,83.5367343518654,110.71435921427371,0.9999999999999996,0.044859043766943066,0.9999999999999996,0.03785836748878128,0.9999999999999996,2.7266650910124968,0.9999999999999996,2.7266650910124968
4972.5,91.47599294457885,192.63927981951397,107.11352171236543,304.5860304151042,67.85920145758575,22.033815257580915,5.964887083242606,280.7712805641515,200.17001930413605,1.3739395374632488,1.5087496502086468,164.20363791921082,164.20363791921082,43.61637201861869,0.15570968431886487,9.7126849820557,9.84429186496412,0.28731656722726684,82.33160365668058,109.01468209402556,0.9999999999999996,0.04448885780972844,0.9999999999999996,0.03758005962381982,0.9999999999999996,2.7266650910125914,0.9999999999999996,2.7266650910125914
4992.0,91.48135412677927,192.64797537544555,107.1165358492265,304.61384678148283,67.86734526950401,21.72873412061471,5.951751421926496,280.79703641446906,200.19414898710332,1.3637159556956986,1.4987519709863257,164.20363791921608,164.20363791921608,42.91748355521169,0.15569568547130802,9.712718474265388,9.844305863811677,0.2872830750175782,81.14925998303035,107.34755163548945,0.9999999999999996,0.04415781305618532,0.9999999999999996,0.03733103661246555,0.9999999999999996,2.726665091012679,0.9999999999999996,2.726665091012679
5011.5,99.30161762042388,249.59236728499351,110.9577064476263,520.1986243967542,81.54864590017034,21.428864422371106,5.938647697654537,36.73321367575669,181.6306306376693,1.338196176436826,1.4826986549678722,164.20363791921986,164.20363791921986,42.23199724230552,0.09183392304128324,9.75972925426908,9.90816762624168,0.24027229501389258,79.98922413276497,105.71132976375273,0.9999999999999996,0.043331469683841675,0.9999999999999996,0.036931179304760406,0.9999999999999996,2.7266650910127415,0.9999999999999996,2.7266650910127415
5031.0,100.17202401042177,258.6744665699678,111.88785723719151,552.256793106754,81.73030961500118,21.125414890523615,5.927058889958158,0.18549826632658856,180.81587480637248,1.271833604864937,1.4504644682708976,164.2036379192241,164.2036379192241,41.55337207855079,0.08648273148777232,9.760278859914955,9.913518817795191,0.2397226893680162,78.84309706448964,104.08055664374251,0.9999999999999996,0.04118261601885377,0.9999999999999996,0.03612828754744989,0.9999999999999996,2.7266650910128116,0.9999999999999996,2.7266650910128116
5050.5,100.17824313839178,258.730832337307,111.891482191458,552.4687003354701,81.73993118154631,20.815834708405966,5.917614063890756,9.367496254197869E-4,180.83659630431427,1.211734162508279,1.4216301288318054,164.20363791922784,164.20363791922784,40.879746207134744,0.0864495369511133,9.760306417160068,9.913552012331852,0.23969513212291507,77.70883167967636,102.44790486000946,0.9999999999999996,0.039236565648699935,0.9999999999999996,0.03541007946356753,0.9999999999999996,2.7266650910128742,0.9999999999999996,2.7266650910128742
5070.0,100.18384242347368,258.7423730356672,111.89449592668406,552.5181313600825,81.74924540122919,20.501657678923387,5.910103271739472,4.73048107385213E-6,180.85729409691473,1.1580509189990464,1.3958650692718573,164.2036379192309,164.2036379192309,40.2121022154608,0.08644186704345742,9.760333076513392,9.913559682239503,0.2396684727695984,76.58771097649672,100.8175529762546,0.9999999999999996,0.03749827504556548,0.9999999999999996,0.03476832125382065,0.9999999999999996,2.726665091012925,0.9999999999999996,2.726665091012925
5089.5,100.18931177148086,258.75342668161977,111.8974394927697,552.5656237369856,81.75834437919093,20.18427934931894,5.904328994950519,2.3890173940359398E-8,180.87751395121745,1.1101019303082391,1.372841415699692,164.20363791923396,164.20363791923396,39.5512934175796,0.08643450132630608,9.76035911406434,9.91356704795665,0.2396424352186463,75.48082392880708,99.19323531387415,0.9999999999999996,0.03594566251654241,0.9999999999999996,0.034194846208520396,0.9999999999999996,2.7266650910129755,0.9999999999999996,2.7266650910129755
5109.0,100.19465446721372,258.7642231923647,111.9003148202659,552.6120140321614,81.76723313539568,19.864926554145093,5.900115800647252,1.2125196687917859E-10,180.89726664908915,1.0672741487285187,1.3522663260874659,164.20363791923666,164.20363791923666,38.898046243889056,0.08642730768203918,9.760384544583601,9.91357424160092,0.2396170046993917,74.38908548936092,97.57819534507198,0.9999999999999996,0.03455887726649842,0.9999999999999996,0.033682360194498155,0.9999999999999996,2.7266650910130203,0.9999999999999996,2.7266650910130203
5128.5,100.19987344481672,258.77476962761415,111.90312349358109,552.6573316804208,81.77591651780472,19.54467547254542,5.8973075220352875,7.561230526339845E-13,180.91656296347665,1.0290200968268004,1.3338782840428736,164.20363791923907,164.20363791923907,38.252975673234026,0.08642028167357817,9.760409382321491,9.913581267609377,0.2395921669614995,73.31325753336225,95.97524130327632,0.9999999999999996,0.03332019169897792,0.9999999999999996,0.033224349340076065,0.9999999999999996,2.7266650910130608,0.9999999999999996,2.7266650910130608
5148.0,100.20497158626488,258.7850718175294,111.90586706867744,552.7016015996463,81.78439928962624,19.22446717658385,5.895764649544969,5.499154275943383E-14,180.93541347919194,0.9948504321950323,1.3174435368021118,164.20363791924126,164.20363791924126,37.61659636824703,0.08641341898486311,9.76043364126533,9.91358813029809,0.23956790801766292,72.25396301702155,94.38679049240864,0.9999999999999996,0.03221376065906799,0.9999999999999996,0.03281499131230464,0.9999999999999996,2.7266650910130967,0.9999999999999996,2.7266650910130967
5167.5,100.20995163725362,258.7951353112384,111.90854702790149,552.7448475114402,81.79268598900903,18.905121854223843,5.895363327950891,-3.004901060066135E-15,180.95382828094662,0.9643308073508938,1.3027545975832922,164.2036379192432,164.2036379192432,36.98933997810136,0.08640671619745303,9.760457334734834,9.913594833085497,0.23954421454815816,71.21171304412653,92.81492163658471,0.9999999999999996,0.03122551975539325,0.9999999999999996,0.032449118013459094,0.9999999999999996,2.726665091013129,0.9999999999999996,2.726665091013129
5187.0,100.21481643831264,258.80496584966716,111.91116490442865,552.7870939678293,81.80078131341669,18.587354803045375,5.895990408361745,-2.029067199885351E-16,180.97181780741298,0.9370671095336457,1.2896231914963026,164.20363791924495,164.20363791924495,36.37155181997121,0.08640016932645452,9.76048047650549,9.913601379956496,0.23952107277750223,70.18689313911513,91.26139592773782,0.9999999999999996,0.030342707417232846,0.9999999999999996,0.03212203987718551,0.9999999999999996,2.726665091013158,0.9999999999999996,2.726665091013158
5206.5,100.2195685535145,258.81456861522645,111.9137220823148,552.8283631268753,81.80868950206298,18.271783658564697,5.897546886220082,1.541255265793212E-17,180.9893914791376,0.9127152146080983,1.2778849221322877,164.2036379192465,164.2036379192465,35.76352246396405,0.08639377485747848,9.76050307901525,9.913607774425474,0.239498470267741,69.17982140401269,89.72772147652927,0.9999999999999996,0.02955418073086903,0.9999999999999996,0.03182966210429315,0.9999999999999996,2.7266650910131838,0.9999999999999996,2.7266650910131838
5226.0,100.22421071111776,258.82394912181576,111.91622003390162,552.8686785786482,81.81641506863791,17.958942106627017,5.899941290663374,9.115669283036259E-19,181.0065593261484,0.8909601610902068,1.2673893159117255,164.20363791924794,164.20363791924794,35.165467206795924,0.08638752908303476,9.760525155413822,9.913614020199915,0.23947639386916633,68.19070345645132,88.2151419975499,0.9999999999999996,0.028849741083992363,0.9999999999999996,0.031568236686562445,0.9999999999999996,2.726665091013208,0.9999999999999996,2.726665091013208
5245.5,100.22874536619894,258.8331123320614,111.9186600840993,552.9080615471369,81.82396207378845,17.649288495060805,5.903092992713415,-8.974881275937993E-20,181.02333037243932,0.8715273215059787,1.2580051671028036,164.20363791924922,164.20363791924922,34.57756449966426,0.08638142859545504,9.760546717674382,9.913620120687495,0.23945483160860684,67.2197017340199,86.72471492027933,0.9999999999999996,0.02822049589995885,0.9999999999999996,0.03133449554089967,0.9999999999999996,2.726665091013229,0.9999999999999996,2.726665091013229
5265.0,100.23317505245792,258.8420633666526,111.92104360012806,552.9465339443923,81.83133471024628,17.34321524934139,5.90692833436521,-2.438406668458441E-21,181.03971393469948,0.854166875892607,1.2496131149951812,164.20363791925035,164.20363791925035,33.99993645591917,0.08637547007555713,9.760567777950424,9.913626079207386,0.23943377133256002,66.26689669869825,85.2572946563926,0.9999999999999996,0.02765835588189602,0.9999999999999996,0.031125465620974218,0.9999999999999996,2.7266650910132477,0.9999999999999996,2.7266650910132477
5284.5,100.2375022324981,258.8508072035662,111.9233719105722,552.9841170713049,81.8385370537626,17.0410511004753,5.911380602839332,8.783415025900243E-23,181.05571907040442,0.8386574668557649,1.2421073928459223,164.20363791925138,164.20363791925138,33.43266339431432,0.08636965003476216,9.760588348225536,9.913631899248184,0.23941320105744915,65.33231094373426,83.81356044888078,0.9999999999999996,0.027156153365308612,0.9999999999999996,0.0309385124801069,0.9999999999999996,2.726665091013265,0.9999999999999996,2.726665091013265
5304.0,100.2417292287699,258.85934853698905,111.925646268519,553.0208310157417,81.84557294799335,16.743080892029592,5.916389359909705,-9.239876880946992E-25,181.07135432083055,0.8248006475952123,1.2353931781216987,164.2036379192522,164.2036379192522,32.875802560804395,0.08636396535095872,9.76060843969962,9.913637583931989,0.2393931095833682,64.41593916823751,82.39408035066205,0.9999999999999996,0.02670746254233685,0.9999999999999996,0.03077127427088607,0.9999999999999996,2.7266650910132784,0.9999999999999996,2.7266650910132784
5323.5,100.24585840636199,258.86769214759886,111.9278679497535,553.0566962417953,81.85244630885815,16.44952906780372,5.921901008602689,8.719942655902492E-25,181.08662838800387,0.8124217527780234,1.2293870041862156,164.20363791925303,164.20363791925303,32.32936141177952,0.0863584128028928,9.760628063792177,9.913643136480056,0.23937348549080853,63.51770475397958,80.99923944099503,0.9999999999999996,0.02630662766107248,0.9999999999999996,0.030621671999511706,0.9999999999999996,2.726665091013292,0.9999999999999996,2.726665091013292
5343.0,100.24989198270283,258.87584251749735,111.93003815050734,553.0917319344387,81.8591608073835,16.160594638229917,5.927865108847217,1.0762657772017811E-26,181.10154942962902,0.801361207730196,1.2240126143592096,164.20363791925377,164.20363791925377,31.793340672085353,0.0863529893695884,9.76064723121088,9.913648559913362,0.23935431807210464,62.63752514690054,79.62936938805498,0.9999999999999996,0.025948481612783184,0.9999999999999996,0.03048780625835803,0.9999999999999996,2.7266650910133046,0.9999999999999996,2.7266650910133046
5362.5,100.25383223192918,258.8838042436615,111.93215809728704,553.1259577770315,81.86572021027486,15.876424598901444,5.934237352979025,5.2000117285264864E-27,181.11612581616097,0.7914794066443344,1.21920328683301,164.20363791925442,164.20363791925442,31.267696015811037,0.0863476919577285,9.760665952924679,9.913653857325222,0.23933559635830462,61.77525316751145,78.28464067883144,0.9999999999999996,0.025628503890747015,0.9999999999999996,0.03036801513518523,0.9999999999999996,2.7266650910133157,0.9999999999999996,2.7266650910133157
5382.0,100.25768129322053,258.8915816502138,111.93422894388245,553.1593922839509,81.87212806042754,15.597147092417305,5.9409758837411015,-2.09285304483783E-29,181.13036542059484,0.7826487354684313,1.2148980295818164,164.20363791925493,164.20363791925493,30.752380204176394,0.08634251765436446,9.760684239251598,9.913659031628582,0.23931731003138762,60.930740868387105,76.96518765725324,0.9999999999999996,0.0253425622873526,0.9999999999999996,0.030260779435628736,0.9999999999999996,2.726665091013324,0.9999999999999996,2.726665091013324
5401.5,100.26144128514927,258.8991790197947,111.93625183277786,553.1920537956421,81.87838786763852,15.322852355582377,5.948043964863401,2.3368628002479905E-29,181.14427604248448,0.7747582370163828,1.2110438055908923,164.2036379192554,164.2036379192554,30.247317595633426,0.08633746357813143,9.76070210040386,9.913664085704813,0.23929944887912608,60.1038016418023,75.6710345593105,0.9999999999999996,0.02508706395273942,0.9999999999999996,0.030164778109389855,0.9999999999999996,2.726665091013332,0.9999999999999996,2.726665091013332
5421.0,112.28475196058619,258.906600485141,118.20343778972352,553.2239600110805,103.18457183570251,15.054914538347477,5.954559797008026,2.140301782776503E-31,152.2340630532548,0.7677075698365786,1.1882780756086675,164.2036379192557,164.2036379192557,29.751119576799628,0.08633252694358028,9.80917047290909,9.913669022339363,0.19083107637390478,59.290665379381,74.40215736791394,0.9999999999999996,0.024858759779904285,0.9999999999999996,0.02959772744595243,0.9999999999999996,2.7266650910133365,0.9999999999999996,2.7266650910133365
5440.5,112.31749847356049,258.91385014702126,118.2349857126755,553.2551284962152,103.20275622328657,14.796313153362235,5.9587239694029535,9.712021950414373E-34,152.21422888915887,0.7614065119551884,1.1617206187383864,164.2036379192562,164.2036379192562,29.26075257719776,0.08632770500784238,9.809204188024216,9.91367384427511,0.19079736125877908,58.48330672832051,73.15846631794432,0.9999999999999996,0.02465472833565776,0.9999999999999996,0.028936232139223333,0.9999999999999996,2.726665091013345,0.9999999999999996,2.726665091013345
5460.0,112.3217035977921,258.92093189078713,118.23712690986652,553.2855758938085,103.21060098201194,14.546610584103412,5.9606841694861865,1.0783596807616544E-35,152.22585259514918,0.7557753966618216,1.1379956221653045,164.20363791925655,164.20363791925655,28.776578350814912,0.08632299514376125,9.809218414951355,9.913678554139192,0.19078313433164365,57.682571635864946,71.93983543671814,0.9999999999999996,0.02447238997158438,0.9999999999999996,0.028345287985123254,0.9999999999999996,2.7266650910133508,0.9999999999999996,2.7266650910133508
5479.5,112.32581236055454,258.92784979140777,118.23921948818571,553.3153196654466,103.21826487683451,14.3052223093773,5.960659287250374,-4.909632485590533E-37,152.2372068280815,0.7507421488554868,1.1167993651988544,164.2036379192569,164.2036379192569,28.29905300560556,0.08631839461857696,9.809232311844514,9.913683154664376,0.1907692374384844,56.88958096228407,70.74605148907139,0.9999999999999996,0.02430941085942447,0.9999999999999996,0.02781732988386315,0.9999999999999996,2.7266650910133565,0.9999999999999996,2.7266650910133565
5499.0,112.3298262185096,258.93460745289116,118.2412638266055,553.3443752505157,103.22575164402234,14.071637926487673,5.958846525899201,-1.5522419881557328E-38,152.24829823137156,0.7462433357913751,1.0978633223046994,164.20363791925712,164.20363791925712,27.828572168208787,0.08631390101001044,9.809245885604847,9.91368764827294,0.19075566367814775,56.105319124523604,69.57692388490982,0.9999999999999996,0.024163737014786916,0.9999999999999996,0.02734566937948249,0.9999999999999996,2.7266650910133605,0.9999999999999996,2.7266650910133605
5518.5,112.3337472043719,258.94120878901924,118.2432608103545,553.3727594240806,103.2330654964424,13.845380990366332,5.955427969287603,-3.3982968177216376E-40,152.25913352635027,0.7422215609779071,1.0809445317765745,164.20363791925743,164.20363791925743,27.365438696191735,0.08630951169091952,9.809259143998583,9.913692037592032,0.19074240528441225,55.33059138662249,68.43216437545563,0.9999999999999996,0.02403350991021616,0.9999999999999996,0.026924254761940127,0.9999999999999996,2.7266650910133654,0.9999999999999996,2.7266650910133654
5538.0,112.33757737516748,258.94765720285045,118.2452115081847,553.4004867670839,103.24021019905547,13.626036889352694,5.950567918704443,8.785090788321683E-41,152.26971823179085,0.7386262561892593,1.0658289355160946,164.20363791925763,164.20363791925763,26.90991921859465,0.08630522437469185,9.80927209398088,9.913696324908265,0.1907294553021187,54.566113325105036,67.31152722982854,0.9999999999999996,0.023917092120958768,0.9999999999999996,0.02654775425462278,0.9999999999999996,2.726665091013369,0.9999999999999996,2.726665091013369
5557.5,112.34131897871413,258.95395647720005,118.24711706778137,553.4275734969094,103.24718992605082,13.413212188241229,5.9444181118517285,2.732466519353506E-41,152.28005852977594,0.7354114909805207,1.0523221190077188,164.20363791925783,164.20363791925783,26.462198824616017,0.08630103652431428,9.809284743243348,9.913700512758645,0.19071680603965052,53.81244425410273,66.21466648140353,0.9999999999999996,0.023812996395955254,0.9999999999999996,0.026211325364884474,0.9999999999999996,2.7266650910133725,0.9999999999999996,2.7266650910133725
5577.0,112.34497394983813,258.9601098700146,118.24897847661396,553.4540335761013,103.25400827056303,13.206566445543695,5.937114798314659,-6.111831476755623E-43,152.2901597436798,0.7325369583138415,1.0402534694946186,164.203637919258,164.203637919258,26.022441834637675,0.08629694595648651,9.809297098413918,9.913704603326472,0.19070445086908228,53.070083281702885,65.14128967425286,0.9999999999999996,0.023719917572913717,0.9999999999999996,0.025910718456230962,0.9999999999999996,2.726665091013375,0.9999999999999996,2.726665091013375
5596.5,112.34854438742025,258.96612091535707,118.25079680567343,553.4798821574076,103.26066913247394,13.005776887901082,5.928783004478607,-2.129655478744547E-43,152.3000276510833,0.7299661787931474,1.029468585784169,164.2036379192582,164.2036379192582,25.590749066136638,0.0862929502880874,9.809309166672241,9.91370859899487,0.19069238261075955,52.339405430397946,64.09102824202635,0.9999999999999996,0.023636674430520796,0.9999999999999996,0.02564208769113444,0.9999999999999996,2.726665091013378,0.9999999999999996,2.726665091013378
5616.0,112.3520321919809,258.9719928132893,118.25257302481843,553.5051329593274,103.26717604238588,12.81055813939162,5.9195360826190955,6.134039784730357E-45,152.30966748246524,0.7276668258304475,1.0198306448493797,164.2036379192584,164.2036379192584,25.16720199511951,0.08628904738613073,9.80932095452304,9.913712501896827,0.19068059475995752,51.620734220106435,63.063543601006984,0.9999999999999996,0.0235622202174913,0.9999999999999996,0.025402025070453704,0.9999999999999996,2.7266650910133814,0.9999999999999996,2.7266650910133814
5635.5,112.3554393020008,258.97772882787405,118.2543081231285,553.5297999780715,103.27353260257507,12.620645093962732,5.909476738636036,4.1450654121120157E-45,152.31908457451428,0.7256099917573613,1.0112173010672159,164.20363791925854,164.20363791925854,24.751840416268248,0.08628523505746334,9.80933246859449,9.913716314225496,0.19066908068851024,50.91430627857116,62.05846161292555,0.9999999999999996,0.02349561888888794,0.9999999999999996,0.025187483199408753,0.9999999999999996,2.7266650910133836,0.9999999999999996,2.7266650910133836
5655.0,112.3587675630522,258.9833320667348,118.25600304228364,553.5538965391122,103.27974224267204,12.435797037825582,5.8986988273081264,-7.228630759780483E-47,152.32828400811607,0.7237697866252473,1.0035189837781462,164.20363791925865,164.20363791925865,24.344683613965923,0.08628151121947876,9.809343715196952,9.913720038063483,0.19065783408604534,50.22030947775815,61.07541458566604,0.9999999999999996,0.023436032115066355,0.9999999999999996,0.02499573288305487,0.9999999999999996,2.726665091013386,0.9999999999999996,2.726665091013386
5674.5,112.36201885987076,258.98880570357545,118.25765874379417,553.5774362543073,103.2858084661802,12.25578711224327,5.887288682695103,-1.8515451032122032E-47,152.33727097362177,0.7221227484868852,0.9966364040328575,164.20363791925877,164.20363791925877,23.945719596542045,0.08627787374566392,9.809354700768624,9.913723675537296,0.19064684851437413,49.538867266087976,60.114005898863624,0.9999999999999996,0.02338270018629744,0.9999999999999996,0.024824301024125934,0.9999999999999996,2.7266650910133876,0.9999999999999996,2.7266650910133876
5694.0,112.3651948770764,258.9941525750152,118.25927608717478,553.6004312876516,103.29173440387555,12.08042070436106,5.875319906910636,-2.6319867118879993E-48,152.3460501092071,0.720649130426842,0.990485997352625,164.20363791925882,164.20363791925882,23.55492436146904,0.08627432073503212,9.80936543106875,9.913727228547927,0.19063611821424842,48.87006200559697,59.173872533197354,0.9999999999999996,0.023334983687462157,0.9999999999999996,0.0246711061917547,0.9999999999999996,2.726665091013389,0.9999999999999996,2.726665091013389
5713.5,112.36829742700186,258.99937573290464,118.2608559968966,553.6228947307573,103.29752342548794,11.909503036728706,5.862864567461499,-3.0372911810103396E-48,152.35462640701937,0.7193299593199095,0.9849874792419187,164.2036379192589,164.2036379192589,23.172247729898288,0.08627085014400467,9.80937591228373,9.913730699138956,0.19062563699926735,48.21393004325091,58.25460772923281,0.9999999999999996,0.023292268259160726,0.9999999999999996,0.02453414865316344,0.9999999999999996,2.72666509101339,0.9999999999999996,2.72666509101339
5733.0,112.37132817963024,259.0044779893436,118.26239932486243,553.6448386458435,103.30317863574385,11.742862084409264,5.849985877258186,3.9117271073539966E-50,152.3630044666198,0.7181488646230583,0.980071580994539,164.20363791925897,164.20363791925897,22.797631323901054,0.08626746008950528,9.80938615011593,9.913734089193454,0.19061539916706963,47.570479407724534,57.35582889407577,0.9999999999999996,0.02325402381492189,0.9999999999999996,0.024411703057755606,0.9999999999999996,2.726665091013391,0.9999999999999996,2.726665091013391
5752.5,112.3742888268071,259.0094621933533,118.26390693400604,553.6662752557023,103.30870318084132,11.58033471429137,5.836741363252499,3.9814853112275407E-50,152.37118894903412,0.7170911077213296,0.9756759443999772,164.20363791925905,164.20363791925905,22.43099695353567,0.08626414866436403,9.809396150338307,9.913737400618594,0.19060539894469164,46.93967578732178,56.477135301437386,0.9999999999999996,0.023219773110931558,0.9999999999999996,0.02430221618212622,0.9999999999999996,2.726665091013392,0.9999999999999996,2.726665091013392
5772.0,112.37718096166535,259.0143310276738,118.26537963694558,553.6872160695178,103.31410002326754,11.421772903542474,5.823183046969594,-2.9653116569570626E-52,152.37918424309257,0.7161436189023058,0.971745274900957,164.2036379192591,164.2036379192591,22.07226198418486,0.08626091407292935,9.809405918387219,9.913740635210024,0.1905956308957769,46.32146834781592,55.61814393567663,0.9999999999999996,0.02318909294328482,0.9999999999999996,0.024204310744922453,0.9999999999999996,2.7266650910133934,0.9999999999999996,2.7266650910133934
5791.5,112.38000624792475,259.0190872940442,118.26681828215882,553.7076731098155,103.31937225780123,11.267031176281625,5.809359448714721,4.5026251655250085E-53,152.38699493362415,0.7152943090949961,0.9682284321464555,164.2036379192592,164.2036379192592,21.721324308372626,0.08625775444106364,9.80941545993465,9.913743794841889,0.1905860893483449,45.71576810563164,54.7784436750272,0.9999999999999996,0.023161591861742634,0.9999999999999996,0.024116712938100433,0.9999999999999996,2.7266650910133943,0.9999999999999996,2.7266650910133943
5811.0,112.38276612412298,259.02373341492154,118.26822360336007,553.7276567696018,103.32452255968866,11.115988029873227,5.795311000896585,-7.174993327918868E-54,152.39462498397148,0.7145333308552645,0.9650837608789775,164.20363791925922,164.20363791925922,21.378088844639002,0.08625466814723493,9.809424779888655,9.913746881135708,0.19057676939433577,45.12248431389986,53.9576748731986,0.9999999999999996,0.0231369510010784,0.9999999999999996,0.024038385209101263,0.9999999999999996,2.726665091013395,0.9999999999999996,2.726665091013395
5830.5,112.38546219421123,259.0282720913752,118.26959641849281,553.7471786411371,103.32955391306281,10.96851458785547,5.781078075081664,8.165965202558886E-55,152.4020788149944,0.713850887943094,0.9622698273204726,164.2036379192593,164.2036379192593,21.04243785352559,0.08625165338586653,9.809433883714359,9.913749895897078,0.19056766556863464,44.54148850023548,53.15542801489079,0.9999999999999996,0.0231148531540808,0.9999999999999996,0.023968295521994157,0.9999999999999996,2.726665091013397,0.9999999999999996,2.726665091013397
5850.0,112.38809587025648,259.0327057013954,118.27093744766468,553.766248928682,103.33446894468618,10.824501184197587,5.766694847278154,-2.4196858202789653E-55,152.40936031822864,0.7132388946745057,0.9597524350789113,164.20363791925934,164.20363791925934,20.71426163449527,0.08624870856487413,9.80944277622544,9.913752840718075,0.19055877305755664,43.972655253229135,52.37133883341005,0.9999999999999996,0.023095036502209062,0.9999999999999996,0.023905592110250975,0.9999999999999996,2.7266650910133974,0.9999999999999996,2.7266650910133974
5869.5,112.3906686490373,259.03703676557893,118.27224745411532,553.7848784511455,103.3392704397049,10.683836604248263,5.752193580589523,3.689051341348132E-56,152.41647361973534,0.712689720951167,0.9574993191822777,164.2036379192594,164.2036379192594,20.393434817902765,0.08624583200275969,9.80945146251914,9.913755717280191,0.19055008676385435,43.415829965857185,51.60501447135641,0.9999999999999996,0.02307725397901625,0.9999999999999996,0.023849471315311167,0.9999999999999996,2.726665091013398,0.9999999999999996,2.726665091013398
5889.0,112.39318189177742,259.04126757636953,118.27352713193845,553.8030770473946,103.3439609309204,10.546422668115078,5.737602637470728,-1.2154075453945514E-56,152.423422471855,0.7121968397323797,0.9554828813795896,164.20363791925945,164.20363791925945,20.079838685919036,0.08624302214778132,9.809459947233309,9.91375852713517,0.1905416020496788,42.87086259951671,50.85609476165142,0.9999999999999996,0.023061294235620117,0.9999999999999996,0.02379924571768318,0.9999999999999996,2.726665091013399,0.9999999999999996,2.726665091013399
5908.5,112.39563701877928,259.04540052557,118.27477720533865,553.8208549845152,103.34854306149253,10.412160922544855,5.7229483593379555,1.6426400311146646E-57,152.43021079029717,0.7117541972368506,0.953677528945863,164.20363791925945,164.20363791925945,19.773342134654946,0.08624027745063706,9.809468235202297,9.913761271832312,0.19053331408069038,42.33757919205834,50.1241985157573,0.9999999999999996,0.02304696124751753,0.9999999999999996,0.023754277851680976,0.9999999999999996,2.726665091013399,0.9999999999999996,2.726665091013399
5928.0,112.39803534518828,259.04943782810193,118.27599834482568,553.8382217704669,103.35301927914605,10.280962355464576,5.708254157062592,-3.0595227174141276E-58,152.43684220135282,0.7113565161974628,0.9520609540950593,164.20363791925948,164.20363791925948,19.473820200017663,0.08623759638481344,9.80947633089989,9.913763952898133,0.1905252183830979,41.815811110419325,49.40897041795198,0.9999999999999996,0.023034084134127504,0.9999999999999996,0.0237140120731463,0.9999999999999996,2.7266650910133996,0.9999999999999996,2.7266650910133996
5947.5,112.40037820068292,259.05338172314663,118.27719122836506,553.855187017777,103.3573920585954,10.152740325154674,5.6935412504031016,3.434784073051186E-59,152.44332037122092,0.7109990664653161,0.9506131660354808,164.20363791925948,164.20363791925948,19.181140616867307,0.0862349774662601,9.809484238862694,9.913766571816685,0.19051731042029693,41.30537395943712,48.710046964905445,0.9999999999999996,0.02302250973083392,0.9999999999999996,0.023677950449805352,0.9999999999999996,2.7266650910133996,0.9999999999999996,2.7266650910133996
5967.0,112.40266687922558,259.0572343897806,118.27835651559293,553.8717600949041,103.36166380879266,10.027412038268597,5.678829258106149,-3.005423356689806E-60,152.4496488686624,0.7106775134391888,0.9493158478979463,164.20363791925948,164.20363791925948,18.895171957932718,0.08623243076062691,9.809491963449734,9.913769118522318,0.19050958583325775,40.80608207672052,48.02707243497386,0.9999999999999996,0.023012097681054732,0.9999999999999996,0.023645636743583203,0.9999999999999996,2.7266650910133996,0.9999999999999996,2.7266650910133996
5986.5,112.4049025993369,259.06099788065654,118.27949482776287,553.8879497764204,103.36583679766302,9.904902077157937,5.664134969159769,2.9002282676828817E-61,152.45583105369428,0.7103882161388743,0.9481536171848638,164.20363791925948,164.20363791925948,18.615786073873096,0.0862299203450471,9.809499508903894,9.913771628937896,0.1905020403791044,40.31775054408485,47.35970879727664,0.9999999999999996,0.02300273008800752,0.9999999999999996,0.023616687805972356,0.9999999999999996,2.7266650910133996,0.9999999999999996,2.7266650910133996
6006.0,112.40708665217265,259.06467436969734,118.28060682302272,553.90376543542,103.369913429529,9.785131712997574,5.649474835720613,1.101935908797225E-62,152.4618704881036,0.7101275822612315,0.9471113001659853,164.20363791925948,164.20363791925948,18.342844780780492,0.08622747931892383,9.809506879520981,9.913774069964019,0.19049466976201768,39.84017722123594,46.70759585980798,0.9999999999999996,0.0229942906310979,0.9999999999999996,0.023590725688459383,0.9999999999999996,2.7266650910133996,0.9999999999999996,2.7266650910133996
6025.5,25.54448861544636,259.0682656493347,61.275619046328906,553.919214754276,1.3619367346587612,9.499014289855332,5.801273104850483,5.564444818190313E-65,317.8163579033994,0.7098929146976389,3.5475392315998593,164.20363791925948,164.20363791925948,18.245254890265713,0.08622509496804594,4.043191880157485,9.9137764543149,5.956809669125515,39.93019233629867,46.07043498409731,0.9999999999999996,0.02298669197658323,0.9999999999999996,0.0883623971829429,0.9999999999999996,2.7266650910133996,0.9999999999999996,2.7266650910133996
6045.0,20.959230560112253,259.0717738369192,55.095496057241704,553.9343068264568,1.3720153923708505,8.815339917540017,6.369401667072189,2.8414655859398315E-67,321.50894580605564,0.709681273552883,6.301869816824175,164.20363791925948,164.20363791925948,18.554012690776087,0.08622276587968837,4.058599861805835,9.913778783403252,5.941401687477165,41.38629615004179,45.44787147616479,0.9999999999999996,0.02297983892916812,0.9999999999999996,0.15696748855918688,0.9999999999999996,2.7266650910133996,0.9999999999999996,2.7266650910133996
6064.5,18.885184731258416,259.0752008559285,52.6254500994608,553.9490499123701,0.8517434537833102,7.833462468926178,7.415256316608529,1.4364008610928738E-69,324.6224235566256,0.7094902443560757,9.200885875434539,164.20363791925948,164.20363791925948,19.169569184277695,0.0862204907702362,2.9839908113397575,9.9137810585127,7.016010737943238,44.14513378783501,44.83958132311572,0.9999999999999996,0.022973653307062823,0.9999999999999996,0.22917641753419768,0.9999999999999996,2.7266650910133996,0.9999999999999996,2.7266650910133996
6084.0,18.422716600915297,259.0785485853118,51.95434709696399,553.9634520815763,0.8521422030055434,6.6776042576520815,9.063659690679659,7.286813412511555E-72,324.88659452158805,0.7093176696936918,11.91480388135785,164.20363791925948,164.20363791925948,19.96751058357396,0.08621826838597677,2.979990456903588,9.913783280896956,7.020011092379409,48.207384160999,44.245246575680575,0.9999999999999996,0.022968065252125174,0.9999999999999996,0.29677490908158727,0.9999999999999996,2.7266650910133996,0.9999999999999996,2.7266650910133996
6103.5,18.151059708089335,259.08181886038614,51.62231384984443,553.9775212166575,0.7860325902065136,5.522259185709509,11.396619837408831,3.559254076952308E-74,325.19833827108744,0.7091616218635217,14.402061766627689,164.20363791925948,164.20363791925948,20.773155184779636,0.08621609750249944,2.815192914189799,9.913785451780445,7.184808635093194,53.419159069963484,43.6645553815317,0.9999999999999996,0.022963012344381667,0.9999999999999996,0.35872773181485534,0.9999999999999996,2.7266650910133996,0.9999999999999996,2.7266650910133996
6123.0,18.080548626763452,259.08501347403984,51.51925351425316,553.9912650183625,0.7858168127738995,4.492536921591493,14.460174327182319,2.0488646232211295E-76,325.12541890625215,0.7090203781597587,16.64748077981407,164.20363791925948,164.20363791925948,21.46120916605717,0.08621397692390491,2.8134509096045726,9.913787572359041,7.186550639678419,59.648850435385526,43.097201946898466,0.9999999999999996,0.022958438801746136,0.9999999999999996,0.4146568121525598,0.9999999999999996,2.7266650910133996,0.9999999999999996,2.7266650910133996
6142.5,17.999096173146597,259.0881341775902,51.42646441933973,554.0046910092619,0.7588341874486976,3.6457186346929222,18.228317326113427,1.210089562328257E-78,325.15186293537664,0.7088923990911358,18.677831437929875,164.20363791925948,164.20363791925948,21.974210854880823,0.0862119054821524,2.744072013033963,9.913789643800802,7.255929536249028,66.75785722573337,42.54288653933162,0.9999999999999996,0.022954294774711947,0.9999999999999996,0.4652289523208787,0.9999999999999996,2.7266650910133996,0.9999999999999996,2.7266650910133996
6162.0,17.97522146823143,259.09118268178037,51.39169081720532,554.0178065380037,0.7585674631212772,2.979899384189651,22.62852515058257,8.59194699847587E-81,325.042872300124,0.7087763087848329,20.503305717018694,164.20363791925948,164.20363791925948,22.31388831655592,0.08620988203646884,2.742663295276978,9.913791667246482,7.257338254006016,74.62862057111825,42.00131545017237,0.9999999999999996,0.022950535711820628,0.9999999999999996,0.5106980148922737,0.9999999999999996,2.7266650910133996,0.9999999999999996,2.7266650910133996
6181.5,19.647615021194877,259.0941606577209,53.10660273837806,554.0306187833329,1.501972220122404,2.4702609582512736,27.513160797330634,7.935763317671583E-83,321.39820609782254,0.708670877512185,21.598612755019513,164.20363791925948,164.20363791925948,22.504886489191808,0.08620790547264791,4.2738971874957965,9.913793643810298,5.726104361787197,83.05690737733765,41.472200951686794,0.9999999999999996,0.022947121793835422,0.9999999999999996,0.5379800121333453,0.9999999999999996,2.7266650910133996,0.9999999999999996,2.7266650910133996
6201.0,20.136372313372654,259.0970697378097,53.81195916468163,554.0431347580177,1.5001847441220404,2.0882281489819277,32.63405268305604,4.032764771469194E-85,320.88556846819404,0.708575006083503,22.303349228390925,164.20363791925948,164.20363791925948,22.575610877417244,0.08620597470245057,4.277266740547979,9.913795574580496,5.722734808735014,91.67778754753178,40.95526124501823,0.9999999999999996,0.022944017428437706,0.9999999999999996,0.5555336458224837,0.9999999999999996,2.7266650910133996,0.9999999999999996,2.7266650910133996
6220.5,22.24660179395899,259.09991151663,55.92462274871336,554.0553613126898,2.4690188249200182,1.7977348899065022,37.8719587967191,2.1733875889372516E-87,317.02611176898824,0.708487711910891,22.514691666514974,164.20363791925948,164.20363791925948,22.561961378689134,0.08620408866298926,5.514431307557429,9.913797460619941,4.485570241725564,100.35286826982568,40.45022040006739,0.9999999999999996,0.022941190798933968,0.9999999999999996,0.560797780547981,0.9999999999999996,2.7266650910133996,0.9999999999999996,2.7266650910133996
6240.0,22.811676872105043,259.1026875518281,56.718704244338056,554.0673051395876,2.4661137235177972,1.5758023323809323,43.05191377945184,1.0937725927943367E-89,316.49145536888017,0.708408116560991,22.470194434235456,164.20363791925948,164.20363791925948,22.48675416657725,0.0862022463161351,5.5129035425952155,9.91379930296679,4.487098006687778,108.82949992120507,39.95680828856436,0.9999999999999996,0.022938613461207333,0.9999999999999996,0.5596894398488279,0.9999999999999996,2.7266650910133996,0.9999999999999996,2.7266650910133996
6259.5,24.82389047213881,259.1053993649702,58.637358674578294,554.0789727762207,3.4781330673283675,1.4023023955349363,48.11938504446562,5.504315212089251E-92,313.12078140668865,0.7083354346383093,22.164633089180775,164.20363791925948,164.20363791925948,22.369958097010663,0.08620044664793099,6.34057027172057,9.913801102634979,3.6594312775624225,117.05028808608687,39.47476051131901,0.9999999999999996,0.022936259983754103,0.9999999999999996,0.552078492887348,0.9999999999999996,2.7266650910133996,0.9999999999999996,2.7266650910133996
6279.0,25.33180286802109,259.1080484423801,59.33503593590744,554.0903706089476,3.474799597277467,1.2652061695510548,52.97813206017488,2.595142308402991E-94,312.66130515961436,0.7082689638568715,21.722782958246025,164.20363791925948,164.20363791925948,22.22344625827259,0.08619868866805513,6.33845008335055,9.913802860614858,3.661551465932441,124.87513735283116,39.00381832063047,0.9999999999999996,0.022934107626198876,0.9999999999999996,0.5410728537059077,0.9999999999999996,2.7266650910133996,0.9999999999999996,2.7266650910133996
6298.5,27.289500417861056,259.11063623595555,61.109639917131815,554.1015048764668,4.559278991415034,1.1546328175994254,57.61184275397928,1.361455749319701E-96,309.5216666509892,0.7082080761731017,21.14552996253966,164.20363791925948,164.20363791925948,22.05694701987255,0.08619697140919354,6.9432687705979355,9.913804577873726,3.056732778685051,132.29311522711893,38.54372853860017,0.9999999999999996,0.022932136052172696,0.9999999999999996,0.5266945888998984,0.9999999999999996,2.7266650910133996,0.9999999999999996,2.7266650910133996
6318.0,27.772157584906804,259.1131641639694,61.76025477147372,554.1123816732215,4.555536329165959,1.0646255861825535,61.96700157068556,6.894727374436797E-99,309.10218803692135,0.7081522098663726,20.495153602314783,164.20363791925948,164.20363791925948,21.87626797101229,0.08619529391551238,6.9413825532434315,9.913806255367408,3.0586189960395536,139.22500078115536,38.09424347212994,0.9999999999999996,0.022930327072877277,0.9999999999999996,0.5104949613528141,0.9999999999999996,2.7266650910133996,0.9999999999999996,2.7266650910133996
6337.5,29.638067742119055,259.1156336119884,63.374326997398356,554.1230069534167,5.68373952180994,0.9901364271476382,66.0474126308441,3.4292821325279187E-101,306.1734684512234,0.7081008624197243,19.788329609191166,164.20363791925948,164.20363791925948,21.686311230388885,0.08619365529951227,7.390206474914403,9.91380789398341,2.6097950743685843,145.6852510628664,37.65512079969894,0.9999999999999996,0.02292866441655905,0.9999999999999996,0.4928893315510385,0.9999999999999996,2.7266650910133996,0.9999999999999996,2.7266650910133996
6357.0,30.100231866363735,259.1180459330612,63.98756903282584,554.1333865316365,5.679704218200714,0.928052021482517,69.82589641617398,1.6796788568112104E-103,305.78471172670174,0.708053584392973,19.047557223313362,164.20363791925948,164.20363791925948,21.49004743003387,0.08619205462050737,7.388662146930962,9.913809494662416,2.611339402352023,151.63366627773777,37.226123584041986,0.9999999999999996,0.022927133530117317,0.9999999999999996,0.47443811240734735,0.9999999999999996,2.7266650910133996,0.9999999999999996,2.7266650910133996
6376.5,32.03259628651901,259.12040244933394,65.58171638367328,554.1435260899567,6.953666260871815,0.875629164806516,73.31599965681546,9.178459291323505E-106,302.7690279541752,0.7080099734879043,18.290045083158624,164.20363791925948,164.20363791925948,21.29008018157582,0.08619049101472245,7.760068599365239,9.913811058268205,2.239932949917759,157.09706469463794,36.807020025980385,0.9999999999999996,0.022925721386932225,0.9999999999999996,0.45556993809569424,0.9999999999999996,2.7266650910133996,0.9999999999999996,2.7266650910133996
6396.0,32.524544011023465,259.1227044521916,66.22531735366097,554.1534311784344,6.948955070772524,0.8311712706943142,76.50310125034053,4.704848278493784E-108,302.3671847094236,0.7079696697099236,17.514604797554647,164.20363791925948,164.20363791925948,21.08796957950714,0.08618896362237866,7.758721112425747,9.913812585660542,2.241280436857248,162.05375800334264,36.39758347536591,0.9999999999999996,0.02292441633019655,0.9999999999999996,0.43625520807161144,0.9999999999999996,2.7266650910133996,0.9999999999999996,2.7266650910133996
6415.5,34.17257334405656,259.12495320311416,67.52503746337918,554.163107218814,8.124692219412141,0.7930765231372624,79.406034387216,2.985352811438679E-110,299.7839064734059,0.7079323508158532,16.76115272109542,164.20363791925948,164.20363791925948,20.885183976700397,0.0861874716175397,8.018922786628544,9.913814077665382,1.981078762654463,166.53745770392493,35.99759231148501,0.9999999999999996,0.022923207925513053,0.9999999999999996,0.41748816215838597,0.9999999999999996,2.7266650910133996,0.9999999999999996,2.7266650910133996
6435.0,34.61726896843579,259.1271499343728,68.09996573762793,554.1725595074207,8.120181999797323,0.7603119267267148,82.02408546717307,1.4393330977344741E-112,299.42829698723335,0.7078977282942246,16.01273328055867,164.20363791925948,164.20363791925948,20.682625877569304,0.08618601413181491,8.017913285800116,9.913815535151102,1.98208826348289,170.5484774790438,35.60682984897972,0.9999999999999996,0.022922086830734316,0.9999999999999996,0.3988464695521226,0.9999999999999996,2.7266650910133996,0.9999999999999996,2.7266650910133996
6454.5,36.210514104660184,259.1292958497026,69.29487622364796,554.1817932182154,9.355347538948214,0.7318984156707058,84.37808996643422,6.327987473753435E-115,296.8889832932948,0.7078655437747363,15.299189794458542,164.20363791925948,164.20363791925948,20.48114677229462,0.08618459041388676,8.233477105523257,9.913816958869022,1.7665244437597478,174.12282937750098,35.22508424359985,0.9999999999999996,0.022921044679699177,0.9999999999999996,0.38107347006998665,0.9999999999999996,2.7266650910133996,0.9999999999999996,2.7266650910133996
6474.0,36.68220304401949,259.1313921249681,69.89834008366704,554.1908134054611,9.350342734903624,0.7072082742405505,86.47156912726938,3.1571471962173625E-117,296.5178068588332,0.707835565822088,14.59404592875454,164.20363791925948,164.20363791925948,20.28124965975974,0.0861831996633795,8.23259159405293,9.913818349619527,1.7674099552300737,177.26719580780428,34.8521483981869,0.9999999999999996,0.02292007397841543,0.9999999999999996,0.3635096890193249,0.9999999999999996,2.7266650910133996,0.9999999999999996,2.7266650910133996
6493.5,38.34713748712502,259.1334399088083,71.07935991188269,554.1996250065654,10.757353882009543,0.6856186302132834,88.32467474404547,1.8302636680420102E-119,293.7991139807143,0.7078075870710824,13.928397541892805,164.20363791925948,164.20363791925948,20.083435497386706,0.08618184110609968,8.427503046496804,9.913819708176804,1.5724985027862008,180.0158714652784,34.48781986848567,0.9999999999999996,0.02291916801229302,0.9999999999999996,0.3469296645843207,0.9999999999999996,2.7266650910133996,0.9999999999999996,2.7266650910133996
6513.0,38.899047264538225,259.1354403232668,71.77801542879305,554.2082328448151,10.751237911914314,0.6667399347849965,89.94189681127693,8.97949751423678E-122,293.36911772564497,0.7077814216687914,13.267626542723043,164.20363791925948,164.20363791925948,19.887974665099733,0.08618051402639612,8.426651628031287,9.913821035256504,1.573349921251708,182.37676113630107,34.1319007699497,0.9999999999999996,0.022918320763320038,0.9999999999999996,0.3304711265206621,0.9999999999999996,2.7266650910133996,0.9999999999999996,2.7266650910133996
6532.5,40.203122898632486,259.1373944647029,72.64822273897188,554.2166416161448,11.954120271095476,0.6501575121840315,91.34209806772003,3.7457192806932713E-124,291.17528016518,0.7077569030215409,12.656112031934398,164.20363791925948,164.20363791925948,19.695165359821683,0.08617920204726998,8.562267126298957,9.913822347235632,1.4377344229840268,184.38168229768914,33.78419768493314,0.9999999999999996,0.022917526837108973,0.9999999999999996,0.31523947309619216,0.9999999999999996,2.7266650910133996,0.9999999999999996,2.7266650910133996
6552.0,40.703759417533306,259.1393034029262,73.27483595966183,554.2248559706736,11.948575349289674,0.6355898808673657,92.53482782342394,1.9016747859755206E-126,290.79061682712637,0.7077338815934012,12.060323238343036,164.20363791925948,164.20363791925948,19.50517521886993,0.08617795134306376,8.561633973193931,9.913823597939839,1.4383675760890458,186.04677031739874,33.44452157068407,0.9999999999999996,0.02291678139161071,0.9999999999999996,0.3003995171212093,0.9999999999999996,2.7266650910133996,0.9999999999999996,2.7266650910133996
6571.5,42.173628218226945,259.1411681847188,74.17603802254342,554.2328803574441,13.458646597139412,0.6227501190674416,93.53789547295564,1.0987576008577266E-128,288.19637070015654,0.7077122234036758,11.50973738771101,164.20363791925948,164.20363791925948,19.31817989961726,0.08617671434516903,8.702116809592543,9.913824834937744,1.2978847396904372,187.40189007169306,33.11268766835977,0.9999999999999996,0.022916080088462475,0.9999999999999996,0.2866854797446825,0.9999999999999996,2.7266650910133996,0.9999999999999996,2.7266650910133996
6591.0,42.852786510109915,259.1429898314779,75.01463015177985,554.240719184526,13.450876004946997,0.6114620230309709,94.35831553773365,5.446899741713313E-131,287.6742181497867,0.7076918080780376,10.96289451478614,164.20363791925948,164.20363791925948,19.134246867026018,0.08617550590166517,8.701420623107696,9.913826043381238,1.2985809261752859,188.4588014736193,32.78851541298065,0.9999999999999996,0.02291541902988261,0.9999999999999996,0.27306467276286445,0.9999999999999996,2.7266650910133996,0.9999999999999996,2.7266650910133996
6610.5,44.07226824726941,63.431776522244455,75.68954850762654,9.559592181546604,14.863887219589577,0.6025511319796749,94.99750147775252,645.5435225148701,285.392661787956,1.1408360503129478,10.46315210793129,164.20363791925948,164.20363791925948,18.967068823335698,3.0954185273710517,8.810154657785757,6.904583021911871,1.1898468914972191,189.24258889143192,32.49611290755638,0.9999999999999996,0.03694084888210923,0.9999999999999996,0.260617048040261,0.9999999999999996,2.7266650910133996,0.9999999999999996,2.7266650910133996
6630.0,44.774993718308245,40.4069453038038,76.53947878985743,9.50781989256262,14.856059320400078,0.6226708338813736,94.82109624977365,657.3086648634545,284.85741968369047,3.951345444295523,9.971245541003999,164.20363791925948,164.20363791925948,19.459874386420836,3.363004148424095,8.809627097672172,6.636997400858831,1.1903744516107955,189.76798391888158,33.34784520293105,0.9999999999999996,0.1279465659405583,0.9999999999999996,0.24836459905913302,0.9999999999999996,2.7266650910133996,0.9999999999999996,2.7266650910133996
6649.5,45.605469900475505,38.01359786644731,76.93755334996189,6.977914349984197,15.978039891574074,0.6809605626133616,93.54551612699755,661.5567115185642,283.16664078530016,6.542671993054303,9.526218926212128,164.20363791925948,164.20363791925948,20.909993031209495,3.951664583623695,8.883689941579053,6.048336965659228,1.116311607703921,190.05781190383934,35.85261580800949,0.9999999999999996,0.21185503150459514,0.9999999999999996,0.23727983975811018,0.9999999999999996,2.7266650910133996,0.9999999999999996,2.7266650910133996
6669.0,46.24626304824163,36.36816702828895,77.6873162131284,6.976684542483825,15.971521500900515,0.7817403277687914,91.179300512758,662.4332430942601,282.68655449051283,9.417553388192253,9.095624452286872,164.20363791925948,164.20363791925948,23.319449494475126,4.084708677351237,8.883480791760181,5.915292871931685,1.116520757522795,190.12961501066403,40.02096042020278,0.9999999999999996,0.30494514655017596,0.9999999999999996,0.22655455740158362,0.9999999999999996,2.7266650910133996,0.9999999999999996,2.7266650910133996
6688.5,47.01241857627137,36.20953763872587,77.97611759694696,6.782824570030244,17.278748778902543,0.9295761729149066,87.7738429187602,662.6748988396636,280.87013657533396,12.000185493443631,8.707294048225505,164.20363791925948,164.20363791925948,26.64942360894977,4.132194526852147,8.95809000830788,5.8678070224307755,1.041911540975105,190.00427176542775,45.79599873862264,0.9999999999999996,0.38857208163169266,0.9999999999999996,0.21688199195220634,0.9999999999999996,2.7266650910133996,0.9999999999999996,2.7266650910133996
6708.0,47.89678464914691,36.033118461411966,78.9521115046485,6.781972687019539,17.27091242317755,1.1295393730789816,83.46237868120355,662.706426260479,280.2129439365628,14.361446362940402,8.324634916571721,164.20363791925948,164.20363791925948,30.775207618762323,4.153283510969231,8.95873634576024,5.846718038313691,1.0412652035227363,189.69594254599218,52.97906974694679,0.9999999999999996,0.46503090402548924,0.9999999999999996,0.20735068701956916,0.9999999999999996,2.7266650910133996,0.9999999999999996,2.7266650910133996
6727.5,48.49668514319397,35.96966834371368,79.10661012473624,6.658423401335368,18.80759860188469,1.3903738277656765,78.3719147075305,662.8073938486309,278.28850157384494,16.47316464012379,7.981102789797408,164.20363791925948,164.20363791925948,35.579701472963535,4.175860387688488,9.029287736479366,5.824141161594435,0.9707138128036058,189.22107807178352,61.390243853307226,0.9999999999999996,0.5334094109438328,0.9999999999999996,0.19879396072300234,0.9999999999999996,2.7266650910133996,0.9999999999999996,2.7266650910133996
6747.0,49.77401846306178,35.825408806795544,80.36631034878162,6.657592482503123,18.804079056554247,1.725801399714665,72.62288463259623,662.8267315853161,277.3548430395163,18.395475502838448,7.635755896434303,164.20363791925948,164.20363791925948,40.94954109291236,4.198301212003624,9.035445744184953,5.801700337279298,0.9645558050980144,188.59141761507507,70.86406129375945,0.9999999999999996,0.5956548098900702,0.9999999999999996,0.19019203207188937,0.9999999999999996,2.7266650910133996,0.9999999999999996,2.7266650910133996
6766.5,49.98586608692262,37.2172736634956,80.40565693848225,15.467591418167087,20.394613812674535,2.156451609487741,66.33170823759059,652.7088826698024,275.63629654687065,20.10859655212781,7.327097872257139,164.20363791925948,164.20363791925948,46.775904369167584,3.660601343229269,9.069756932888998,6.339400206053651,0.9302446163939722,187.81957740446717,81.25407485408164,0.9999999999999996,0.6511265367707197,0.9999999999999996,0.18250395277368098,0.9999999999999996,2.7266650910133996,0.9999999999999996,2.7266650910133996
6786.0,51.933943548161736,48.468677720086205,81.96311338999286,15.564179406311258,20.64092799305481,2.685301789243084,59.88011946899149,645.6576773449397,274.00598826971884,20.09993648806217,7.010971899061128,164.20363791925948,164.20363791925948,52.68314176974129,2.363721564854312,9.113674287050785,7.636279984428612,0.8863272622321897,186.91566084619336,91.94144789304998,0.9999999999999996,0.650846119511929,0.9999999999999996,0.17462986119082546,0.9999999999999996,2.7266650910133996,0.9999999999999996,2.7266650910133996
6805.5,51.95916418900994,48.4915934143593,81.99307731264213,15.563556187803362,20.642158419853512,3.313494544091926,53.63055367400176,645.6174365551282,274.00742021683936,20.02581777422101,6.728126641488518,164.20363791925948,164.20363791925948,58.31439271429438,2.363790211616286,9.113721318698783,7.636211337666637,0.886280230584191,185.88892505683782,102.33549691693044,0.9999999999999996,0.648446118033547,0.9999999999999996,0.16758472839333088,0.9999999999999996,2.7266650910133996,0.9999999999999996,2.7266650910133996
6825.0,53.15589913923794,60.24100948937218,82.85827926710246,26.213081966092886,21.704598701121625,4.051892355711276,47.714596759528305,628.270570184575,272.1137483965024,19.297356651958555,6.455783201147995,164.20363791925948,164.20363791925948,63.546291082456165,1.5525598682304904,9.153432674194718,8.44744168105242,0.8465688750882465,184.7530193107334,112.24940527042529,0.9999999999999996,0.6248581780954576,0.9999999999999996,0.16080117571794988,0.9999999999999996,2.7266650910133996,0.9999999999999996,2.7266650910133996
6844.5,53.17240909873813,60.2478739138319,82.87752298225561,26.212772584427505,21.70600854262507,4.905573080501176,42.27069019886585,628.2576932867789,272.12189027378685,18.596853211486618,6.21136319483948,164.20363791925948,164.20363791925948,68.24717790928626,1.55257376347997,9.153482421188517,8.447427785802939,0.8465191280944476,183.5192062260495,121.47298011358751,0.9999999999999996,0.6021755220479275,0.9999999999999996,0.15471314222010735,0.9999999999999996,2.7266650910133996,0.9999999999999996,2.7266650910133996
6864.0,54.46302963925518,70.09133584846417,83.79664080902546,36.898184561358185,22.885735035838472,5.884967322914305,37.33053223661694,612.2514415693553,270.0498777839027,17.66144549332262,5.975202564352759,164.20363791925948,164.20363791925948,72.39248986229457,1.1548875028934413,9.193601202730775,8.845114046389472,0.8064003465521845,182.1993336010634,129.9827535033991,0.9999999999999996,0.5718865465633466,0.9999999999999996,0.1488308339304169,0.9999999999999996,2.7266650910133996,0.9999999999999996,2.7266650910133996
6883.5,54.48766271487783,70.09443454655127,83.82567983765199,36.89823493561402,22.88714882555238,6.990662441708461,32.93505039286699,612.2495283011602,270.05138458421044,16.786727356829086,5.761016405699305,164.20363791925948,164.20363791925948,75.94605192439687,1.1548854359304968,9.193646235495933,8.845116113352416,0.806355313787026,180.80129315132558,137.7196307530071,0.9999999999999996,0.5435627304586715,0.9999999999999996,0.14349586758150634,0.9999999999999996,2.7266650910133996,0.9999999999999996,2.7266650910133996
6903.0,55.88989705057395,80.23340224154171,84.81054460657538,49.58594588441587,24.204825922623673,8.221825087805241,29.07437298719778,594.2278945241796,267.76859850267823,15.806692150160483,5.552726626544057,164.20363791925948,164.20363791925948,78.92377052068522,0.8855502087193355,9.23418221560305,9.114451340563583,0.7658193336799118,179.33510580441347,144.70864128971374,0.9999999999999996,0.5118286943026783,0.9999999999999996,0.13830776873515102,0.9999999999999996,2.7266650910133996,0.9999999999999996,2.7266650910133996
6922.5,55.92030780825074,80.2356910192605,84.84647869434966,49.58645941594411,24.20629402596684,9.561614508809201,25.74377416139172,594.2320397306096,267.76533206689265,14.893841739681653,5.36234257018474,164.20363791925948,164.20363791925948,81.33372248178294,0.8855414552923387,9.234224333464345,9.114460093990576,0.7657772158186236,177.80633597996808,150.93523228152375,0.9999999999999996,0.4822701358610691,0.9999999999999996,0.13356566709594375,0.9999999999999996,2.7266650910133996,0.9999999999999996,2.7266650910133996
6942.0,57.45061621269868,89.41231358052494,85.90511508532475,62.541636656181545,25.68783411332342,10.991571150912327,22.899691059528674,576.5270022851536,265.23562618123526,13.960232130309738,5.176204973920476,164.20363791925948,164.20363791925948,83.2246720181841,0.7152261855638297,9.275189956074854,9.2847753637191,0.7248115932081213,176.22362072898446,156.44972578617484,0.9999999999999996,0.4520393840495075,0.9999999999999996,0.12892933663192133,0.9999999999999996,2.7266650910133996,0.9999999999999996,2.7266650910133996
6961.5,57.48859112147792,89.41432826856413,85.95006082932667,62.542619869391835,25.68937311546479,12.478653524893417,20.501916185124102,576.5344150666699,265.2261630252656,13.095296808644104,5.004483806954612,164.20363791925948,164.20363791925948,84.63904257770075,0.7152154828019233,9.275229481066825,9.284786066481008,0.7247720682161428,174.5906397245835,161.2677009097691,0.9999999999999996,0.42403234044172183,0.9999999999999996,0.12465209176736963,0.9999999999999996,2.7266650910133996,0.9999999999999996,2.7266650910133996
6981.0,59.167097009354805,97.91459989495789,87.09199026187994,75.79088140030214,27.367643970725442,13.992964970079932,18.490770099668044,558.9296564502995,262.4042284003091,12.246417628899609,4.835935477645483,164.20363791925948,164.20363791925948,85.64106529717087,0.5976679362739946,9.316638299942047,9.402333613008944,0.6833632493409179,172.91495123836816,165.44617138157884,0.9999999999999996,0.3965452028381124,0.9999999999999996,0.12045387620254328,0.9999999999999996,2.7266650910133996,0.9999999999999996,2.7266650910133996
7000.5,59.2150676973804,97.9167074788383,87.1488210586486,75.79234940350743,27.36928434371686,15.497507892139463,16.814348214718287,558.9387800619734,262.3866187727381,11.461540706324783,4.6787681262879115,164.20363791925948,164.20363791925948,86.28394496174681,0.5976568209264745,9.316675780146161,9.402344728356463,0.6833257691368074,171.1987142974013,169.01204987052665,0.9999999999999996,0.37113049072418675,0.9999999999999996,0.11653913896690012,0.9999999999999996,2.7266650910133996,0.9999999999999996,2.7266650910133996
7020.0,61.06651825130691,103.29743050716489,88.38524407135222,84.79942620065938,29.286618761508137,16.96636803373661,15.41510793765318,547.1936040290128,259.2149480520714,10.724275807439932,4.524167652461323,164.20363791925948,164.20363791925948,86.62926548311825,0.5375887951482814,9.358542665157225,9.462412754134647,0.6414588841257415,169.44863966873058,172.02456722104986,0.9999999999999996,0.3472574800419614,0.9999999999999996,0.11268833772663434,0.9999999999999996,2.7266650910133996,0.9999999999999996,2.7266650910133996
7039.5,61.12803667018666,103.29948667573002,88.45814758879527,84.80117911377064,29.28841708246718,18.375152283539915,14.245281353372585,547.2033036058639,259.18632671952196,10.049423024953446,4.378264870592824,164.20363791925948,164.20363791925948,86.7253633695652,0.5375780952012402,9.358578982577107,9.462423454081685,0.6414225667058617,167.665671523383,174.52348237238218,0.9999999999999996,0.3254054052862016,0.9999999999999996,0.10905417930867475,0.9999999999999996,2.7266650910133996,0.9999999999999996,2.7266650910133996
7059.0,63.183249878145354,109.7684504611588,89.80228268847696,96.26758578555025,31.500293638388648,19.708349711139377,13.262345827149353,532.4545216024715,255.59072501645176,9.412662824845585,4.234704902866282,164.20363791925948,164.20363791925948,86.61839302696497,0.47659929816177576,9.400920282016752,9.523402251121162,0.5990812672662121,165.855840558205,176.55968000398798,0.9999999999999996,0.30478678763305717,0.9999999999999996,0.10547837589688205,0.9999999999999996,2.7266650910133996,0.9999999999999996,2.7266650910133996
7078.5,63.26332864412909,109.7714203212091,89.89715018307561,96.26986675606773,31.50236017831874,20.951031395259328,12.433511607144544,532.4640549785819,255.547015931823,8.824527067509914,4.097432862262004,164.20363791925948,164.20363791925948,86.34112881056177,0.47658825056900245,9.400956939602391,9.523413298713935,0.59904460968057,164.01912120655382,178.1627931510744,0.9999999999999996,0.28574265405405425,0.9999999999999996,0.1020591926878727,0.9999999999999996,2.7266650910133996,0.9999999999999996,2.7266650910133996
7098.0,63.265862659879936,117.74926437911557,89.89907627296172,111.37033187974995,31.504566898614858,22.0966602715219,11.73044553223371,513.3265502339048,255.56466019778543,8.267583252935578,3.9748198325164052,164.20363791925948,164.20363791925948,85.92615995177499,0.41464862295976346,9.40099639859773,9.585352926323182,0.5990051506852345,162.16258083821816,179.3760824473993,0.9999999999999996,0.2677085313732604,0.9999999999999996,0.09900513731966791,0.9999999999999996,2.7266650910133996,0.9999999999999996,2.7266650910133996
7117.5,63.267917756802234,117.7540460219659,89.90045405000632,111.37360844437683,31.506723690514658,23.13459286757235,11.13378055446229,513.3349862773828,255.5822322546376,7.747507934523579,3.8652983616231777,164.20363791925948,164.20363791925948,85.3971356663129,0.4146364070738853,9.401034961326499,9.58536514220906,0.5989665879564703,160.29333015882906,180.2211444342051,0.9999999999999996,0.25086822926367824,0.9999999999999996,0.09627716756955944,0.9999999999999996,2.7266650910133996,0.9999999999999996,2.7266650910133996
7137.0,65.53255562387969,127.93051626837452,91.32813617494571,132.17701399190415,34.087533814174925,24.064998673192342,10.624349443367628,487.39492334262957,251.4904826554427,7.253880066550585,3.756398932349339,164.20363791925948,164.20363791925948,84.77619888918163,0.3516727067437361,9.443861314938333,9.64832884253921,0.5561402343446418,158.41631044118813,180.7350297581983,0.9999999999999996,0.23488430898890605,0.9999999999999996,0.09356469168295699,0.9999999999999996,2.7266650910133996,0.9999999999999996,2.7266650910133996
7156.5,65.67133784490001,127.94018393631458,91.49276624938396,132.18313719281343,34.09001419290463,24.8848439292596,10.188450334101944,487.39885894676723,251.39856852451518,6.786912625510509,3.6476538745783396,164.20363791925948,164.20363791925948,84.075556045309,0.3516558550203374,9.443899714553043,9.648345694262607,0.5561018347299342,156.52903844931046,180.93296998669405,0.9999999999999996,0.21976366683564075,0.9999999999999996,0.09085606089436676,0.9999999999999996,2.7266650910133996,0.9999999999999996,2.7266650910133996
7176.0,65.6740829382194,127.94157082711837,91.49492003250221,132.1860844159903,34.09230284973494,25.59993855093192,9.813027797634211,487.4097755549225,251.41499846700347,6.369874595063395,3.55051880886414,164.20363791925948,164.20363791925948,83.31100161948808,0.3516482884350084,9.443934983176488,9.64835326084794,0.5560665661064864,154.63606249151812,180.85084006369763,0.9999999999999996,0.20625976427522177,0.9999999999999996,0.08843661273701443,0.9999999999999996,2.7266650910133996,0.9999999999999996,2.7266650910133996
7195.5,65.67613627073412,127.94292607197787,91.49627357025881,132.18896367382519,34.09453795901891,26.217989337599953,9.487409618735944,487.42043944483004,251.43155159991932,5.997429687001899,3.4637533944885703,164.20363791925948,164.20363791925948,82.4964571239954,0.3516408968241614,9.443969421400798,9.648360652458788,0.5560321278821787,152.7427781515774,180.5245546395468,0.9999999999999996,0.19419980959388375,0.9999999999999996,0.08627545270289717,0.9999999999999996,2.7266650910133996,0.9999999999999996,2.7266650910133996
7215.0,68.15690877234331,141.51985674918146,92.97538537172062,162.69449268362925,37.145235916392224,26.745822405991575,9.203370842813788,450.0769167865929,246.74746436977105,5.641302421555624,3.3774292734238616,164.20363791925948,164.20363791925948,81.64250194876975,0.2876100229062066,9.487292777692721,9.712391526376733,0.5127087715902521,150.85309506069189,179.98301623310218,0.9999999999999996,0.18266822844158678,0.9999999999999996,0.08412528443864141,0.9999999999999996,2.7266650910133996,0.9999999999999996,2.7266650910133996
7234.5,68.40921341428005,141.57343285383672,93.27382705361784,162.7310349234216,37.149161070406876,27.18268781040817,8.95614480989028,450.0285636574222,246.5629825891391,5.290492754487456,3.286324291517797,164.20363791925948,164.20363791925948,80.75157442666556,0.28754108985156074,9.487345814365009,9.712460459431377,0.5126557349179639,148.96314694137388,179.22902847671693,0.9999999999999996,0.17130883381692244,0.9999999999999996,0.08185603410172602,0.9999999999999996,2.7266650910133996,0.9999999999999996,2.7266650910133996
7254.0,68.41227951588552,141.5750001219268,93.27632770731812,162.73471741968956,37.151562269830734,27.535281347853335,8.740233625145999,450.0387894642074,246.5781829989006,4.977197690354883,3.2049456729313808,164.20363791925948,164.20363791925948,79.83075624746714,0.2875347689947113,9.487377265635601,9.71246678028823,0.5126242836473726,147.0755637465871,178.2854694215369,0.9999999999999996,0.16116418102789343,0.9999999999999996,0.07982904881748176,0.9999999999999996,2.7266650910133996,0.9999999999999996,2.7266650910133996
7273.5,68.41434195564254,141.576530024079,93.27766060635943,162.73831409810802,37.153902466227684,27.812051464165904,8.550690827861027,450.04878021760385,246.59378210220757,4.697392598394455,3.1322511892421865,164.20363791925948,164.20363791925948,78.8876147462526,0.2875285958429549,9.487407908462748,9.712472953439985,0.5125936408202252,145.1946975398492,177.1789338929173,0.9999999999999996,0.1521039504928227,0.9999999999999996,0.0780183686751633,0.9999999999999996,2.7266650910133996,0.9999999999999996,2.7266650910133996
7293.0,71.07397795054742,141.57802453705003,94.71540547339987,162.74182761807046,40.814450199419014,28.02102185565165,8.383425578171824,450.05853997766326,241.21933202602096,4.44750758275551,3.060835665221259,164.20363791925948,164.20363791925948,77.92826469247824,0.2875225656760955,9.531219395809869,9.712478983606841,0.46878215347311647,143.32390913474333,175.93289936159056,0.9999999999999996,0.1440125471767287,0.9999999999999996,0.07623954496481372,0.9999999999999996,2.7266650910133996,0.9999999999999996,2.7266650910133996
7312.5,71.55965850421187,141.57948448987045,95.28204549285113,162.74525992358858,40.82351020951124,28.172836866464493,8.233799300239625,450.06807414042186,240.84512537477332,4.224335158345571,2.9804222701840533,164.20363791925948,164.20363791925948,76.95465804132401,0.28751667513616785,9.531325230884319,9.712484874146776,0.46867631839866797,141.45873729346982,174.56828247112475,0.9999999999999996,0.13678611108845817,0.9999999999999996,0.07423660154763774,0.9999999999999996,2.7266650910133996,0.9999999999999996,2.7266650910133996
7332.0,71.56329651778273,160.33382893360496,95.28517524925111,211.10185609179035,40.82606732047558,28.274492332063552,8.099003394957085,392.28373824857533,240.85894916356634,4.010647788820739,2.9085870111749266,164.20363791925948,164.20363791925948,75.97021914892889,0.22319714119760825,9.531353233870322,9.776804408085342,0.46864831541265356,139.6002045044608,173.10238635379662,0.9999999999999996,0.12986680587938199,0.9999999999999996,0.07244732304388983,0.9999999999999996,2.7266650910133996,0.9999999999999996,2.7266650910133996
7351.5,71.56538939590394,161.1690392106511,95.28650158407424,212.04492281204594,40.82854670669235,28.319883562482236,7.979991202731811,390.9366014879828,240.87363592766127,3.776877643928678,2.8444192252556,164.20363791925948,164.20363791925948,74.97624829997248,0.22215513251952396,9.53138036742555,9.777846416763426,0.46862118185742085,137.75205299957622,171.52723310829703,0.9999999999999996,0.12229721023657468,0.9999999999999996,0.07084902658665897,0.9999999999999996,2.7266650910133996,0.9999999999999996,2.7266650910133996
7371.0,71.56742749925944,161.17078499137511,95.28778967546523,212.0496025783099,40.83096874302125,28.310767119811892,7.875830747145215,390.94528600392124,240.88798861827942,3.5680355831156456,2.7871007762167856,164.20363791925948,164.20363791925948,73.97563070615432,0.2221503384271316,9.531406870262462,9.777851210855825,0.46859467902050284,135.91752620175276,169.85053058002842,0.9999999999999996,0.11553479857662914,0.9999999999999996,0.06942133397236364,0.9999999999999996,2.7266650910133996,0.9999999999999996,2.7266650910133996
7390.5,71.56941847400056,161.17249523850214,95.28904795413894,212.05417966063374,40.83333486148337,28.253762164206087,7.78449819393606,390.9537618705755,240.90200996311478,3.3815175474164607,2.7358966923827697,164.20363791925948,164.20363791925948,72.97206748639451,0.22214564931222555,9.531432758329391,9.77785589997073,0.46856879095357107,134.09940930721686,168.08941599264568,0.9999999999999996,0.10949525015189152,0.9999999999999996,0.06814593846642315,0.9999999999999996,2.7266650910133996,0.9999999999999996,2.7266650910133996
7410.0,73.82043166424675,161.1741658550146,96.10882386736608,212.05865082391443,45.263470303839284,28.154850782871655,7.704288687612932,390.9620418289355,235.11508948384036,3.2149467716668094,2.6873439254251235,164.20363791925948,164.20363791925948,71.96866036157532,0.22214106890595212,9.57519997910602,9.77786048037701,0.42480157017694364,132.3000218651249,166.2589733617796,0.9999999999999996,0.10410160410305247,0.9999999999999996,0.06693658217797765,0.9999999999999996,2.7266650910133996,0.9999999999999996,2.7266650910133996
7429.5,75.2412459639031,161.1757978503103,97.57598793863733,212.06301865169482,45.32736998702703,28.02240291144827,7.632602523872814,390.9701303854131,233.9912100238622,3.066179361307477,2.6234034640521333,164.20363791925948,164.20363791925948,70.96511691598761,0.22213659454145834,9.575919386970112,9.777864954741506,0.4240821623128571,130.51456139803113,164.37261572254656,0.9999999999999996,0.09928444003889153,0.9999999999999996,0.06534394793913012,0.9999999999999996,2.7266650910133996,0.9999999999999996,2.7266650910133996
7449.0,75.24648552763043,161.17739209183193,97.58099122116487,212.0672854792094,45.33005005577394,27.862774053329552,7.567705246394308,390.9780319050788,234.00216014370406,2.933319337941059,2.566257445280587,164.20363791925948,164.20363791925948,69.96216953408124,0.2221322238148286,9.575943447790468,9.777869325468131,0.42405810149250234,128.74136392672935,162.4421127876014,0.9999999999999996,0.0949823652190206,0.9999999999999996,0.06392055023202767,0.9999999999999996,2.7266650910133996,0.9999999999999996,2.7266650910133996
7468.5,75.24853034924219,161.17894946629815,97.58225609772279,212.07145367654212,45.33259867101031,27.67972665915483,7.508772739208155,390.98575077657523,234.0153702090396,2.8146591942826538,2.51520851570736,164.20363791925948,164.20363791925948,68.96233563555968,0.2221279542861558,9.575966283465263,9.777873594996802,0.42403526581770284,126.9832412477419,160.47789252520158,0.9999999999999996,0.09114008969309198,0.9999999999999996,0.06264901932109837,0.9999999999999996,2.7266650910133996,0.9999999999999996,2.7266650910133996
7488.0,62.93167080973158,161.1804708180589,95.45829837573518,212.07552550070247,2.7646143520804145,27.476548387497186,7.45515619800763,390.9932911795427,284.67955555385123,2.7086878242881194,2.4902369535954527,164.20363791925948,164.20363791925948,67.9678205437171,0.22212378363204086,8.185041404355392,9.777877765650908,1.8149601449275765,125.24277802121415,158.48907624477283,0.9999999999999996,0.08770868308236615,0.9999999999999996,0.06202702561065369,0.9999999999999996,2.7266650910133996,0.9999999999999996,2.7266650910133996
7507.5,26.874037915203576,161.18195698256568,61.91945789620986,212.07950318503475,2.803837503309665,27.0683417700309,7.482917832948942,391.0006572497957,313.3490621971285,2.614044066077896,4.304900487842479,164.20363791925948,164.20363791925948,67.16838864752194,0.22211970955393026,5.8248393707033035,9.777881839729018,4.175162178579659,123.96138962458882,156.483745656797,0.9999999999999996,0.0846440702760653,0.9999999999999996,0.10722681326577861,0.9999999999999996,2.7266650910133996,0.9999999999999996,2.7266650910133996
7527.0,24.260738081174306,161.18340877358082,58.4203883016534,212.0833889049761,2.8150968152790243,26.26595976951013,7.668503274559302,391.007853015914,315.43829916745545,2.529517849109573,6.039715452041659,164.20363791925948,164.20363791925948,66.7574368279925,0.22211572981316538,5.837049286847355,9.777885819469784,4.162952262435607,123.5871600136333,154.46895779168068,0.9999999999999996,0.08190706857740171,0.9999999999999996,0.15043772621073553,0.9999999999999996,2.7266650910133996,0.9999999999999996,2.7266650910133996
7546.5,19.94840720649633,161.184826986409,53.94933335894212,212.08718478670002,1.0629026948147628,25.044083039924608,8.049602235815982,391.0148824152477,322.72171515270384,2.4540272988390663,8.638078147550635,164.20363791925948,164.20363791925948,66.76401075930214,0.22211184222210698,3.466851654101764,9.777889707060847,6.533149895181203,124.23090588692052,152.45090036185735,0.9999999999999996,0.0794626463409155,0.9999999999999996,0.21515795663997395,0.9999999999999996,2.7266650910133996,0.9999999999999996,2.7266650910133996
7566.0,19.17719090248324,161.18621239794084,52.84436296882502,212.09089290722568,1.0640569274344231,23.344855560061088,8.703837122909363,391.02174929412155,323.26576859371175,2.386606233307028,11.157464430495827,164.20363791925948,164.20363791925948,67.24922223409723,0.2221080446439942,3.4641957506185532,9.777893504638959,6.535805798664414,126.12300076217001,150.43497970206096,0.9999999999999996,0.07727951810561245,0.9999999999999996,0.277911036128954,0.9999999999999996,2.7266650910133996,0.9999999999999996,2.7266650910133996
7585.5,18.368372231634385,192.92849045992645,51.92267688080825,305.52007771762993,0.8033888046109267,21.270431673314008,9.67887061707529,281.66690027513306,324.6366608528952,2.2755863947623767,13.654816762258866,164.20363791925948,164.20363791925948,68.10527330813109,0.15524125758696497,2.861493065038089,9.844760291695978,7.138508484244886,129.16358770291652,148.4118243941996,0.9999999999999996,0.07368463952733724,0.9999999999999996,0.3401152921606699,0.9999999999999996,2.7266650910133996,0.9999999999999996,2.7266650910133996
7605.0,18.177788522737206,192.9373119031302,51.64437551745413,305.54012704129605,0.8033751535667392,18.927282330844488,11.057056196007387,281.6547020500259,324.6771555953214,2.1685307449355933,15.956468252525623,164.20363791925948,164.20363791925948,69.2159819633557,0.1552309595595383,2.8582896932863617,9.844770589723401,7.141711855996614,133.29649310592384,146.36530883508172,0.9999999999999996,0.07021812338670302,0.9999999999999996,0.3974450156343534,0.9999999999999996,2.7266650910133996,0.9999999999999996,2.7266650910133996
7624.5,17.86628199609102,192.93910874255414,51.29531582006081,305.54588378359307,0.6944177071517403,16.477920670606153,12.922227604668231,281.6600323785867,325.18522470972744,2.0729202533617332,18.121292365003615,164.20363791925948,164.20363791925948,70.42337148362716,0.15522808000634045,2.5728095668149464,9.844773469276586,7.427191982468029,138.39859969204642,144.30296592905913,0.9999999999999996,0.0671222072646579,0.9999999999999996,0.4513666315967864,0.9999999999999996,2.7266650910133996,0.9999999999999996,2.7266650910133996
7644.0,17.78274555011135,192.94086402272768,51.17267315003102,305.55150742562154,0.6942615248860069,14.076484188119611,15.371393123325802,281.66523944840907,325.13241163793026,1.9875317205584675,20.097192184975736,164.20363791925948,164.20363791925948,71.57759133585864,0.1552252671353811,2.5698931814837405,9.844776282147546,7.4301083677992334,144.38216085108888,142.23191434351506,0.9999999999999996,0.06435728334269279,0.9999999999999996,0.5005825058374057,0.9999999999999996,2.7266650910133996,0.9999999999999996,2.7266650910133996
7663.5,18.577560129837224,192.94257870157807,51.99609072775704,305.55700103679965,1.0407908517821864,11.878456137839452,18.44977214147321,281.67032611934206,323.23114546488904,1.9112720817853996,21.555183932492145,164.20363791925948,164.20363791925948,72.52691125995443,0.15522251940256504,3.4093157025310425,9.844779029880364,6.590685846751929,151.0703111515872,140.15838607113545,0.9999999999999996,0.06188795763112594,0.9999999999999996,0.5368982834716387,0.9999999999999996,2.7266650910133996,0.9999999999999996,2.7266650910133996
7683.0,18.80282785783257,192.94425371855047,52.32518419624854,305.5623676235881,1.0400122578309416,9.993748493708507,22.111791430544358,281.67529517525514,322.9300649066662,1.8431651619865088,22.720120618163467,164.20363791925948,164.20363791925948,73.16469712783386,0.15521983529732084,3.412994056494686,9.844781713985608,6.587007492788284,158.21030437474673,138.08782410209966,0.9999999999999996,0.05968262108743361,0.9999999999999996,0.5659146216689328,0.9999999999999996,2.7266650910133996,0.9999999999999996,2.7266650910133996
7702.5,20.835413826083435,192.94588999136286,54.40498219132325,305.56761012298887,1.9380918381927192,8.443722296399054,26.26854521922671,281.6801493355903,318.9213912408829,1.7823391755780271,23.226110033399983,164.20363791925948,164.20363791925948,73.47244311526025,0.1552172133441813,4.909602666651994,9.844784335938746,5.090398882630985,165.6237794003966,136.02496963403328,0.9999999999999996,0.05771304485305306,0.9999999999999996,0.5785178473869836,0.9999999999999996,2.7266650910133996,0.9999999999999996,2.7266650910133996
7722.0,21.378697998402927,192.94748841648453,55.17912726214307,305.5727314040994,1.9357859719818213,7.2176956844397795,30.71476480300625,281.68489125691497,318.3942275615016,1.728015563292061,23.423506616738475,164.20363791925948,164.20363791925948,73.46331053294838,0.15521465210198898,4.909441451325986,9.844786897180942,5.090560097956993,172.9917344506009,133.97393988856606,0.9999999999999996,0.055954018784727395,0.9999999999999996,0.5834346176214444,0.9999999999999996,2.7266650910133996,0.9999999999999996,2.7266650910133996
7741.5,23.392090840403483,192.94904986962862,57.163892980039684,305.57773426968265,2.883584075465327,6.250796177678573,35.32970669131442,281.6895235343761,314.9091451606444,1.6794990226869084,23.262236094477668,164.20363791925948,164.20363791925948,73.20431735576729,0.15521215016309461,5.895471721602051,9.844789399119842,4.104529827680928,180.22495622289506,131.9382975428844,0.9999999999999996,0.05438302863738237,0.9999999999999996,0.5794176782695197,0.9999999999999996,2.7266650910133996,0.9999999999999996,2.7266650910133996
7761.0,23.888661047053596,192.95057520623334,57.85427772833201,305.58262145770055,2.880766883444758,5.491821034221356,39.952451610416716,281.69404870311973,314.45397399901094,1.6361686048014634,22.937380365594457,164.20363791925948,164.20363791925948,72.74851516935088,0.15520970615257434,5.893495263194472,9.844791843130364,4.106506286088506,187.14432623773806,129.9211126737224,0.9999999999999996,0.0529799677692885,0.9999999999999996,0.5713261452183722,0.9999999999999996,2.7266650910133996,0.9999999999999996,2.7266650910133996
7780.5,25.799484033444628,192.95206526193203,59.646571976440136,305.5873956428123,3.8710386818827627,4.887849942926679,44.51208604064968,281.6984692396783,311.339893169782,1.5974697629305685,22.422918746638167,164.20363791925948,164.20363791925948,72.15040975513926,0.1552073187274623,6.5853230886738805,9.844794230555479,3.4146784606091045,193.72259880946598,127.92501801600048,0.9999999999999996,0.051726879677381495,0.9999999999999996,0.5585118931574882,0.9999999999999996,2.7266650910133996,0.9999999999999996,2.7266650910133996
7800.0,26.25254323550514,192.95352085301238,60.263969076897304,305.59205943783746,3.8679251558203225,4.404119469057553,48.912233122247436,281.70278756332544,310.94245543709025,1.562907251675533,21.8244856244702,164.20363791925948,164.20363791925948,71.44611632773596,0.15520498657600693,6.583426722811302,9.844796562706932,3.4165748264716838,199.85970713914955,125.95225825261332,0.9999999999999996,0.050607728064923044,0.9999999999999996,0.5436060720301522,0.9999999999999996,2.7266650910133996,0.9999999999999996,2.7266650910133996
7819.5,28.036705099624708,192.9549427766375,61.83561404789724,305.59661539445887,4.911768373428682,4.010112236131442,53.12694134643965,281.7070060367271,308.083169036866,1.5320388080926133,21.147214021695103,164.20363791925948,164.20363791925948,70.66729693820122,0.1552027084173044,7.098947737526331,9.844798840865636,2.9010538117566633,205.56513380373406,124.00473416009133,0.9999999999999996,0.04960819223388952,0.9999999999999996,0.5267365355830097,0.9999999999999996,2.7266650910133996,0.9999999999999996,2.7266650910133996
7839.0,28.521467937061292,192.95633181219705,62.48546211136958,305.6010660075432,4.907979025696244,3.6866453132949872,57.10240355120135,281.71112696994135,307.6749636786013,1.504469394960206,20.41458630430118,164.20363791925948,164.20363791925948,69.83409525433989,0.15520048299912417,7.097255579188235,9.844801066283816,2.9027459700947595,210.7829792654902,122.08404107940285,0.9999999999999996,0.04871548067904926,0.9999999999999996,0.5084881845077209,0.9999999999999996,2.7266650910133996,0.9999999999999996,2.7266650910133996
7858.5,30.22522945590894,192.95768871833573,63.920255653623954,305.605413705614,5.989754690594882,3.4171209740752717,60.83493179586585,281.71515261159794,304.9854851746982,1.4798464563533207,19.660201413895503,164.20363791925948,164.20363791925948,68.96390863940414,0.15519830910254587,7.4900351426079945,9.844803240180399,2.509966406674992,215.53600855231602,120.19150683843232,0.9999999999999996,0.047918177461061986,0.9999999999999996,0.489697903988462,0.9999999999999996,2.7266650910133996,0.9999999999999996,2.7266650910133996
7878.0,30.70126528848609,192.9590142424353,64.54930952589756,305.6096608812283,5.985645756479925,3.1909511854597974,64.29739085131843,281.71908517702406,304.59624881696095,1.4578546043704248,18.880503468724047,164.20363791925948,164.20363791925948,68.06797749551049,0.15519618552732897,7.488608752836407,9.844805363755619,2.5113927964465783,219.79782768752926,118.32821472137785,0.9999999999999996,0.047206070160004124,0.9999999999999996,0.47027712383181974,0.9999999999999996,2.7266650910133996,0.9999999999999996,2.7266650910133996
7897.5,32.25930732306374,192.9603091079857,65.80162963598595,305.6138098505043,7.0590891039984935,2.998774674599856,67.49890839103674,281.72292681077033,302.1366938586696,1.438212726064152,18.11537802458493,164.20363791925948,164.20363791925948,67.15619204076185,0.15519411111099593,7.786063158092396,9.844807438171943,2.213938391190588,223.60001661767345,116.49504306234826,0.9999999999999996,0.04657005619632041,0.9999999999999996,0.45121931672215565,0.9999999999999996,2.7266650910133996,0.9999999999999996,2.7266650910133996
7917.0,32.721221294301266,192.96157402529596,66.40456135559185,305.6178628874362,7.0548110238309745,2.834510924389461,70.42900852655248,281.7266796183842,301.7677158431888,1.4206694886593028,17.34485613438201,164.20363791925948,164.20363791925948,66.23504754972198,0.15519208471280768,7.7848977190448645,9.844809464570133,2.2151038302381187,226.9359653789793,114.69268058218775,0.9999999999999996,0.04600199728750724,0.9999999999999996,0.4320270944927886,0.9999999999999996,2.7266650910133996,0.9999999999999996,2.7266650910133996
7936.5,34.14176752227521,192.9628096863193,67.49155131525299,305.62182220730716,8.116842098933283,2.69264897837539,73.10289410639805,281.7303456510502,299.50036011012986,1.405000565490029,16.608661830188282,164.20363791925948,164.20363791925948,65.31037205348552,0.15519010522179513,8.017355835926558,9.84481144406114,1.9826457133564277,229.84059656271154,112.92165379563556,0.9999999999999996,0.04549462962255421,0.9999999999999996,0.4136899065819309,0.9999999999999996,2.7266650910133996,0.9999999999999996,2.7266650910133996
7956.0,34.60255355672023,192.96401676864483,68.08651289742309,305.6256899794737,8.112356496369605,2.5695514390768377,75.51947278123166,281.73392691742976,299.13892966715264,1.391005516194171,15.877362121413997,164.20363791925948,164.20363791925948,64.38603190881186,0.15518817154884743,8.016379088604536,9.844813377734082,1.9836224606784436,232.31851651577188,111.18234289845356,0.9999999999999996,0.0450414628410573,0.9999999999999996,0.3954746336539013,0.9999999999999996,2.7266650910133996,0.9999999999999996,2.7266650910133996
7975.5,36.114608769958174,192.9651959325092,69.17928047031836,305.62946831778805,9.34740746862561,2.4618363445325038,77.69587150039301,281.7374253747901,296.6724458265536,1.378505426653145,15.184993494118858,164.20363791925948,164.20363791925948,63.4655626668282,0.15518628263474413,8.232224376628514,9.844815266648185,1.767777172654473,234.40403612154273,109.4750029314084,0.9999999999999996,0.04463670361327763,0.9999999999999996,0.37822905928587053,0.9999999999999996,2.7266650910133996,0.9999999999999996,2.7266650910133996
7995.0,36.66377806478624,192.96634782482843,69.8807028637607,305.6331592935087,9.341741524707324,2.3673210713994357,79.63306627733877,281.7408429409603,296.2457555948836,1.3673404152878774,14.492753589891578,164.20363791925948,164.20363791925948,62.551232046402426,0.1551844374404518,8.231251845111734,9.844817111842477,1.768749704171251,236.10254172335118,107.79977519891948,0.9999999999999996,0.044275174892741284,0.9999999999999996,0.36098669116253673,0.9999999999999996,2.7266650910133996,0.9999999999999996,2.7266650910133996
8014.5,37.94472874987266,192.9674730754782,70.75111693806726,305.63676492338067,10.485403848573643,2.283833299741544,81.34802193707709,281.74418148329454,294.0993476969588,1.3573677941743418,13.849280950848947,164.20363791925948,164.20363791925948,61.645240175518154,0.1551826349547039,8.393220441722612,9.84481891432823,1.6067811075603704,237.4458574689176,106.15670587732822,0.9999999999999996,0.04395225637222943,0.9999999999999996,0.3449590220670214,0.9999999999999996,2.7266650910133996,0.9999999999999996,2.7266650910133996
8034.0,38.479359720887444,192.96857230174655,71.42595144706307,305.6402871838958,10.479774541925702,2.2098961645699298,82.8471304249937,281.7474428318752,293.689280232018,1.3484600479456754,13.214996182447127,164.20363791925948,164.20363791925948,60.74903892719523,0.15518087418638038,8.392447016867152,9.844820675096559,1.6075545324158278,238.4470083229125,104.54575346650076,0.9999999999999996,0.043663819039605624,0.9999999999999996,0.3291602052045122,0.9999999999999996,2.7266650910133996,0.9999999999999996,2.7266650910133996
8053.5,39.63052871914409,192.969646104707,72.1474034946319,305.64372799966895,11.621144808794252,2.144052326117568,84.14716365665188,281.750628768751,291.6771828470501,1.340503372318273,12.631076235306383,164.20363791925948,164.20363791925948,59.86401736987298,0.15517915417009592,8.527069598931991,9.844822395112837,1.4729319503509972,239.13615130361262,102.96680459924963,0.9999999999999996,0.04340617785455085,0.9999999999999996,0.31461587942716923,0.9999999999999996,2.7266650910133996,0.9999999999999996,2.7266650910133996
8073.0,40.20664675954196,192.97069507340348,72.86458385013731,305.6470892568456,11.614974519083072,2.0853040855981835,85.25612221943321,281.7537410403491,291.2383996640995,1.3333960646819343,12.05650842883925,164.20363791925948,164.20363791925948,58.99106463903775,0.15517747396203388,8.526409393139993,9.844824075320902,1.4735921561430025,239.5280481406117,101.41967900200491,0.9999999999999996,0.04317603963505767,0.9999999999999996,0.3003044975342381,0.9999999999999996,2.7266650910133996,0.9999999999999996,2.7266650910133996
8092.5,41.13348444862435,62.58878430238052,73.38934394126314,18.8510732184606,12.651113646785817,2.0340274471336914,86.17408077622467,635.6023811556292,289.52531116491673,1.7032815663860439,11.532679050497366,164.20363791925948,164.20363791925948,58.14634104652338,2.0195885681754127,8.630440807732551,7.980412981107521,1.3695607415504525,239.64965763907733,99.93183586874176,0.9999999999999996,0.05515311944278856,0.9999999999999996,0.2872569125567873,0.9999999999999996,2.7266650910133996,0.9999999999999996,2.7266650910133996
8112.0,41.71370140392179,52.33928459515272,74.09757440212587,18.786872972187474,12.644989434713173,2.013327130189891,86.51684150670303,640.7760700136381,289.0878435611488,3.3116002945666385,11.021021758291806,164.20363791925948,164.20363791925948,57.72418482537211,2.0410009758375005,8.629997445614197,7.959000573445434,1.3700041036688033,239.51781834760675,99.1964554118577,0.9999999999999996,0.1072312941074897,0.9999999999999996,0.27451251089585693,0.9999999999999996,2.7266650910133996,0.9999999999999996,2.7266650910133996
8131.5,42.65715280885016,42.72887974513715,74.55521039036073,8.616664203152373,13.886709115112977,2.028171333981286,86.16787776224645,657.1256332680509,287.1764421378984,4.953789138813676,10.55594546609396,164.20363791925948,164.20363791925948,57.8555973518991,3.4562105590072725,8.73648413823072,6.5437909902756495,1.2635174110522966,239.15656611291035,99.43932038484995,0.9999999999999996,0.1604062002779026,0.9999999999999996,0.26292835259099634,0.9999999999999996,2.7266650910133996,0.9999999999999996,2.7266650910133996
8151.0,43.44389929152388,38.98215302087027,75.48562604655422,8.613835033413567,13.878433157532475,2.0939239008852164,84.9092941364045,659.062064599407,286.5833802680762,7.563063398851624,10.09269696277005,164.20363791925948,164.20363791925948,58.76643212267925,3.5868410700015056,8.736370659539693,6.413160479281415,1.26363088974331,238.5791156522798,101.06098153421999,0.9999999999999996,0.24489582181957667,0.9999999999999996,0.2513897210008248,0.9999999999999996,2.7266650910133996,0.9999999999999996,2.7266650910133996
8170.5,44.35730547300712,36.94801136480562,75.83876321534545,6.427927564720128,15.39308256436638,2.217720997070785,82.68057828651565,662.7532589154968,284.4401159919038,9.961117714031314,9.673597101060354,164.20363791925948,164.20363791925948,60.52877738819047,4.145560013914016,8.844183945023083,5.854441535368906,1.1558176042599053,237.8046892095945,104.19299407638366,0.9999999999999996,0.32254603461206544,0.9999999999999996,0.24095074738501843,0.9999999999999996,2.7266650910133996,0.9999999999999996,2.7266650910133996
8190.0,45.46517986968806,35.45086098861805,77.07548113133676,6.426951580798944,15.382547505286876,2.409497709569063,79.48756383565528,663.5584556865309,283.61197827229313,12.644655107399739,9.247142373860415,164.20363791925948,164.20363791925948,63.1432236537036,4.284398612811716,8.845666515597083,5.715602936471206,1.154335033685904,236.84395429912132,108.85283616557399,0.9999999999999996,0.4094403340083012,0.9999999999999996,0.2303285781783398,0.9999999999999996,2.7266650910133996,0.9999999999999996,2.7266650910133996
8209.5,45.960972134445335,35.08462334291507,77.21730343257816,5.957739291684113,16.589054741207832,2.68117662361307,75.37807999921546,664.2537070150104,282.08001108495824,15.06281880739596,8.864610913558591,164.20363791925948,164.20363791925948,66.5709726088849,4.409159938000125,8.913172207581265,5.590841611282797,1.0868293417017252,235.7119070889567,114.99587961793567,0.9999999999999996,0.48774169886196117,0.9999999999999996,0.220800453294174,0.9999999999999996,2.7266650910133996,0.9999999999999996,2.7266650910133996
8229.0,47.02618053166653,34.63731539278796,78.28493804339644,5.956924974985033,16.584280716275416,3.048106980465873,70.46646506594487,664.4564346500741,281.3046247127458,17.37168836733062,8.485466949687044,164.20363791925948,164.20363791925948,70.70629492768387,4.471303832742695,8.920280101008071,5.528697716540227,1.0797214482749244,234.42284309554378,122.47204479745359,0.9999999999999996,0.5625040641279007,0.9999999999999996,0.21135670444801274,0.9999999999999996,2.7266650910133996,0.9999999999999996,2.7266650910133996
8248.5,47.12536902592576,36.82110095887182,78.31762973374201,10.439670094637863,17.199603005467473,3.5338454144355427,64.86998427613601,658.0145421327378,280.64124025228955,19.40885131473411,8.146717252332124,164.20363791925948,164.20363791925948,75.44080311630599,3.6853795490197916,8.936430014182989,6.314622000263136,1.0635715351000108,232.99150416124954,131.14046677194148,0.9999999999999996,0.6284684317227196,0.9999999999999996,0.20291909929437554,0.9999999999999996,2.7266650910133996,0.9999999999999996,2.7266650910133996
8268.0,47.888120867026025,41.66496563146829,78.94738486799176,10.448891948321425,17.260787905645152,4.146348626646554,58.93032974803712,655.0029335386376,280.04559790945984,20.139937626214024,7.82462220197353,164.20363791925948,164.20363791925948,80.44297821370084,3.1557111088288865,8.958188549738622,6.844290440454041,1.0418129995443743,231.4347832081482,140.46385786002455,0.9999999999999996,0.6521413766167293,0.9999999999999996,0.1948963294495976,0.9999999999999996,2.7266650910133996,0.9999999999999996,2.7266650910133996
8287.5,47.90266236518152,43.12914930478908,78.96448290492678,20.128589914340335,17.262027262124718,4.89842242761807,52.947032591705174,644.1344284520159,280.05827287359125,20.75258502480045,7.536669339142621,164.20363791925948,164.20363791925948,85.4223634613743,2.747514808825857,8.95825457981341,7.25248674045707,1.0417469694695816,229.76774854894182,149.98116789440846,0.9999999999999996,0.6719792095489814,0.9999999999999996,0.1877239760027957,0.9999999999999996,2.7266650910133996,0.9999999999999996,2.7266650910133996
8307.0,49.75083265741605,54.07234274648716,80.34392463779538,20.34272289869337,18.79370414073096,5.798369417364663,47.161986451758644,637.5962195624734,277.20754422046423,20.249398056959528,7.241394024294102,164.20363791925948,164.20363791925948,90.14272797782843,1.9147977743465383,9.03496504890563,8.085203774936392,0.9650365003773622,227.99980342141208,159.31391312391048,0.9999999999999996,0.6556857607809842,0.9999999999999996,0.18036923432254742,0.9999999999999996,2.7266650910133996,0.9999999999999996,2.7266650910133996
8326.5,49.78274329443324,54.08296582209469,80.38219110125719,20.342227082939978,18.794897343734792,6.847060833942434,41.7908245506927,637.5730914884259,277.2068710549143,19.765133516962592,6.9753703315652675,164.20363791925948,164.20363791925948,94.39244923968845,1.91483324388333,9.03501851507728,8.085168305399602,0.9649830342057135,226.13760774699583,168.11213286565754,0.9999999999999996,0.6400050298064643,0.9999999999999996,0.17374309443730152,0.9999999999999996,2.7266650910133996,0.9999999999999996,2.7266650910133996
8346.0,50.806317383106126,64.51051038735186,81.1347125218706,30.6451138267136,19.669967177012055,8.05277474923387,36.903628744400685,621.4941721782229,275.6192223134854,18.87685824386378,6.719437133407202,164.20363791925948,164.20363791925948,98.10902893213314,1.3585257012718752,9.073973979082878,8.641475848011059,0.9260275702001133,224.19375428975712,176.28579230341734,0.9999999999999996,0.6112422267549161,0.9999999999999996,0.16736828941569643,0.9999999999999996,2.7266650910133996,0.9999999999999996,2.7266650910133996
8365.5,50.82707458934447,64.51422452279567,81.15920630855766,30.644944839283102,19.671359119700544,9.409521105977987,32.56571993032394,621.4875698753474,275.62705597734964,18.050953583022682,6.488676921810761,164.20363791925948,164.20363791925948,101.23282748575147,1.358531300334294,9.074032411265481,8.641470248948641,0.9259691380175115,222.1776771152301,183.72591089677655,0.9999999999999996,0.5844990157047469,0.9999999999999996,0.1616204952011955,0.9999999999999996,2.7266650910133996,0.9999999999999996,2.7266650910133996
8385.0,51.925315931815526,73.60445043368624,81.95691495080649,41.09894936457243,20.633235934001764,10.910230050237871,28.77265243886611,606.1806699862656,273.90324447511955,17.07206918661062,6.265068672298286,164.20363791925948,164.20363791925948,103.77462864098517,1.0492305492620804,9.113372987455072,8.950771000020838,0.886628561827916,220.09990083586402,190.43865569831266,0.9999999999999996,0.5528022433674831,0.9999999999999996,0.15605084264293664,0.9999999999999996,2.7266650910133996,0.9999999999999996,2.7266650910133996
8404.5,51.95046572437035,73.60657936881971,81.98669231333828,41.099146961571776,20.63464677127006,12.528909216844172,25.517000844732873,606.1817154272857,273.9072608564747,16.16761174964588,6.062146095293585,164.20363791925948,164.20363791925948,105.74594012720819,1.0492256080713023,9.113427131766624,8.950775941211619,0.8865744175163642,217.9672042759077,196.3999744085274,0.9999999999999996,0.5235154536573849,0.9999999999999996,0.15099643050650216,0.9999999999999996,2.7266650910133996,0.9999999999999996,2.7266650910133996
8424.0,53.13286466573567,82.9377425809806,82.83451520908548,53.258442040792126,21.69702084811553,14.237945097631691,22.751329617029565,589.1434078895622,272.02763212695965,15.207192950390088,5.864253204473456,164.20363791925948,164.20363791925948,107.19958263375277,0.8295517943681583,9.153162498606786,9.170449754914767,0.8468390506762116,215.78852969980025,201.65172452936292,0.9999999999999996,0.49241660670465,0.9999999999999996,0.146067298204717,0.9999999999999996,2.7266650910133996,0.9999999999999996,2.7266650910133996
8443.5,53.163664313521934,82.94054959809522,82.87107847726597,53.25913257672318,21.69845156891768,15.99128074933527,20.433550690198807,589.1484989610066,272.026848933351,14.309285479453417,5.68323381535716,164.20363791925948,164.20363791925948,108.18043181811501,0.8295414633382452,9.153212436760537,9.170460085944676,0.8467891125224585,213.5685060120675,206.19194448998562,0.9999999999999996,0.4633419082106029,0.9999999999999996,0.1415584524627365,0.9999999999999996,2.7266650910133996,0.9999999999999996,2.7266650910133996
8463.0,54.44101445518705,89.41190411593126,83.77416246648208,62.54140759796289,22.87807041013554,17.753589132853357,18.497171755183818,576.5252003759572,269.96798295904284,13.43297914444826,5.505781610129695,164.20363791925948,164.20363791925948,108.75961661019626,0.7152286673893852,9.193353178762191,9.284772881893552,0.8066483705208015,211.31483250144476,210.08008471857917,0.9999999999999996,0.4349666654340615,0.9999999999999996,0.13713845842866715,0.9999999999999996,2.7266650910133996,0.9999999999999996,2.7266650910133996
8482.5,54.479113553207306,89.41419054048038,83.81947794285031,62.542413802061,22.879524395057203,19.484726303659603,16.885437399490442,576.5325057189108,269.9611024686774,12.624429505950765,5.341925820462561,164.20363791925948,164.20363791925948,108.99563360576596,0.7152176715149056,9.193399082076633,9.28478387776803,0.806602467206358,209.03040047028915,213.34662050430657,0.9999999999999996,0.4087854187937343,0.9999999999999996,0.13305712502484668,0.9999999999999996,2.7266650910133996,0.9999999999999996,2.7266650910133996
8502.0,55.86413831478324,97.91337671827318,84.78358132826841,75.79051176393266,24.19709285396575,21.155848152919447,15.541271252350711,558.9283659010752,267.6945024841117,11.831074689928863,5.180706731264959,164.20363791925948,164.20363791925948,108.94961689743975,0.5976708479540027,9.233956597255402,9.402330701328937,0.7660449520275926,206.72194792310003,216.045170617544,0.9999999999999996,0.38309618819787505,0.9999999999999996,0.12904146677186484,0.9999999999999996,2.7266650910133996,0.9999999999999996,2.7266650910133996
8521.5,55.91183706099428,97.91655098154301,84.84038649178092,75.79209465982932,24.19857761618776,22.734789198473496,14.421357428960405,558.9368928216501,267.6797039109769,11.090615731834195,5.030225618552823,164.20363791925948,164.20363791925948,108.66578076231886,0.5976587102915338,9.233998748821705,9.402342838991405,0.7660028004612901,204.39096667512914,218.19574254958275,0.9999999999999996,0.3591197522613741,0.9999999999999996,0.1252932709149851,0.9999999999999996,2.7266650910133996,0.9999999999999996,2.7266650910133996
8541.0,57.419740234785735,103.29637405007146,85.87204190688577,84.79902130656761,25.68000174800719,24.20766546681569,13.482488067590976,547.192297974457,265.17023654974344,10.395675601893597,4.88188228874472,164.20363791925948,164.20363791925948,108.19093809415669,0.5375913678485446,9.274985312752223,9.462410181434402,0.7250162365307674,202.04344302186823,219.8530160495812,0.9999999999999996,0.33661723902539514,0.9999999999999996,0.12159832312943727,0.9999999999999996,2.7266650910133996,0.9999999999999996,2.7266650910133996
8560.5,57.480164605018295,103.29932442013104,85.94404800567223,84.80089784101946,25.681535147006592,25.562232980132148,12.691648646404307,547.201477749699,265.1450315296606,9.755967715231264,4.741744412466292,164.20363791925948,164.20363791925948,107.55832845385005,0.5375797842189233,9.275024231558856,9.462421765064025,0.7249773177241348,199.67975064940202,221.05185509752368,0.9999999999999996,0.3159031737892868,0.9999999999999996,0.11810775745118146,0.9999999999999996,2.7266650910133996,0.9999999999999996,2.7266650910133996
8580.0,59.129156602501624,109.76670108829886,87.05050913249276,96.26698654985039,27.35966897151246,26.79567672162002,12.020614042807823,532.453787115059,262.34893020432685,9.153305425359001,4.603596978991976,164.20363791925948,164.20363791925948,106.79942336061463,0.47660236925692134,9.316453106515207,9.523399180026033,0.6835484427677806,197.30528032522867,221.83984492705648,0.9999999999999996,0.296388663732377,0.9999999999999996,0.11466676988500404,0.9999999999999996,2.7266650910133996,0.9999999999999996,2.7266650910133996
8599.5,59.20669976284413,109.77124674722317,87.14291751276879,96.26955063261,27.361289472617894,27.90326097808762,11.448859544570555,532.462299009481,262.30980266778636,8.592906446606856,4.471374232830669,164.20363791925948,164.20363791925948,105.93443961286721,0.4765897414201218,9.316489689102486,9.52341180786283,0.6835118601805082,194.91952074651792,222.24269248060133,0.9999999999999996,0.27824266108625395,0.9999999999999996,0.11137335491474708,0.9999999999999996,2.7266650910133996,0.9999999999999996,2.7266650910133996
8619.0,59.209424791027104,117.74549842869739,87.14510241618983,111.36907656005023,27.363388193451602,28.887728185610726,10.958676339237668,513.3275097204953,262.3295862531149,8.063506271622272,4.35326651996704,164.20363791925948,164.20363791925948,104.98497468569249,0.4146536274144487,9.316538541485079,9.585347921868507,0.6834630077979128,192.52892918838123,222.30081512461896,0.9999999999999996,0.2611004153999408,0.9999999999999996,0.10843151834773652,0.9999999999999996,2.7266650910133996,0.9999999999999996,2.7266650910133996
8638.5,59.21151835226554,117.75385952255097,87.14655131519055,111.37324587619686,27.36544245807303,29.745055060235945,10.538804026449514,513.3333100579699,262.3493648192667,7.565248338076785,4.247762020225796,164.20363791925948,164.20363791925948,103.96621755984391,0.41463770143431034,9.316586360864601,9.585363847848646,0.6834151884183909,190.14002921092532,222.0327539316869,0.9999999999999996,0.2449665712578602,0.9999999999999996,0.10580360364345875,0.9999999999999996,2.7266650910133996,0.9999999999999996,2.7266650910133996
8658.0,60.99360513788157,117.7550629117474,88.29966765373202,111.3755962308905,29.282936655503672,30.48329765129893,10.176846238119337,513.3441883022615,259.2338844197301,7.120276248768887,4.142665717031674,164.20363791925948,164.20363791925948,102.89321089870342,0.4146293118309054,9.358467784067955,9.585372237452043,0.6415337652150346,187.7572150901195,221.47686521011377,0.9999999999999996,0.23055814972930633,0.9999999999999996,0.10318585633214575,0.9999999999999996,2.7266650910133996,0.9999999999999996,2.7266650910133996
8677.5,61.12363509382991,117.75623692880946,88.45488193401185,111.37789187771594,29.28447570187338,31.115597482525715,9.861254306691334,513.3548162658426,259.151679893356,6.722878385235447,4.03760323340333,164.20363791925948,164.20363791925948,101.77581022851498,0.4146211180650734,9.35849816542285,9.585380431217875,0.6415033838601389,185.37767529915018,220.67133645327317,0.9999999999999996,0.21769020571681225,0.9999999999999996,0.1005689514013418,0.9999999999999996,2.7266650910133996,0.9999999999999996,2.7266650910133996
8697.0,63.08454795796407,127.9077040121722,89.68623090902956,132.17250208386992,31.49636381439959,31.65086861196025,9.584283675233136,487.43534804953345,255.63221429572386,6.344499154845654,3.9339401075918095,164.20363791925948,164.20363791925948,100.62359765931508,0.35168771935717014,9.40085032645465,9.648313829925783,0.5991512228283434,183.00446116621276,219.64688126560256,0.9999999999999996,0.20543809467410473,0.9999999999999996,0.09798690178943317,0.9999999999999996,2.7266650910133996,0.9999999999999996,2.7266650910133996
8716.5,63.25890437395468,127.94246118041931,89.89389772767642,132.18797818699048,31.498287498686125,32.08946302620781,9.341597307339775,487.41679235347954,255.51425596708492,5.974770305469935,3.8288698249315383,164.20363791925948,164.20363791925948,99.43914419179315,0.3516434268629079,9.400884100309,9.648358122420046,0.5991174489739973,180.63464012050918,218.4083533808674,0.9999999999999996,0.19346608734807574,0.9999999999999996,0.09536980259970443,0.9999999999999996,2.7266650910133996,0.9999999999999996,2.7266650910133996
8736.0,63.26207265841546,127.94379707099824,89.89653663134825,132.19081412467983,31.5005869366994,32.438956269332586,9.128216053071109,487.42729291150204,255.5322322846686,5.644573876261062,3.7350152953369165,164.20363791925948,164.20363791925948,98.22967933184846,0.3516361465213432,9.400925225138858,9.648365402761614,0.599076324144142,178.27194896538555,216.98033715871878,0.9999999999999996,0.18277415980119377,0.9999999999999996,0.09303206630419397,0.9999999999999996,2.7266650910133996,0.9999999999999996,2.7266650910133996
8755.5,63.26421609490448,127.94510080881916,89.89797402709083,132.19358404329535,31.502835601293473,32.708563881551136,8.939616417907063,487.43755189615524,255.55055233572563,5.34967744860049,3.6511747551691767,164.20363791925948,164.20363791925948,97.00268419673849,0.35162903609407237,9.40096543996609,9.648372513188884,0.599036109316913,175.9212989481032,215.3905580464415,0.9999999999999996,0.17322526417583659,0.9999999999999996,0.0909437592759463,0.9999999999999996,2.7266650910133996,0.9999999999999996,2.7266650910133996
8775.0,63.266307870982374,141.36779858267334,89.89937564296507,162.60258239075515,31.505032361808922,32.90594274184562,8.772304046072504,450.26718452180523,255.56845116112333,5.068662123527845,3.576279898444577,164.20363791925948,164.20363791925948,95.76422389983968,0.28778636136844254,9.401004721340469,9.712215187914515,0.5989968279425308,173.58695891136128,213.66180194452926,0.9999999999999996,0.1641258456798855,0.9999999999999996,0.0890782720621871,0.9999999999999996,2.7266650910133996,0.9999999999999996,2.7266650910133996
8794.5,63.26835059930223,141.57574101572638,89.90074400539628,162.7364569717811,31.507178414978473,33.02688525831613,8.626099994338677,450.0436178110254,255.58593737250195,4.779089886466338,3.509372633709108,164.20363791925948,164.20363791925948,94.51669981850301,0.28753178313093514,9.401043091017788,9.712469766152024,0.5989584582652066,171.27261929321276,211.79106956367283,0.9999999999999996,0.15474935004161297,0.9999999999999996,0.08741174044265837,0.9999999999999996,2.7266650910133996,0.9999999999999996,2.7266650910133996
8814.0,65.12495482211715,141.57725250850027,90.85739489711615,162.74001261816346,34.08700056280232,33.076183748920215,8.498890508833286,450.0534983245561,251.81661385273011,4.520473660625916,3.444408543450824,164.20363791925948,164.20363791925948,93.26395817773314,0.28752568068385165,9.443848346284698,9.712475868599105,0.5561532029983081,168.9811569291636,209.79270553949104,0.9999999999999996,0.14637522571883077,0.9999999999999996,0.08579360957185692,0.9999999999999996,2.7266650910133996,0.9999999999999996,2.7266650910133996
8833.5,65.6698253607904,141.57873031793054,91.49074165397035,162.74348688343804,34.09045540200276,33.06561606044949,8.386840125565298,450.0631490388192,251.403387475747,4.289501053980713,3.369024592332375,164.20363791925948,164.20363791925948,92.00705160931523,0.2875197180081627,9.443906511099364,9.712481831274797,0.5560950381836398,166.70795081840893,207.68801537926709,0.9999999999999996,0.13889621578077108,0.9999999999999996,0.0839159399549535,0.9999999999999996,2.7266650910133996,0.9999999999999996,2.7266650910133996
8853.0,65.67447389356485,141.5801739334363,91.49517403512885,162.74688079716663,34.092735953855005,33.00387218781667,8.287440307741088,450.0725765579358,251.41821162586837,4.083232340144893,3.3016852342923455,164.20363791925948,164.20363791925948,90.74855664773791,0.2875138934740274,9.443941656702386,9.712487655808937,0.5560598925806157,164.45311387375853,205.49570759202362,0.9999999999999996,0.13221713039876035,0.9999999999999996,0.08223864572007225,0.9999999999999996,2.7266650910133996,0.9999999999999996,2.7266650910133996
8872.5,65.67652401734344,141.58158417521145,91.49652865944677,162.75019628331805,34.09496107093656,32.89738050604714,8.199020779717484,450.08178622313363,251.43468591676705,3.8990080683968067,3.2415259800839196,164.20363791925948,164.20363791925948,89.49207495743269,0.2875082037628775,9.443975940163291,9.712493345520084,0.5560256091197077,162.2198532412007,203.2324374472754,0.9999999999999996,0.12625185521202703,0.9999999999999996,0.0807401940983837,0.9999999999999996,2.7266650910133996,0.9999999999999996,2.7266650910133996
8892.0,67.31571089324925,141.5829617920863,92.11207883676421,162.75343510007636,37.130899900434464,32.75189987257845,8.120167777161916,450.09078291824744,247.4019848370411,3.734485729924303,3.18497227134156,164.20363791925948,164.20363791925948,88.24064092602443,0.28750264584167035,9.487009207345,9.712498903441288,0.5129923419380021,160.01086002856525,200.91280646947845,0.9999999999999996,0.12092453859928778,0.9999999999999996,0.07933154969790805,0.9999999999999996,2.7266650910133996,0.9999999999999996,2.7266650910133996
8911.5,68.40650279391646,141.5843075576648,93.27040462018547,162.75659906398948,37.1495535820751,32.57561673002903,8.048629521266854,450.09957168923086,246.56819047338644,3.58754562217564,3.114455561301077,164.20363791925948,164.20363791925948,86.9938791152648,0.28749721657781946,9.487350935969019,9.712504332705143,0.5126506133139913,157.82177164003915,198.54978513432482,0.9999999999999996,0.11616654351877187,0.9999999999999996,0.07757511371965911,0.9999999999999996,2.7266650910133996,0.9999999999999996,2.7266650910133996
8931.0,68.4126229403072,155.95073159606545,93.27654403266271,206.025480732467,37.1519636114899,32.37454999434637,7.982940488580869,399.6014746058047,246.58086695363968,3.450664658723652,3.0514512460874954,164.20363791925948,164.20363791925948,85.75248072871047,0.2290116591664286,9.487382521050861,9.770989890116526,0.5126190282321453,155.65130228740648,196.1545158554907,0.9999999999999996,0.1117342686232421,0.9999999999999996,0.0760057970858777,0.9999999999999996,2.7266650910133996,0.9999999999999996,2.7266650910133996
8950.5,68.41468714351535,161.17430589857068,93.2778834730932,212.05904169447712,37.15429459928717,32.14193206119068,7.924711068278942,390.96280457538364,246.59639628961938,3.277159353751873,2.995168231537263,164.20363791925948,164.20363791925948,84.51663234159992,0.2221406693837116,9.487413042741672,9.777860879899238,0.5125885065413359,153.5024358997679,193.71607057892038,0.9999999999999996,0.10611607900743485,0.9999999999999996,0.0746038951584681,0.9999999999999996,2.7266650910133996,0.9999999999999996,2.7266650910133996
8970.0,68.41669153696598,161.17594440655526,93.27917755272765,212.0634115288795,37.15657167769291,31.87511931616077,7.874694338095254,390.97085947548885,246.61157665845008,3.1217437643141657,2.9448898072029324,164.20363791925948,164.20363791925948,83.28712135769781,0.22213619212559838,9.487442854964657,9.777865357157353,0.5125586943183545,151.3777305063969,191.23136699486207,0.9999999999999996,0.10108364353893139,0.9999999999999996,0.07335155605501607,0.9999999999999996,2.7266650910133996,0.9999999999999996,2.7266650910133996
8989.5,68.41864956149341,161.17753566312342,93.28044165359965,212.06766974197026,37.15879619460106,31.579095555877224,7.831913770233735,390.9787435174513,246.62640665906932,2.9829386524328796,2.8999707705185043,164.20363791925948,164.20363791925948,82.06622025672782,0.22213183020391197,9.487471975686239,9.777869719079037,0.5125295735967733,149.27933808573036,188.71245443160683,0.9999999999999996,0.09658906374311911,0.9999999999999996,0.07223270901726403,0.9999999999999996,2.7266650910133996,0.9999999999999996,2.7266650910133996
9009.0,68.42056231240835,161.17908971359637,93.28167650869801,212.07182903996625,37.16096933874691,31.258284719113572,7.795535651586563,390.9864458927748,246.64089417812417,2.858977173369833,2.859841377608682,164.20363791925948,164.20363791925948,80.85586701373244,0.22212756980547219,9.487500420701043,9.77787397947748,0.5125011285819674,147.20909230753762,186.1698970937813,0.9999999999999996,0.09257512829287226,0.9999999999999996,0.071233162818191,0.9999999999999996,2.7266650910133996,0.9999999999999996,2.7266650910133996
9028.5,24.230117759537194,161.18060782188743,59.57497371552065,212.0758921866894,1.3374846757115888,30.684804875113606,7.851578062079229,390.99397022657405,318.3822228057798,2.7482649598248647,5.296005508500098,164.20363791925948,164.20363791925948,79.88955974726186,0.22212340805366254,4.001165735601246,9.77787814122929,5.9988358136817554,145.6975622112363,183.6130208790309,0.9999999999999996,0.0889902107678286,0.9999999999999996,0.13191333814061768,0.9999999999999996,2.7266650910133996,0.9999999999999996,2.7266650910133996
9048.0,20.675422670539152,161.1820908176211,54.72033282289736,212.07986139321343,1.34530222130636,29.529446631228268,8.12477240332595,391.00132059720926,321.2478895121094,2.6493885503003507,7.887209453855092,164.20363791925948,164.20363791925948,79.50140876044931,0.22211934267239888,4.011540550027735,9.77788220661055,5.988460999255267,145.50667224289194,181.0499639392874,0.9999999999999996,0.08578854256909955,0.9999999999999996,0.1964552578358112,0.9999999999999996,2.7266650910133996,0.9999999999999996,2.7266650910133996
9067.5,18.79336123586817,161.18353951290837,52.50483351939674,212.083738830622,0.8392045370608735,27.849845088888035,8.63536846749115,391.00850102533,324.1837510639614,2.5610823979532387,10.634371036518461,164.20363791925948,164.20363791925948,79.63807015650258,0.22211537142754373,2.9531613318911245,9.77788617785541,7.046840217391872,146.5814683582761,178.48785198627914,0.9999999999999996,0.08292914464919657,0.9999999999999996,0.2648817831102195,0.9999999999999996,2.7266650910133996,0.9999999999999996,2.7266650910133996
9087.0,18.370043502432633,161.18495470190805,51.88981112714819,212.08752662203426,0.8395672980579222,25.69766649034236,9.435581568239721,391.01551544263066,324.4267299790782,2.482216064854489,13.21129905740034,164.20363791925948,164.20363791925948,80.25161989384875,0.22211149213463638,2.9489859008702197,9.777890057148316,7.051015648412779,148.92907638112663,175.93289908936384,0.9999999999999996,0.08037541285566863,0.9999999999999996,0.3290681169116164,0.9999999999999996,2.7266650910133996,0.9999999999999996,2.7266650910133996
9106.5,18.114760767185533,161.1863371595125,51.578474023074534,212.0912268391323,0.7765908789538548,23.212363464933695,10.573523425613608,391.02236768555247,324.7274045241951,2.411780236339069,15.573671078726202,164.20363791925948,164.20363791925948,81.20585952382424,0.2221077026624282,2.7907840774201045,9.777893846620511,7.209217471862893,152.40322488228534,173.39050894176626,0.9999999999999996,0.07809466506867457,0.9999999999999996,0.3879102723366681,0.9999999999999996,2.7266650910133996,0.9999999999999996,2.7266650910133996
9126.0,18.04828973369481,161.18768764312486,51.48126087019498,212.0948415069131,0.7763991310040308,20.541904769729747,12.118771842407048,391.0290615040821,324.6626797789026,2.348873423216643,17.70663118377577,164.20363791925948,164.20363791925948,82.35564047141494,0.22210400092799476,2.78912631593729,9.777897548354948,7.210875233345705,156.8784256636076,170.86536456516194,0.9999999999999996,0.07605771061183289,0.9999999999999996,0.44103821699727286,0.9999999999999996,2.7266650910133996,0.9999999999999996,2.7266650910133996
9145.5,17.969215120820387,161.18900689124698,51.39132817362508,212.09837259990167,0.7500314999572755,17.846417022340884,14.149377880939529,391.035600554741,324.6969916847869,2.29269080136872,19.636103243111236,164.20363791925948,164.20363791925948,83.54327148481202,0.22210038490057588,2.720892806626473,9.77790116438235,7.279108742656522,162.22243310174792,168.36150997891548,0.9999999999999996,0.07423848887272719,0.9999999999999996,0.48909766478060374,0.9999999999999996,2.7266650910133996,0.9999999999999996,2.7266650910133996
9165.0,17.94601279150088,161.19029562891265,51.35750111203503,212.1018220566883,0.7497922117019875,15.27328756839686,16.743120650000385,391.0419884275041,324.59860583110776,2.2425129028871655,21.371293196669782,164.20363791925948,164.20363791925948,84.62345651956447,0.22209685258668532,2.7195525752036565,9.777904696696242,7.28044897407934,168.32313270651974,165.88241786974152,0.9999999999999996,0.07261370311624583,0.9999999999999996,0.5323179179911782,0.9999999999999996,2.7266650910133996,0.9999999999999996,2.7266650910133996
9184.5,19.57896149024707,161.19155456074276,53.033104083525,212.10519176133474,1.4748643762068296,12.960860380978398,19.917472065935193,391.04822861136785,321.0341047110228,2.197697904068,22.394296085964083,164.20363791925948,164.20363791925948,85.45964072532908,0.22209340204911107,4.229155438788917,9.777908147233815,5.770846110494078,174.98278264760728,163.4310591453335,0.9999999999999996,0.07116257076591681,0.9999999999999996,0.5577989575855887,0.9999999999999996,2.7266650910133996,0.9999999999999996,2.7266650910133996
9204.0,20.058470867869904,161.1927843764082,53.725588700532306,212.10848355799016,1.4731764652647799,11.014468221718406,23.56128125375295,391.0543245214172,320.539161678809,2.1576723595646725,23.037391302127823,164.20363791925948,164.20363791925948,85.94801033623519,0.22209003139193373,4.23284494649839,9.777911517890994,5.767156602784604,181.844425801851,161.00995615706614,0.9999999999999996,0.06986652337109968,0.9999999999999996,0.5738172258011833,0.9999999999999996,2.7266650910133996,0.9999999999999996,2.7266650910133996
9223.5,22.056064855672272,192.91433479992426,55.730640567679025,305.5005509718304,2.3856184037828423,9.420290218793653,27.58539735233473,281.74551269148554,316.8696103733844,2.0798644750320894,23.20873001073607,164.20363791925948,164.20363791925948,86.09787771890925,0.15525187042173472,5.429100229922074,9.844749678861167,4.57090131936092,188.7754872527569,158.61162235720607,0.9999999999999996,0.06734706467800676,0.9999999999999996,0.5780849443616985,0.9999999999999996,2.7266650910133996,0.9999999999999996,2.7266650910133996
9243.0,22.59729071393454,192.94493318144887,56.49247944475555,305.564535637711,2.382963608145742,8.146430753203157,31.82506638388702,281.67726545169427,316.36322981016804,1.9937303372093342,23.134832290193845,164.20363791925948,164.20363791925948,85.92769352223503,0.15521875089980658,5.427910920014291,9.844782798383092,4.572090629268703,195.53302464856452,156.21373185143517,0.9999999999999996,0.06455799768803187,0.9999999999999996,0.5762442938974832,0.9999999999999996,2.7266650910133996,0.9999999999999996,2.7266650910133996
9262.5,24.515657475194338,192.94654571473805,58.32827783674292,305.5697111036958,3.3413920192253856,7.128563785756549,36.180156827991055,281.6820949783362,313.13096541812826,1.9168022057298137,22.806733902171203,164.20363791925948,164.20363791925948,85.5043117857458,0.15521616259933405,6.246909203569323,9.844785386683562,3.7530923457136733,202.06177944165748,153.82048248236669,0.9999999999999996,0.062067025844191166,0.9999999999999996,0.5680719924274117,0.9999999999999996,2.7266650910133996,0.9999999999999996,2.7266650910133996
9282.0,25.00946303235754,192.94812903763366,59.008173169353356,305.5747839369333,3.3383299645554816,6.317904776849402,40.51568890945881,281.6867917480326,312.69081715655517,1.8480983867765355,22.345483612302854,164.20363791925948,164.20363791925948,84.87972408079067,0.15521362561817362,6.2449704159967006,9.844787923664729,3.7550311332862956,208.22394650101631,151.4371996505915,0.9999999999999996,0.05984236140368664,0.9999999999999996,0.5565831325013402,0.9999999999999996,2.7266650910133996,0.9999999999999996,2.7266650910133996
9301.5,26.81567378772702,192.94967567294782,60.65494784105295,305.579739342752,4.328053580027044,5.664198189163916,44.772796374150204,281.6913800813193,309.7795982616808,1.7867394930798512,21.757217810497483,164.20363791925948,164.20363791925948,84.10696917887942,0.1552111474463649,6.831643797186486,9.844790401836542,3.168357752096505,214.00984906572518,149.06850502442808,0.9999999999999996,0.05785552936151823,0.9999999999999996,0.541930559820748,0.9999999999999996,2.7266650910133996,0.9999999999999996,2.7266650910133996
9321.0,27.27338335519425,192.95118653474438,61.273870968892524,305.5845801689265,4.324728663662938,5.134044713617492,48.87008213726672,281.6958623224856,309.38745837331487,1.7319400544222774,21.10017820460155,164.20363791925948,164.20363791925948,83.22185262054585,0.15520872665163662,6.829890971778774,9.844792822631273,3.1701105775042135,219.34378060834823,146.7183942445223,0.9999999999999996,0.056081095794382495,0.9999999999999996,0.5255649636057859,0.9999999999999996,2.7266650910133996,0.9999999999999996,2.7266650910133996
9340.5,28.957920038906796,192.95266245027824,62.7417936986962,305.5893090633294,5.329372811225344,4.697673241335829,52.784700821692915,281.7002409232569,306.7312382093153,1.682998730768596,20.392196851288393,164.20363791925948,164.20363791925948,82.25621732953712,0.15520636190453835,7.264111932206673,9.844795187378368,2.735889617076305,224.24068190402076,144.39030763982217,0.9999999999999996,0.05449635095687048,0.9999999999999996,0.5079305061817979,0.9999999999999996,2.7266650910133996,0.9999999999999996,2.7266650910133996
9360.0,29.39114264163376,192.95410422860783,63.31891963529159,305.59392861567494,5.325861100171167,4.335823561761381,56.47275269544139,281.7045182815125,306.37218717926856,1.6392890369695603,19.653236851452498,164.20363791925948,164.20363791925948,81.23109780864586,0.15520405190498668,7.262658020369639,9.84479749737792,2.7373435289133408,228.66258435287892,142.08719149139668,0.9999999999999996,0.053081008942677886,0.9999999999999996,0.48952443009779656,0.9999999999999996,2.7266650910133996,0.9999999999999996,2.7266650910133996
9379.5,31.095779809337394,192.95551265718362,64.73813205873594,305.5984413465803,6.430643500618486,4.031687760073125,59.9319374050245,281.7086967311543,303.70263900133875,1.6002518634688334,18.901294623754417,164.20363791925948,164.20363791925948,80.16481417063395,0.15520179538771992,7.621198296455253,9.844799753895172,2.378803252827727,232.63608938649452,139.8115568625744,0.9999999999999996,0.0518169655013092,0.9999999999999996,0.4707949916209399,0.9999999999999996,2.7266650910133996,0.9999999999999996,2.7266650910133996
9399.0,31.551356137291727,192.95688851178866,65.33703183646959,305.6028497394082,6.42661608197547,3.7744820346518417,63.13805662902217,281.71277857158844,303.33562809567155,1.565387046109047,18.133617974324412,164.20363791925948,164.20363791925948,79.069425220739,0.15519959110636425,7.61991177995441,9.844801958176525,2.3800897693285727,236.14103886743783,137.56552094631243,0.9999999999999996,0.05068802506412991,0.9999999999999996,0.4516736388813358,0.9999999999999996,2.7266650910133996,0.9999999999999996,2.7266650910133996
9418.5,32.97265929623631,192.95823254394693,66.47086578789039,305.6071561999169,7.419255665732579,3.554423164227181,66.10011714474678,281.7167660303656,301.105706543512,1.5342487118993555,17.38977417815588,164.20363791925948,164.20363791925948,77.95578545162783,0.155197437853596,7.870646461310663,9.844804111429287,2.12935508797232,239.21041320479205,135.3508626303118,0.9999999999999996,0.04967975003796353,0.9999999999999996,0.43314591679904324,0.9999999999999996,2.7266650910133996,0.9999999999999996,2.7266650910133996
9438.0,33.37887565958258,192.95954548988044,66.9989606809701,305.6113630849529,7.415485648941253,3.365021643794143,68.81126379324381,281.720661289748,300.78597797784505,1.5064384023073434,16.652222602988502,164.20363791925948,164.20363791925948,76.83127129340963,0.15519533444678033,7.8696804950084625,9.844806214836105,2.1303210542745212,241.8450779895261,133.16905468810586,0.9999999999999996,0.04877923813380221,0.9999999999999996,0.41477492187182047,0.9999999999999996,2.7266650910133996,0.9999999999999996,2.7266650910133996
9457.5,34.93691070361648,192.96082806877712,68.17965206688658,305.61547269690817,8.599891077457594,3.200416950533707,71.28563585963892,281.7244664815663,298.30193697533565,1.4816002639773067,15.944024167475263,164.20363791925948,164.20363791925948,75.70246812473708,0.1551932797415104,8.10766220934226,9.844808269541378,1.8923393399407313,244.07944732961192,131.02130077091854,0.9999999999999996,0.04797496663982978,0.9999999999999996,0.3971350573466469,0.9999999999999996,2.7266650910133996,0.9999999999999996,2.7266650910133996
9477.0,35.42629461841497,192.96208098317268,68.80924542564044,305.61948728487505,8.595049496124489,3.0568380233976735,73.5196182626159,281.72818368834163,297.92127682456896,1.4594165006569857,15.236233474316698,164.20363791925948,164.20363791925948,74.5737286615807,0.15519127257713664,8.106685579205372,9.84481027670575,1.89331597007762,245.91474609600078,128.90856673930682,0.9999999999999996,0.04725664515250681,0.9999999999999996,0.3795053489013756,0.9999999999999996,2.7266650910133996,0.9999999999999996,2.7266650910133996
9496.5,36.59264609397903,192.96330491934498,69.65134176015681,305.6234090460307,9.55130575054058,2.930598799848316,75.52899871147375,281.7318149444628,296.03108623110364,1.4396032969832682,14.575597152167713,164.20363791925948,164.20363791925948,73.44919426583026,0.15518931188407925,8.263387478718832,9.844812237398815,1.7366140705641628,247.3840672843141,126.83160863550269,0.9999999999999996,0.04661508358668806,0.9999999999999996,0.36305016538395996,0.9999999999999996,2.7266650910133996,0.9999999999999996,2.7266650910133996
9516.0,37.005376760106756,192.9645005476822,70.1770248100687,305.6272401266851,9.547205275054607,2.8191464537889646,77.31952307557977,281.7353622372627,295.71656317541,1.421907190159971,13.93200350852931,164.20363791925948,164.20363791925948,72.33176169381929,0.15518739657432054,8.262701181648639,9.844814152708576,1.7373003676343517,248.50176230971647,124.79099756900318,0.9999999999999996,0.04604207468871208,0.9999999999999996,0.3470194822960812,0.9999999999999996,2.7266650910133996,0.9999999999999996,2.7266650910133996
9535.5,38.33295465517303,192.9656685230616,71.0717440691345,305.6309826235549,10.745985296615942,2.720075781765869,78.90775743893417,281.7388275081415,293.4860946627761,1.4061018192147174,13.331646182973149,164.20363791925948,164.20363791925948,71.2240820765516,0.15518552559704551,8.426058475377985,9.844816023685869,1.5739430739049942,249.29974210302635,122.78714191204298,0.9999999999999996,0.045530288775693185,0.9999999999999996,0.33206573295345343,0.9999999999999996,2.7266650910133996,0.9999999999999996,2.7266650910133996
9555.0,38.88208423222981,192.96680948520148,71.76383827775925,305.6346385848716,10.740196176285528,2.631831895325821,80.2977494189903,281.7422126536075,293.0664335479347,1.3919850297923972,12.735419505385261,164.20363791925948,164.20363791925948,70.12787011833151,0.15518369792474554,8.425287513312359,9.844817851358167,1.574714035970628,249.7875752230035,120.82030704504108,0.9999999999999996,0.045073179987267856,0.9999999999999996,0.31721487012808924,0.9999999999999996,2.7266650910133996,0.9999999999999996,2.7266650910133996
9574.5,39.76996127609506,192.96792405901172,72.32270119359555,305.6382100114971,11.617865801858144,2.552812160466991,81.50439879853137,281.74551952631225,291.52511217123305,1.379376285370608,12.18981615820387,164.20363791925948,164.20363791925948,69.04481275080288,0.15518191255014915,8.526715465908767,9.844819636732762,1.4732860833742198,249.99280455223925,118.89063294750133,0.9999999999999996,0.04466490245944019,0.9999999999999996,0.30362493735481777,0.9999999999999996,2.7266650910133996,0.9999999999999996,2.7266650910133996
9594.0,40.20979138229865,192.96901285494198,72.86952957251485,305.6416988580581,11.613402735234294,2.4818394750978405,82.5373242293695,281.7487499360805,291.1961407072994,1.3681143541041707,11.662554904758869,164.20363791925948,164.20363791925948,67.97610528234799,0.15518016850558797,8.526238196618152,9.844821380777322,1.4737633526648348,249.93338709103605,116.99814985167565,0.9999999999999996,0.04430023542343616,0.9999999999999996,0.29049187095175155,0.9999999999999996,2.7266650910133996,0.9999999999999996,2.7266650910133996
9613.5,41.46752824592259,60.29366506256924,73.57185912418414,9.425186557555625,13.03724699456563,2.4191999368507933,83.39796200488206,647.2764507500461,288.8513001288023,1.788775411177059,11.177230199090305,164.20363791925948,164.20363791925948,66.93601562094076,3.13253828514263,8.665580759702564,6.867463264140274,1.3344207895804205,249.63540027479627,115.16702524832374,0.9999999999999996,0.05792145342023348,0.9999999999999996,0.27840336350890627,0.9999999999999996,2.7266650910133996,0.9999999999999996,2.7266650910133996
9633.0,42.25429651263835,40.21757836408138,74.53183708709294,9.386041970372132,13.028581268814634,2.406650215209474,83.47030736539232,657.5458003745617,288.2520865586977,4.55592249945859,10.685144378175726,164.20363791925948,164.20363791925948,66.54532043930422,3.3918377543355613,8.664949106294014,6.608163794947344,1.3350524429889719,249.10676805020313,114.49742144731815,0.9999999999999996,0.14752307706697568,0.9999999999999996,0.2661464496548094,0.9999999999999996,2.7266650910133996,0.9999999999999996,2.7266650910133996
9652.5,42.912691641288006,37.87922529832825,74.85983942586113,6.912191153884116,13.881970895117437,2.4588763449858724,82.47918532145025,661.7037536970383,286.94068364927926,7.1072253069216424,10.240283572355473,164.20363791925948,164.20363791925948,67.09087705209929,3.974417517690548,8.736284695171221,6.02558403159236,1.2637168541117634,248.36688937134693,115.49006287526343,0.9999999999999996,0.23013555362497037,0.9999999999999996,0.2550658203372061,0.9999999999999996,2.7266650910133996,0.9999999999999996,2.7266650910133996
9672.0,43.44905432300555,36.25970364819428,75.49304217798279,6.910996211523233,13.876763553100714,2.580793954205843,80.43337934118485,662.5670928795327,286.54482854173204,9.941742973263826,9.810895669133638,164.20363791925948,164.20363791925948,68.57440020738353,4.107586332012223,8.736236775626796,5.892415217270686,1.2637647736561857,247.4331969333594,118.1559595287931,0.9999999999999996,0.3219186706971318,0.9999999999999996,0.24437059134239436,0.9999999999999996,2.7266650910133996,0.9999999999999996,2.7266650910133996
9691.5,44.03934195803552,36.103633309647435,75.72251408542154,6.720716721849037,14.851189920685187,2.7786680974585174,77.38495946335279,662.8030762192936,285.1713886694309,12.488368973631399,9.42385567670146,164.20363791925948,164.20363791925948,70.95615017359295,4.154581039546105,8.80767383816164,5.845420509736803,1.19232771112134,246.32616568954234,122.43952540853651,0.9999999999999996,0.4043797098736399,0.9999999999999996,0.2347301675713648,0.9999999999999996,2.7266650910133996,0.9999999999999996,2.7266650910133996
9711.0,44.76010551219552,35.92969507567347,76.52786918695548,6.719872613064283,14.844816631761026,3.0594435715515313,73.46764726748111,662.833020918058,284.6407696220256,14.817043481516723,9.043541602321312,164.20363791925948,164.20363791925948,74.11082742891404,4.175637985120587,8.80883236513071,5.824363564162321,1.19116918415228,245.0597807933631,128.14422790345085,0.9999999999999996,0.47978336938090604,0.9999999999999996,0.22525727351700175,0.9999999999999996,2.7266650910133996,0.9999999999999996,2.7266650910133996
9730.5,45.21736143783399,35.867305250717564,76.65309729009307,6.598550825734256,15.96490752723955,3.436119847460591,68.81133271925691,662.930690505647,283.21960538353215,16.899658631368524,8.702212929396117,164.20363791925948,164.20363791925948,77.91820084976688,4.197969923869515,8.875329599094222,5.8020316254133935,1.1246719501887694,243.65008112674107,135.09200469560423,0.9999999999999996,0.5472195023021638,0.9999999999999996,0.2167554310290355,0.9999999999999996,2.7266650910133996,0.9999999999999996,2.7266650910133996
9750.0,46.22431211072185,35.72513304069452,77.66710901302751,6.597726014068439,15.960045684602505,3.92953640613746,63.54245906189096,662.9486051776115,282.4864585111391,18.795688966673403,8.360202705578743,164.20363791925948,164.20363791925948,82.258758238935,4.220318399604862,8.882767851652334,5.779683149678046,1.117233697630665,242.1085759603577,143.1190059127991,0.9999999999999996,0.608613924465786,0.9999999999999996,0.20823661241573177,0.9999999999999996,2.7266650910133996,0.9999999999999996,2.7266650910133996
9769.5,46.246999744911456,37.0814762253324,77.69440862966066,15.150185360880096,15.961083987217135,4.571120080906644,57.787173740143274,653.1156511704992,282.49298860782494,20.485441053214927,8.054708645270225,164.20363791925948,164.20363791925948,87.01371009755476,3.692490015729056,8.882830434064532,6.3075115335538525,1.117171115218467,240.4474834487383,152.0801624607072,0.9999999999999996,0.6633289525016166,0.9999999999999996,0.20062734138820956,0.9999999999999996,2.7266650910133996,0.9999999999999996,2.7266650910133996
9789.0,47.86754116422646,48.06388740387033,78.92313313375519,15.238906489554493,17.25911724819841,5.364468116871343,51.924450318614646,646.2125898808661,280.02907359421596,20.470849159525372,7.744514974381726,164.20363791925948,164.20363791925948,91.81056214207229,2.4020557926969235,8.9580996079661,7.597945756585972,1.0419019413168953,238.6775626893483,161.3629064999873,0.9999999999999996,0.6628564595964863,0.9999999999999996,0.19290101207618007,0.9999999999999996,2.7266650910133996,0.9999999999999996,2.7266650910133996
9808.5,47.89997325252672,48.0874644449758,78.96226564227469,15.238279157577084,17.26017440104244,6.305569294159832,46.3081010301411,646.1713949993291,280.028286939362,20.39072364646517,7.4651804309458205,164.20363791925948,164.20363791925948,96.30023522861866,2.4021270580843943,8.958154365741937,7.597874491198497,1.0418471835410565,236.80667315998176,170.38091778768708,0.9999999999999996,0.6602619549183194,0.9999999999999996,0.18594332443339448,0.9999999999999996,2.7266650910133996,0.9999999999999996,2.7266650910133996
9828.0,48.789814833471766,59.32235693544958,79.6275443220588,25.298787989391915,17.993766455245463,7.404582775328745,41.06763750223155,629.6787826082409,278.67174244722054,19.66471137810872,7.197722728929586,164.20363791925948,164.20363791925948,100.36138010351912,1.5996933432640756,8.996368109274645,8.400308206018822,1.0036334400083458,234.84836879895295,178.94956086520153,0.9999999999999996,0.6367533101094918,0.9999999999999996,0.1792814661275914,0.9999999999999996,2.7266650910133996,0.9999999999999996,2.7266650910133996
9847.5,48.81067661943216,59.3297127133043,79.65233648753296,25.298460673673993,17.995017022362685,8.657211745430601,36.33048677421512,629.6648796923,278.67978939386217,18.966306892845502,6.956698785744699,164.20363791925948,164.20363791925948,103.87277223689995,1.5997090414184096,8.996429530508003,8.40029250786449,1.003572018774985,232.81294911376548,186.86040267134018,0.9999999999999996,0.6141386192942615,0.9999999999999996,0.1732780220476517,0.9999999999999996,2.7266650910133996,0.9999999999999996,2.7266650910133996
9867.0,50.7767344262007,68.5372581679345,81.09967384140064,35.105048180391904,19.66819429723552,10.064394981036061,32.116220908714,614.8592618153618,275.6111694976708,18.03673000701776,6.70694812509621,164.20363791925948,164.20363791925948,106.8194932282763,1.2067594334771066,9.073899725695627,8.79324211580579,0.9261018235873643,230.70814169088217,194.0902294984196,0.9999999999999996,0.5840384491127139,0.9999999999999996,0.1670572121757418,0.9999999999999996,2.7266650910133996,0.9999999999999996,2.7266650910133996
9886.5,50.82421456131729,68.5406169640448,81.15687705628469,35.10505248672664,19.669312699400784,11.608664859714285,28.44379474770419,614.8563950795641,275.5985227609716,17.167422616036696,6.477570149683352,164.20363791925948,164.20363791925948,109.18366341213972,1.206758559302615,9.073944969102321,8.793242989980278,0.926056580180673,228.53573190252615,200.58034580393695,0.9999999999999996,0.5558898356870396,0.9999999999999996,0.16134384681309583,0.9999999999999996,2.7266650910133996,0.9999999999999996,2.7266650910133996
9906.0,51.91713275406761,77.80232250972095,81.9481063691727,46.389014001676394,20.631194789936444,13.269533353704404,25.28427074594632,598.6796357250178,273.879687275482,16.19485371116599,6.256218389775894,164.20363791925948,164.20363791925948,111.00058608100953,0.9408367820215869,9.113293285231498,9.059164767261297,0.8867082640514925,226.30629031893955,206.35535290960647,0.9999999999999996,0.5243975621632395,0.9999999999999996,0.15583039908238094,0.9999999999999996,2.7266650910133996,0.9999999999999996,2.7266650910133996
9925.5,51.9480031963636,77.80479953308723,81.98484701662105,46.38943415488417,20.63258799945716,15.006462015379855,22.60965371338198,598.6828725248292,273.87985867800245,15.28903477814481,6.054284902609069,164.20363791925948,164.20363791925948,112.3020066654923,0.9408286089645254,9.113346471423354,9.059172940318359,0.8866550778596403,224.02604435999882,211.40064966964542,0.9999999999999996,0.49506668652154695,0.9999999999999996,0.15080062327648389,0.9999999999999996,2.7266650910133996,0.9999999999999996,2.7266650910133996
9945.0,53.12324279837017,85.97377978658135,82.82396850461899,57.524284771051605,21.694979533951052,16.784070747927686,20.36023637987873,583.3033292492328,272.00663335418614,14.363290942557612,5.858313488359064,164.20363791925948,164.20363791925948,113.15310392386998,0.77278837001779,9.15308983052594,9.227213179265092,0.8469117187570527,221.70407964397776,215.76571791710944,0.9999999999999996,0.46509063244735294,0.9999999999999996,0.14591935127018313,0.9999999999999996,2.7266650910133996,0.9999999999999996,2.7266650910133996
9964.5,53.16122140967709,85.97582450133933,82.86925679116104,57.5251067848102,21.69637939321227,18.556577831772984,18.483603278607085,583.3099700509844,272.0008167707333,13.505791932625549,5.677968406531766,164.20363791925948,164.20363791925948,113.6087967052664,0.7727778877542687,9.153138376840984,9.227223661528612,0.8468631724420036,219.3445531342653,219.46573020998127,0.9999999999999996,0.43732438037829424,0.9999999999999996,0.1414273012292799,0.9999999999999996,2.7266650910133996,0.9999999999999996,2.7266650910133996
9984.0,54.429234486803814,93.34779180509281,83.76101584552757,68.52536381752935,22.87602724546463,20.291091844544724,16.91783728451164,568.5180885208276,269.9500549790101,12.664564385849241,5.502173639059263,164.20363791925948,164.20363791925948,113.73571172925386,0.6568741802451512,9.1932872400662,9.343127369037735,0.8067143092167712,216.9552852952097,222.55670531762516,0.9999999999999996,0.41008500652399976,0.9999999999999996,0.13704859079030243,0.9999999999999996,2.7266650910133996,0.9999999999999996,2.7266650910133996
10003.5,54.47669033581993,93.35001776327563,83.81768247716828,68.5265993676208,22.877432494102198,21.952373783658672,15.613334044683867,568.5264713712018,269.9363830516618,11.8869534966589,5.338739457006387,164.20363791925948,164.20363791925948,113.58495538593023,0.656862844611796,9.193331246977948,9.343138704671096,0.8066703023050239,214.53877031781758,225.06499165239495,0.9999999999999996,0.38490557224965066,0.9999999999999996,0.13297775882340324,0.9999999999999996,2.7266650910133996,0.9999999999999996,2.7266650910133996
10023.0,55.849584347055185,97.91479876617755,84.76710541710395,75.79116734691814,24.195041291746676,23.521946446095086,14.520700806499635,558.9317414615916,267.6800807520044,11.156641975221305,5.178969640031731,164.20363791925948,164.20363791925948,113.21003145078015,0.5976658018917514,9.233896930006534,9.40233574739114,0.7661046192764359,212.1018347149873,227.04875219630992,0.9999999999999996,0.36125771544946544,0.9999999999999996,0.12899819916142485,0.9999999999999996,2.7266650910133996,0.9999999999999996,2.7266650910133996
10042.5,55.90944306930688,97.91687780211886,84.83863157464148,75.79262632560913,24.196458664062877,24.98394870791244,13.601321325591808,558.9408313148332,267.6562361500113,10.488302357359744,5.028706909535319,164.20363791925948,164.20363791925948,112.65025882118599,0.5976547669908134,9.23393678151599,9.402346782292078,0.7660647677669755,209.64564526930175,228.54693949193518,0.9999999999999996,0.3396165402616915,0.9999999999999996,0.12525544278662654,0.9999999999999996,2.7266650910133996,0.9999999999999996,2.7266650910133996
10062.0,55.91209453551993,103.29674331285236,84.84080161892703,84.799607592007,24.198382982878258,26.331236117490963,12.82272935335792,547.1960538748341,267.67722407450754,9.857769589532445,4.89448496874593,164.20363791925948,164.20363791925948,111.94283905104176,0.5375878455127204,9.233993044235662,9.462413703770158,0.7660085050472968,207.17806513884767,229.6094645233066,0.9999999999999996,0.31919957001856425,0.9999999999999996,0.12191223171314428,0.9999999999999996,2.7266650910133996,0.9999999999999996,2.7266650910133996
10081.5,55.914130614923,103.29965072897204,84.84224962118743,84.80146605792544,24.20026823105236,27.55376282922821,12.161958664555184,547.2051686111024,267.69816726979224,9.27557891836362,4.774586631093812,164.20363791925948,164.20363791925948,111.11528189855066,0.5375763739794618,9.23404817236369,9.462425175303418,0.765953376919269,204.7066390363184,230.26532679460348,0.9999999999999996,0.30034794133947246,0.9999999999999996,0.11892579411752305,0.9999999999999996,2.7266650910133996,0.9999999999999996,2.7266650910133996
10101.0,57.38521438400873,109.76695883020847,85.82935662657623,96.26760345703714,25.682066255858143,28.652373633572637,11.597446241767722,532.4573617979138,265.21726700340366,8.724288158041995,4.655746351115774,164.20363791925948,164.20363791925948,110.19219907573893,0.47659947325397617,9.275040169130735,9.52340207602891,0.7249613801522243,202.23642943735246,230.55679781546883,0.9999999999999996,0.28249686741736263,0.9999999999999996,0.11596571070894132,0.9999999999999996,2.7266650910133996,0.9999999999999996,2.7266650910133996
10120.5,57.48163939681832,109.77158635144242,85.94491906889091,96.27016868894388,25.683250181311617,29.625199749655053,11.113563864284593,532.4657316691848,265.16304238806055,8.209765109710862,4.5397662864026325,164.20363791925948,164.20363791925948,109.188138960607,0.47658682660264057,9.275069161244673,9.523414722680247,0.7249323880382884,199.76564322124932,230.50493254869383,0.9999999999999996,0.265836350623956,0.9999999999999996,0.11307686977599289,0.9999999999999996,2.7266650910133996,0.9999999999999996,2.7266650910133996
10140.0,59.08206066206713,117.74600361625035,86.9928157570425,111.36981343758686,27.361793435663337,30.47768681154207,10.696264465257402,513.3306434144341,262.4048763804766,7.721335173769098,4.4254228398337165,164.20363791925948,164.20363791925948,108.11945198223313,0.414650978421228,9.316503311350274,9.585350570861655,0.6834982379326918,197.29810521032337,230.14592420245089,0.9999999999999996,0.25002074201992075,0.9999999999999996,0.1102287938615702,0.9999999999999996,2.7266650910133996,0.9999999999999996,2.7266650910133996
10159.5,59.20808487483304,117.75421062915333,87.14367864600983,111.37393055832133,27.363028427710454,31.210342422232006,10.335881289524401,513.3364778172278,262.32682487504536,7.259673903597383,4.312231326172013,164.20363791925948,164.20363791925948,106.99449944658373,0.41463525732812934,9.31653018065839,9.585366291954749,0.683471368624576,194.8316476555563,229.49449994404023,0.9999999999999996,0.23507191636573696,0.9999999999999996,0.1074094103861679,0.9999999999999996,2.7266650910133996,0.9999999999999996,2.7266650910133996
10179.0,59.21114699436415,117.75540483640339,87.14629100007136,111.37626482338102,27.365084432314898,31.831971716858046,10.022836823640477,513.3472836321627,262.3459224122402,6.847374545501619,4.211121168299872,164.20363791925948,164.20363791925948,105.82562471260579,0.4146269254157007,9.316578027283231,9.585374623867184,0.6834235219997276,192.3708633506722,228.58577766808747,0.9999999999999996,0.22172145441511026,0.9999999999999996,0.10489095030839198,0.9999999999999996,2.7266650910133996,0.9999999999999996,2.7266650910133996
10198.5,59.21320323314273,117.75657094861751,87.14771540280783,111.37854501648667,27.367099530710952,32.35253121734636,9.74919514086402,513.3578400472898,262.36532196966965,6.47916076547648,4.120799122852731,164.20363791925948,164.20363791925948,104.62398228975773,0.4146187869005996,9.316624929548608,9.585382762382284,0.6833766197343518,189.9210968770992,227.4548130609593,0.9999999999999996,0.2097985058016898,0.9999999999999996,0.10264120141679853,0.9999999999999996,2.7266650910133996,0.9999999999999996,2.7266650910133996
10218.0,60.90919129311286,127.90804944397351,88.19781915963908,132.17325745147284,29.285097694152483,32.78046667380769,9.508823628835579,487.4381753833827,259.3176006283823,6.126844048432323,4.031538290066101,164.20363791925948,164.20363791925948,103.39802797161431,0.3516857833464389,9.35851279271934,9.648315765936454,0.6414887565636193,187.4862059673455,226.12967179144079,0.9999999999999996,0.19839031213582617,0.9999999999999996,0.1004178852969045,0.9999999999999996,2.7266650910133996,0.9999999999999996,2.7266650910133996
10237.5,61.12475019766314,127.94281070122044,88.45535588961177,132.18872092465583,29.28616554139537,33.11614319158641,9.298390919557518,487.4195434453147,259.1671112514716,5.780389250401369,3.9383402033158394,164.20363791925948,164.20363791925948,102.14886924277329,0.35164152016200984,9.358532824766712,9.64836002912088,0.6414687245162468,185.06249777677652,224.61279915224262,0.9999999999999996,0.1871719303753336,0.9999999999999996,0.09809649973342388,0.9999999999999996,2.7266650910133996,0.9999999999999996,2.7266650910133996
10257.0,61.1282563429336,127.94413858568976,88.45849032283247,132.19153971898504,29.288262152848432,33.36729386103455,9.113699472452735,487.42998032518676,259.18467144260546,5.470981638218051,3.8550897942929008,164.20363791925948,164.20363791925948,100.8822577952409,0.3516342838820718,9.358575802587897,9.648367265400813,0.6414257466950617,182.6525530341152,222.92658714745312,0.9999999999999996,0.17715315524852826,0.9999999999999996,0.09602289173997264,0.9999999999999996,2.7266650910133996,0.9999999999999996,2.7266650910133996
10276.5,61.13028853283256,127.94543444653222,88.45987768476807,132.194292871814,29.290317385106597,33.54308902164723,8.950890196446794,487.44017716522274,259.20293441587455,5.194649667912237,3.7807180984539253,164.20363791925948,164.20363791925948,99.60457062524293,0.35162721656394624,9.358617939427088,9.648374332718939,0.641383609855869,180.2605528185176,221.09685273101175,0.9999999999999996,0.16820538615097702,0.9999999999999996,0.09417043546031963,0.9999999999999996,2.7266650910133996,0.9999999999999996,2.7266650910133996
10296.0,62.87935233202928,141.36826489130996,89.44235283635146,162.60350376767718,31.502897589321066,33.65124384029831,8.806919410134466,450.2694502054447,255.8493455616454,4.9302112784549355,3.707951122811527,164.20363791925948,164.20363791925948,98.32077699439431,0.2877848133048164,9.400966727388854,9.712216735978073,0.5990348218941078,177.88969463060212,219.14465888836637,0.9999999999999996,0.15964273722268374,0.9999999999999996,0.09235794968250474,0.9999999999999996,2.7266650910133996,0.9999999999999996,2.7266650910133996
10315.5,63.263408582458965,141.57609563478618,89.89627604503968,162.73729329991372,31.504292028138106,33.69067535965362,8.680830461623396,450.0459453864835,255.56412137411405,4.655446758677037,3.6269896745640766,164.20363791925948,164.20363791925948,97.02919542261226,0.28753034647960435,9.40099149168567,9.712471202803288,0.5990100575972997,175.53559774990893,217.06541516397255,0.9999999999999996,0.15074572296678226,0.9999999999999996,0.09034135531116602,0.9999999999999996,2.7266650910133996,0.9999999999999996,2.7266650910133996
10335.0,63.267646964833986,141.5776004271592,89.90026721885737,162.7408305539423,31.50645002872649,33.66672763893393,8.570708756524569,450.0557703588864,255.58001043385005,4.410052663944613,3.5546696966097304,164.20363791925948,164.20363791925948,95.73231136478803,0.2875242768867124,9.401030068655865,9.712477272396184,0.5989714806271008,173.19921011244173,214.87212276966656,0.9999999999999996,0.14279973794326745,0.9999999999999996,0.08854000338830605,0.9999999999999996,2.7266650910133996,0.9999999999999996,2.7266650910133996
10354.5,63.26966839655824,141.57907018875886,89.90162653287031,162.74428591013432,31.50856333251354,33.58718487540497,8.474378753486885,450.06536855242894,255.59722210567563,4.190886264062156,3.490060705026479,164.20363791925948,164.20363791925948,94.43440475180044,0.2875183467209662,9.401067849602757,9.71248320256193,0.5989336996802075,170.8840261386262,212.58481465811752,0.9999999999999996,0.1357030189573335,0.9999999999999996,0.08693071734433071,0.9999999999999996,2.7266650910133996,0.9999999999999996,2.7266650910133996
10374.0,64.94567417417866,141.58050595750422,90.67068281977603,162.74766138460043,34.087038813623884,33.45909236433363,8.389998945321683,450.07474485199936,251.96611421415795,3.9951541554846495,3.4283426670849826,164.20363791925948,164.20363791925948,93.13903087170937,0.28751255388639635,9.443837669857826,9.712488995396503,0.5561638794251362,168.59289162806482,210.22109350906362,0.9999999999999996,0.12936511418797175,0.9999999999999996,0.08539343940999225,0.9999999999999996,2.7266650910133996,0.9999999999999996,2.7266650910133996
10393.5,65.6703231442111,141.58190852037544,91.49063367024443,162.75095882525522,34.091883223608185,33.29189581296211,8.314941192176141,450.0839043909169,251.41462030704486,3.820347110512591,3.3546659635455023,164.20363791925948,164.20363791925948,91.84614732301009,0.2875068951952762,9.443928512236667,9.712494654087621,0.5560730370463047,166.32137204326142,207.79657387637195,0.9999999999999996,0.12370477357192136,0.9999999999999996,0.08355829405534891,0.9999999999999996,2.7266650910133996,0.9999999999999996,2.7266650910133996
10413.0,65.67575045882609,141.58327863909412,91.49601249195216,162.75418002093622,34.09413171345369,33.09249587274435,8.247523943181147,450.0928521386974,251.42855316261404,3.6642320673999533,3.2888490304125817,164.20363791925948,164.20363791925948,90.55712545232512,0.2875013675621935,9.443963162330032,9.712500181720701,0.5560383869529452,164.06895227803375,205.3249917336627,0.9999999999999996,0.11864968943931006,0.9999999999999996,0.08191892050450827,0.9999999999999996,2.7266650910133996,0.9999999999999996,2.7266650910133996
10432.5,65.67777415254288,141.58461707682855,91.49735140070398,162.75732676368114,34.09632461033843,32.86539202604351,8.186820570976122,450.10159307320254,251.44478623629888,3.5248041131622254,3.2300512636850565,164.20363791925948,164.20363791925948,89.27476857050043,0.28749596789703047,9.443996946779484,9.71250558138586,0.5560046025034963,161.838748638093,202.81847365228498,0.9999999999999996,0.11413494169266876,0.9999999999999996,0.08045438092429212,0.9999999999999996,2.7266650910133996,0.9999999999999996,2.7266650910133996
10452.0,65.67973888520405,151.91584157466392,91.49864479203057,200.57724029693375,34.09846686596373,32.614551980798225,8.132043771533171,407.0766079135712,251.46065427824286,3.3972539193785334,3.177524139501841,164.20363791925948,164.20363791925948,88.00147474419161,0.23568813532907598,9.444029947051133,9.76431341395381,0.5559716022318432,159.633435857253,200.28759024783744,0.9999999999999996,0.11000480184290279,0.9999999999999996,0.07914603102117862,0.9999999999999996,2.7266650910133996,0.9999999999999996,2.7266650910133996
10471.5,65.68165776185418,161.17456275408986,91.49990774276104,212.05984403448525,34.10055966311042,32.33401791962064,8.08465485522404,390.9645688099807,251.47615632844398,3.2298793655780536,3.130596361996151,164.20363791925948,164.20363791925948,86.73715314829997,0.22213985385427987,9.444062181657749,9.77786169542861,0.5559393676252259,157.45528967946137,197.72229751488567,0.9999999999999996,0.10458512905384787,0.9999999999999996,0.07797715010284116,0.9999999999999996,2.7266650910133996,0.9999999999999996,2.7266650910133996
10491.0,56.384148500640286,161.1762685688855,89.88716361778015,212.06427842929887,2.7256338449735225,32.02024368068846,8.045695894664064,390.9724631842221,289.26854179924106,3.079514251734008,3.108671524761497,164.20363791925948,164.20363791925948,85.48201190828699,0.22213530406709817,8.096167661249046,9.777866245215792,1.9038338880339287,155.3063861071113,195.1170525145929,0.9999999999999996,0.0997162305419799,0.9999999999999996,0.07743104446470107,0.9999999999999996,2.7266650910133996,0.9999999999999996,2.7266650910133996
10510.5,26.502329783012094,161.1778518976834,61.45986518062744,212.06851611129676,2.7680528064599583,31.490595184671907,8.083641975027879,390.98031084970853,313.5151546753348,2.9452248108369807,4.875066141082877,164.20363791925948,164.20363791925948,84.42560971051672,0.22213096324826492,5.79383372557608,9.77787058603463,4.206167823706892,153.61520022520858,192.48335382549772,0.9999999999999996,0.09536787045879422,0.9999999999999996,0.12142854596627349,0.9999999999999996,2.7266650910133996,0.9999999999999996,2.7266650910133996
10530.0,24.133384955197446,161.17939863589277,58.277034270344465,212.07265585316208,2.7781922976828715,30.55826222608426,8.268278077995971,390.98797702598733,315.4092648766575,2.825292335463856,6.565620959388333,164.20363791925948,164.20363791925948,83.76086324114058,0.22212672291440896,5.804978681855662,9.777874826368482,4.19502286742731,152.81795834158953,189.8313414955725,0.9999999999999996,0.09148439618779748,0.9999999999999996,0.16353702357915587,0.9999999999999996,2.7266650910133996,0.9999999999999996,2.7266650910133996
10549.5,19.90735798429879,161.18090959907576,53.89852738522223,212.07669988394963,1.0547680290456267,29.19601476909959,8.634606019451985,390.995465959835,322.5869874678716,2.718181598278393,9.117580881617053,164.20363791925948,164.20363791925948,83.5203584125329,0.22212258077365843,3.4495508496869993,9.777878968509228,6.550450699595973,153.02689250029243,187.1699091655437,0.9999999999999996,0.08801609629060005,0.9999999999999996,0.2271014499382217,0.9999999999999996,2.7266650910133996,0.9999999999999996,2.7266650910133996
10569.0,19.148649326088613,161.18238561498828,52.81093920814747,212.08065041644943,1.05590368020866,27.34033932311131,9.25343618935689,391.0027817490033,323.1246274195922,2.62252154520754,11.594841502857488,164.20363791925948,164.20363791925948,83.77229527844727,0.2221185345486922,3.4467986288599293,9.777883014734199,6.553202920423045,154.47283493436998,184.50683905527666,0.9999999999999996,0.0849185753421907,0.9999999999999996,0.28880526000179463,0.9999999999999996,2.7266650910133996,0.9999999999999996,2.7266650910133996
10588.5,18.35360551462025,161.1838274922202,51.90439284368237,212.08450961229593,0.8000689593943511,25.093623255386284,10.164016799363862,391.00992839651144,324.4752255484684,2.5370877384911017,14.050867711753133,164.20363791925948,164.20363791925948,84.41837753146154,0.22211458201514964,2.8530224832457995,9.777886967267737,7.146979066037169,157.05773399072592,181.84892452830775,0.9999999999999996,0.08215218542799617,0.9999999999999996,0.34998016158682466,0.9999999999999996,2.7266650910133996,0.9999999999999996,2.7266650910133996
10608.0,18.166015978441052,161.18523602063934,51.63040728273564,212.0882795831498,0.8000607339496805,22.56035182937873,11.433988173702126,391.01690981283457,324.51718917716425,2.4607866786513592,16.314615125705693,164.20363791925948,164.20363791925948,85.35768132460424,0.2221107210004216,2.8498563340253127,9.777890828282462,7.150145215257657,160.72632108900638,179.20207945482957,0.9999999999999996,0.07968151848132007,0.9999999999999996,0.40636576722911294,0.9999999999999996,2.7266650910133996,0.9999999999999996,2.7266650910133996
10627.5,17.85705843658954,161.1866119718257,51.28426980277754,212.0919623918537,0.6918975041475621,19.88906452383752,13.135893773681664,391.0237298180442,325.0249867929767,2.392641801364475,18.444994047553667,164.20363791925948,164.20363791925948,86.4447577251286,0.2221069493824153,2.565867321442471,9.777894599900472,7.434134227840501,165.35753386638584,176.57143580633976,0.9999999999999996,0.07747495285494974,0.9999999999999996,0.45942941956752725,0.9999999999999996,2.7266650910133996,0.9999999999999996,2.7266650910133996
10647.0,17.774154831876444,161.18795609949532,51.1625347716586,212.09556005355992,0.6917492443717056,17.22363005223645,15.359142772353904,391.03039214389685,324.97553523583684,2.3317809731115218,20.389928402718326,164.20363791925948,164.20363791925948,87.5384101289262,0.2221032650883857,2.562973301615432,9.7778982841945,7.43702824766754,170.86537728511385,173.9614307240724,0.9999999999999996,0.07550424842400576,0.9999999999999996,0.5078740034793748,0.9999999999999996,2.7266650910133996,0.9999999999999996,2.7266650910133996
10666.5,18.556999081131544,161.1892691399148,51.973649753803045,212.09907453683408,1.0330196545669401,14.72341861584087,18.155771109795708,391.03690043587744,323.10220208259665,2.277425323237092,21.824046595852906,164.20363791925948,164.20363791925948,88.48156878858477,0.22209966609377577,3.392462606842679,9.777901883189116,6.607538942440295,177.0754386345667,171.3758842008694,0.9999999999999996,0.0737441849623459,0.9999999999999996,0.5435951366694631,0.9999999999999996,2.7266650910133996,0.9999999999999996,2.7266650910133996
10686.0,18.779216916014228,161.1905518123054,52.29835577147733,212.10250776473083,1.0322634493883935,12.519418954722385,21.504513998816275,391.0432582551914,322.8071959438779,2.2288792707532616,22.96909262106764,164.20363791925948,164.20363791925948,89.14521549235002,0.22209615042109493,3.396196203524916,9.777905398861797,6.603805345758058,183.73816716654605,168.81806837542493,0.9999999999999996,0.07217223920542827,0.9999999999999996,0.572116036670094,0.9999999999999996,2.7266650910133996,0.9999999999999996,2.7266650910133996
10705.5,20.772752727606775,161.19180481923823,54.339522304071586,212.10586161584678,1.9120548073777452,10.658611291475482,25.344695355555434,391.049469080715,318.8662612355789,2.185521617440968,23.464022809269732,164.20363791925948,164.20363791925948,89.48404784260782,0.2220927161388149,4.875694784210569,9.777908833144076,5.1243067650724,190.67758150238313,166.2907693411903,0.9999999999999996,0.07076829644042452,0.9999999999999996,0.584443798257108,0.9999999999999996,2.7266650910133996,0.9999999999999996,2.7266650910133996
10725.0,21.307825251015455,161.1930288470203,55.1024287575107,212.10913792534754,1.9098224456639041,9.15463975723421,29.498688536796717,391.0555363108964,318.34876002043745,2.146797593507363,23.65377487011842,164.20363791925948,164.20363791925948,89.48584002649953,0.22208936136029794,4.875696280904231,9.777912187922595,5.124305268378738,197.57842427568653,163.79634227066867,0.9999999999999996,0.069514392940578,0.9999999999999996,0.5891701581004725,0.9999999999999996,2.7266650910133996,0.9999999999999996,2.7266650910133996
10744.5,23.242243904524813,161.19422456599153,56.988447466306226,212.1123384857582,2.845285725175908,7.9490216269908105,33.858196116695375,391.06146326522065,314.9411549185833,2.1122117630128536,23.512038932764945,164.20363791925948,164.20363791925948,89.21026325344356,0.22208608424296725,5.862502254746435,9.777915465039916,4.137499294536534,204.35994976820183,161.3367606883171,0.9999999999999996,0.06839448623933951,0.9999999999999996,0.585639787786322,0.9999999999999996,2.7266650910133996,0.9999999999999996,2.7266650910133996
10764.0,23.78357451743828,161.19539263121465,57.742036367648666,212.11546504880485,2.842305857692967,6.992740030417929,38.26273146616729,391.0672531876188,314.4504579489392,2.0813216421981986,23.177615290557494,164.20363791925948,164.20363791925948,88.70731916037602,0.2220828829864031,5.860935524855761,9.77791866629648,4.1390660244272075,210.8386933655099,158.9136598372818,0.9999999999999996,0.06739424848856783,0.9999999999999996,0.5773099363679418,0.9999999999999996,2.7266650910133996,0.9999999999999996,2.7266650910133996
10783.5,25.5953907739841,192.87204855073182,59.42463801530261,305.41849397210274,3.802500483071988,6.2260492865935095,42.6399283206238,281.8693284614507,311.4532131807173,2.017583158731886,22.67587857568341,164.20363791925948,164.20363791925948,88.03328305660224,0.15529468415185582,6.544828432612992,9.84470686513102,3.4551731166699753,216.98793541230458,156.52127703090122,0.9999999999999996,0.06533036412493996,0.9999999999999996,0.5648126372581657,0.9999999999999996,2.7266650910133996,0.9999999999999996,2.7266650910133996
10803.0,26.08928784436572,192.947937060167,60.09868354179857,305.57416889514934,3.799207408987509,5.606843414733891,46.901864230624824,281.68622244759706,311.02391815391917,1.9381093715845625,22.071670422726054,164.20363791925948,164.20363791925948,87.21543327499411,0.15521393320413365,6.54299802340671,9.844787616078738,3.4570035258762535,222.70697400105377,154.1349903847548,0.9999999999999996,0.06275696266178243,0.9999999999999996,0.5497629711918337,0.9999999999999996,2.7266650910133996,0.9999999999999996,2.7266650910133996
10822.5,27.816827241867383,192.9494881816964,61.62723109471894,305.5791386142181,4.801606763750452,5.099500029079124,51.0151281941345,281.69082382895897,308.2541523105743,1.8671251096953376,21.391384254134614,164.20363791925948,164.20363791925948,86.29071916425698,0.1552114478630596,7.051985349119172,9.844790101419832,2.948016200163791,228.00168469363035,151.7570033722771,0.9999999999999996,0.0604584563244883,0.9999999999999996,0.5328183476929047,0.9999999999999996,2.7266650910133996,0.9999999999999996,2.7266650910133996
10842.0,28.29093417103914,192.95100337507884,62.26368080270301,305.58399332030956,4.797994257993152,4.681163243210896,54.921092351162955,281.69531894477876,307.85674042232,1.8037296019097224,20.657364002937054,164.20363791925948,164.20363791925948,85.28489961110694,0.1552090201181881,7.050342213344586,9.844792529164707,2.9496593359383754,232.81748728515055,149.39213653805024,0.9999999999999996,0.05840567768704029,0.9999999999999996,0.5145353112717987,0.9999999999999996,2.7266650910133996,0.9999999999999996,2.7266650910133996
10861.5,29.92090412224536,192.95248352485456,63.640781202022005,305.5887357769445,5.8267795456607585,4.3314258018175735,58.610664421409496,281.69971010315453,305.27911051469346,1.7471118523836466,19.903347412934792,164.20363791925948,164.20363791925948,84.22089625447906,0.155206648580249,7.437800962728732,9.84479490070264,2.5622005865542365,237.177345961973,147.0445651135966,0.9999999999999996,0.05657236629342317,0.9999999999999996,0.4957542044090958,0.9999999999999996,2.7266650910133996,0.9999999999999996,2.7266650910133996
10881.0,30.383544853817178,192.95392944166048,64.25318222595259,305.5933685849897,5.82289694546372,4.037120017061385,62.053137604817316,281.7039997351906,304.90258722431986,1.6965462365767061,19.12514909475949,164.20363791925948,164.20363791925948,83.11404210608332,0.15520433194374625,7.43641009277849,9.844797217339138,2.563591456504477,241.05573195230366,144.71788470318413,0.9999999999999996,0.05493502605365551,0.9999999999999996,0.4763707770842644,0.9999999999999996,2.7266650910133996,0.9999999999999996,2.7266650910133996
10900.5,31.861306009949573,192.95534191454144,65.44566971607213,305.5978942701543,6.833711421720124,3.78643870502721,65.25383339005033,281.7081901795015,302.56702778750594,1.6513861067116755,18.36255292753456,164.20363791925948,164.20363791925948,81.97800476748715,0.1552020689408416,7.729610630139259,9.844799480342054,2.2703909191437086,244.48417737692864,142.41518460247735,0.9999999999999996,0.053472718185331315,0.9999999999999996,0.4573759694107407,0.9999999999999996,2.7266650910133996,0.9999999999999996,2.7266650910133996
10920.0,32.307910838448215,192.95672171830552,66.02979028114045,305.6023153126616,6.829702572191887,3.5716546126516207,68.19976380108989,281.71228373258674,302.21203235359957,1.6110532998074991,17.59532539426335,164.20363791925948,164.20363791925948,80.82209745852755,0.1551998583266995,7.728471702129201,9.844801690956196,2.2715298471537695,247.45658016068967,140.13909837081263,0.9999999999999996,0.05216672147841645,0.9999999999999996,0.4382658032931341,0.9999999999999996,2.7266650910133996,0.9999999999999996,2.7266650910133996
10939.5,33.643751831835836,192.95806960787104,67.05672900654014,305.6066341291306,7.820026575259425,3.385729342322537,70.9034558748319,281.7162826320535,300.0790568137429,1.5750317582579936,16.862957986418486,164.20363791925948,164.20363791925948,79.6547034529423,0.155197698888551,7.95746076581725,9.844803850394348,2.0425407834657254,250.00766268536196,137.89185922715518,0.9999999999999996,0.051000325726357355,0.9999999999999996,0.42002393602937277,0.9999999999999996,2.7266650910133996,0.9999999999999996,2.7266650910133996
10959.0,34.08679210525826,192.95938632235553,67.63008394378302,305.61085308567186,7.8158534162545354,3.2239876585710525,73.36204019161599,281.7201890687412,299.73332126055186,1.542860390931142,16.136006346798144,164.20363791925948,164.20363791925948,78.48162746847085,0.1551955894390556,7.956505540565988,9.844805959843846,2.0434960087169833,252.1422991272459,135.67534272062014,0.9999999999999996,0.049958600564861934,0.9999999999999996,0.40191696516327313,0.9999999999999996,2.7266650910133996,0.9999999999999996,2.7266650910133996
10978.5,35.49509623376618,192.96067258255889,68.65316664340321,305.6149744898156,8.955458049584513,3.082083471753025,75.590727593891,281.72400517924916,297.43660760307034,1.5141275619441419,15.448287175885659,164.20363791925948,164.20363791925948,77.30815586020097,0.15519352882060272,8.169004693556198,9.844808020462288,1.8309968557267742,253.8945258777973,133.49111019844318,0.9999999999999996,0.04902821701564546,0.9999999999999996,0.38478719983490267,0.9999999999999996,2.7266650910133996,0.9999999999999996,2.7266650910133996
10998.0,36.019721960284016,192.96192909315343,69.32493883975346,305.6190005975252,8.950218281215033,2.957190251218776,77.58927155673085,281.72773305242936,297.0307526626981,1.4884655892076084,14.761183808202919,164.20363791925948,164.20363791925948,76.13788708321758,0.155191515901055,8.168053030329176,9.844810033381833,1.831948518953801,255.26990894704323,131.34044347108662,0.9999999999999996,0.04819726934650664,0.9999999999999996,0.36767277298371903,0.9999999999999996,2.7266650910133996,0.9999999999999996,2.7266650910133996
11017.5,37.20172203438731,192.9631565417653,70.13318733863733,305.62293361024837,9.99408207419397,2.8465079340035655,79.37321810807939,281.73137472665593,295.05329946081366,1.4655461751561865,14.122823911526478,164.20363791925948,164.20363791925948,74.97424518147518,0.15518954957640835,8.327420804251119,9.844811999706476,1.6725807450318466,256.2999488750904,129.22437868318397,0.9999999999999996,0.04745512711607149,0.9999999999999996,0.3517724524930143,0.9999999999999996,2.7266650910133996,0.9999999999999996,2.7266650910133996
11037.0,37.708700788947276,192.96435560184923,70.77489503232654,305.62677568412175,9.988918266423811,2.7481181919419706,80.9480071762969,281.7349321983491,294.66631736864304,1.4450759776613182,13.493937427888989,164.20363791925948,164.20363791925948,73.81964008662301,0.15518762876510447,8.326670163314796,9.844813920517787,1.6733313859681702,256.997680658927,127.14373216138601,0.9999999999999996,0.04679229175770653,0.9999999999999996,0.33610809654871115,0.9999999999999996,2.7266650910133996,0.9999999999999996,2.7266650910133996
11056.5,38.76075333464675,192.96552692904518,71.43887440068411,305.6305289183006,11.019893154707798,2.6601419943312687,82.32932417265276,281.7384074111631,292.83219269288855,1.4267932080842285,12.915225261164773,164.20363791925948,164.20363791925948,72.67632854766833,0.15518575241960647,8.459057305830695,9.844815796863275,1.5409442434522567,257.39289795154605,125.09913112158654,0.9999999999999996,0.046200286422752014,0.9999999999999996,0.3216934865917057,0.9999999999999996,2.7266650910133996,0.9999999999999996,2.7266650910133996
11076.0,39.30259361316856,192.96667116599988,72.11542550178797,305.63419537037066,11.014271625830707,2.5812779505672214,83.52443900849335,281.7418022702829,292.4214713665145,1.410463906560023,12.346081107967143,164.20363791925948,164.20363791925948,71.54588619426575,0.15518391949227447,8.458430970775295,9.844817629790603,1.5415705785076588,257.50028911683773,123.09103094836456,0.9999999999999996,0.04567153537233544,0.9999999999999996,0.3075171974977811,0.9999999999999996,2.7266650910133996,0.9999999999999996,2.7266650910133996
11095.5,40.142210775745504,62.206082384903596,72.59486395973722,18.376047350590706,11.940977392835842,2.5117444179771806,84.53243082643502,636.2825439841034,290.87586433901066,1.779192583833899,11.827350653799513,164.20363791925948,164.20363791925948,70.44524919538694,2.0597848763688993,8.560661227626685,7.940216672913977,1.4393403216562803,257.3464482008185,121.1479173979464,0.9999999999999996,0.05761115661934793,0.9999999999999996,0.29459661694048667,0.9999999999999996,2.7266650910133996,0.9999999999999996,2.7266650910133996
11115.0,40.68298064330952,51.79528958726176,73.25718105906168,18.31418043716972,11.935440104395557,2.477391784311371,84.96254358072542,641.5357053372164,290.47019818441436,3.4159229911588036,11.320909373276493,164.20363791925948,164.20363791925948,69.77521830524866,2.082707927405631,8.560277985739958,7.9172936218772465,1.439723563543016,256.948054831459,119.97826123844888,0.9999999999999996,0.11060931583877015,0.9999999999999996,0.28198213612494066,0.9999999999999996,2.7266650910133996,0.9999999999999996,2.7266650910133996
11134.5,41.52901335421838,42.59037568983344,73.67155463089686,8.616230602108097,13.034603252109301,2.4836095421080255,84.69511165086759,657.1719675602365,288.764070503685,5.078076746905558,10.860703173667645,164.20363791925948,164.20363791925948,69.66971943469805,3.4598269166323234,8.664781234172496,6.540174632650549,1.3352203151104538,256.32878877394484,119.8134011002854,0.9999999999999996,0.16443069595121304,0.9999999999999996,0.2705192824844044,0.9999999999999996,2.7266650910133996,0.9999999999999996,2.7266650910133996
11154.0,42.254615016655464,38.980867504039615,74.53312730421518,8.613501288578888,13.027145278028808,2.5461987415905445,83.52255164845086,659.0367767493212,288.21896787633835,7.674411808694698,10.402556852439119,164.20363791925948,164.20363791925948,70.34421354179236,3.5869302354999055,8.664821144440786,6.4130713137829645,1.3351804048421658,255.5017310381913,121.03735651727803,0.9999999999999996,0.24850133970284116,0.9999999999999996,0.2591077364629549,0.9999999999999996,2.7266650910133996,0.9999999999999996,2.7266650910133996
11173.5,43.065083961902346,36.94757696297962,74.85104952723277,6.427684503041035,14.351328944931318,2.672397095290661,81.38945314680733,662.7280599016237,286.3299085471175,10.060635956475787,9.98817188252466,164.20363791925948,164.20363791925948,71.8654974158796,4.145646779457268,8.77028182191792,5.8543547698255995,1.2297197273650267,254.48578912102784,123.77306465109028,0.9999999999999996,0.3257684856856846,0.9999999999999996,0.24878620175741478,0.9999999999999996,2.7266650910133996,0.9999999999999996,2.7266650910133996
11193.0,44.07320174220327,35.45046698886453,75.9827293623869,6.426714151756051,14.341826333965255,2.8725427061004924,78.30150866441744,663.5338259692232,285.57750437361113,12.733610943277085,9.566790234220742,164.20363791925948,164.20363791925948,74.2342316904027,4.284487150382284,8.772186553384191,5.715514398900583,1.2278149958987523,253.29151267761847,128.03878932997222,0.9999999999999996,0.41232076900982956,0.9999999999999996,0.23829039321458934,0.9999999999999996,2.7266650910133996,0.9999999999999996,2.7266650910133996
11212.5,44.51156294453177,35.04836751963232,76.11281413584798,5.909665802321997,15.384161487114149,3.1591283036916797,74.30651848640909,664.308397832006,284.2443986427333,15.143232364390817,9.188842352583306,164.20363791925948,164.20363791925948,77.41148294221598,4.422244937368364,8.837676609437745,5.577756611914503,1.1623249398451854,251.93362547616977,133.79062475695653,0.9999999999999996,0.49034553054856067,0.9999999999999996,0.228876436482492,0.9999999999999996,2.7266650910133996,0.9999999999999996,2.7266650910133996
11232.0,45.4657677767908,34.55462803458096,77.07810972798436,5.908855601024461,15.379365916863499,3.5483937255028635,69.51581120096382,664.5414127384888,283.55042105146674,17.460396691972832,8.814456451430532,164.20363791925948,164.20363791925948,81.29440037352546,4.491339980892662,8.845454635851029,5.508661568390205,1.1545469134319046,250.42620521641564,140.88475007332616,0.9999999999999996,0.5653764845903274,0.9999999999999996,0.21955120185148938,0.9999999999999996,2.7266650910133996,0.9999999999999996,2.7266650910133996
11251.5,45.55683034141149,36.76183697934135,77.11090264717691,10.439167837158772,15.915615781075251,4.065239834854029,64.04484146509115,658.0284462550783,282.9716351672566,19.505195791521945,8.479944491520637,164.20363791925948,164.20363791925948,85.77623764770016,3.6935061187738714,8.8610649715039,6.306495430508991,1.1389365777790255,248.78371240208094,149.18525769642196,0.9999999999999996,0.6315881146575891,0.9999999999999996,0.21121915060855706,0.9999999999999996,2.7266650910133996,0.9999999999999996,2.7266650910133996
11271.0,46.2307017133648,41.66412456269441,77.67583605198796,10.448524953014173,15.958587876619104,4.716666858854545,58.23799663576845,654.9799875330951,282.4559090296381,20.226594662964956,8.162006770542131,164.20363791925948,164.20363791925948,90.52259953941602,3.1557877141843225,8.882676349536847,6.844213835098537,1.1173251997460725,247.02273935530243,158.14849553429485,0.9999999999999996,0.6549473753387275,0.9999999999999996,0.2032999318638294,0.9999999999999996,2.7266650910133996,0.9999999999999996,2.7266650910133996
11290.5,46.245445986849646,43.128569668392885,77.69328206129293,20.1278956876227,15.959759550371853,5.51396477117571,52.39641241056082,644.1122279175711,282.4693478308769,20.83004109998901,7.87775232335721,164.20363791925948,164.20363791925948,95.24124564116144,2.747591420069395,8.882748010837528,7.252410129213462,1.1172535384453979,245.15805705020148,167.3079344954067,0.9999999999999996,0.6744872764774037,0.9999999999999996,0.19621969885627374,0.9999999999999996,2.7266650910133996,0.9999999999999996,2.7266650910133996
11310.0,47.865797703902324,54.071617134457725,78.92181106150584,20.342036844030446,17.257717178338325,6.463358775952376,46.75946099805573,637.5745962132182,280.00624753107775,20.318619440119306,7.586522707796037,164.20363791925948,164.20363791925948,99.69836066684701,1.914850038227511,8.958023840556836,8.085151511055347,1.0419777087260826,243.19889297210108,176.28565242200878,0.9999999999999996,0.6579271842125232,0.9999999999999996,0.18896572778460027,0.9999999999999996,2.7266650910133996,0.9999999999999996,2.7266650910133996
11329.5,47.89825712046602,54.0822584066149,78.96095835932633,20.34155687381341,17.258806739480075,7.5620088631901,41.538659707161,637.5519663729582,280.00599748097636,19.826997824683467,7.324123080948068,164.20363791925948,164.20363791925948,103.6863391302297,1.9148843012108998,8.958080360775826,8.085117248071954,1.041921188507089,241.15174285424902,184.73219640585677,0.9999999999999996,0.6420082274106129,0.9999999999999996,0.18242985642857307,0.9999999999999996,2.7266650910133996,0.9999999999999996,2.7266650910133996
11349.0,48.78809839184428,64.50758678815342,79.6262483450352,30.644064105305848,17.99237196302349,8.81669865440599,36.79361176128611,621.474383162409,278.65004778429915,18.956060135471056,7.071787349399989,164.20363791925948,164.20363791925948,107.15300468921366,1.3585663720721437,8.996298088142376,8.641435177210697,1.0037034611405282,239.02893932110447,192.57219007395645,0.9999999999999996,0.6138068241028339,0.9999999999999996,0.1761446573993732,0.9999999999999996,2.7266650910133996,0.9999999999999996,2.7266650910133996
11368.5,48.809028984056674,64.51329791631798,79.65110650050667,30.64394719074595,17.99365429713162,10.21507597353468,32.59176843231891,621.4672436870102,278.65857183770436,18.121726347951512,6.84426716577598,164.20363791925948,164.20363791925948,110.0364496453272,1.3585695503298807,8.996361110687067,8.64143199895296,1.0036404385958355,236.83968769132235,199.68232202460624,0.9999999999999996,0.5867906736633886,0.9999999999999996,0.17047756606647366,0.9999999999999996,2.7266650910133996,0.9999999999999996,2.7266650910133996
11388.0,50.775099009829525,73.60226007910754,81.09850493822671,41.09758446532904,19.666734793727798,11.747675348097712,28.920081697233346,606.1614763646905,275.59056983588385,17.148671984058126,6.606573363626356,164.20363791925948,164.20363791925948,112.35378452933227,1.0492619897358324,9.073837324005927,8.950739559547007,0.926164225276971,234.59073391655497,206.07528717358542,0.9999999999999996,0.5552826807306598,0.9999999999999996,0.16455706941167075,0.9999999999999996,2.7266650910133996,0.9999999999999996,2.7266650910133996
11407.5,50.822529714331914,73.60551420456311,81.15562847252588,41.09784309009507,19.667887852847578,13.384843516152333,25.76806828835,606.1623973971394,275.57846746598295,16.23604933856305,6.387961801631877,164.20363791925948,164.20363791925948,114.11603730742081,1.0492554215045728,9.07388405961553,8.95074612777827,0.926117489667366,232.2829824898075,211.72015749495185,0.9999999999999996,0.5257314974345355,0.9999999999999996,0.15911187475457655,0.9999999999999996,2.7266650910133996,0.9999999999999996,2.7266650910133996
11427.0,51.91546134755874,80.23193215327366,81.94688960252097,49.58404260061829,20.629732497190297,15.099868467147559,23.08432645359648,594.205029176367,273.8601747119566,15.307339980572094,6.1762234293940255,164.20363791925948,164.20363791925948,115.3805004442804,0.885581215254662,9.113235975317329,9.114420334028168,0.8867655739655711,229.92621516783794,216.66771301880613,0.9999999999999996,0.4956594182435478,0.9999999999999996,0.15383787806980606,0.9999999999999996,2.7266650910133996,0.9999999999999996,2.7266650910133996
11446.5,51.94634854140934,80.23429871184344,81.98363216929428,49.584601896979,20.631159648667033,16.85294028552545,20.821850871621358,594.2096788395394,273.86081347256084,14.447916421270714,5.982874323381961,164.20363791925948,164.20363791925948,116.19750273135008,0.8855717069463066,9.113290499060108,9.114429842336524,0.886711050222789,227.5259507016214,220.93542074650406,0.9999999999999996,0.4678308482915659,0.9999999999999996,0.14902192273146295,0.9999999999999996,2.7266650910133996,0.9999999999999996,2.7266650910133996
11466.0,53.1215592758177,89.40983031060043,82.82273564893654,62.53925794243894,21.693510346441034,18.60885843587144,18.921469600543656,576.5060787973014,271.9881442030976,13.569461193864418,5.794567780710299,164.20363791925948,164.20363791925948,116.63130456179609,0.7152516229111627,9.153037305854927,9.284749926371667,0.846964243427976,225.0906386618634,224.57153569887552,0.9999999999999996,0.43938602329115223,0.9999999999999996,0.14433156797301924,0.9999999999999996,2.7266650910133996,0.9999999999999996,2.7266650910133996
11485.5,53.15959393624782,89.41280479557614,82.86807347904563,62.540357018452255,21.694943849370915,20.322747107231084,17.336024534661817,576.5134620999719,271.98274057198563,12.746335846344053,5.6210669276851695,164.20363791925948,164.20363791925948,116.73122328343645,0.7152395202064653,9.153087060002363,9.284762029076363,0.8469144892805388,222.6238645538405,227.5834332201393,0.9999999999999996,0.4127328078133959,0.9999999999999996,0.1400099945426186,0.9999999999999996,2.7266650910133996,0.9999999999999996,2.7266650910133996
11505.0,53.1620804369756,93.34766002362751,82.87010436628609,68.52488051685194,21.696731882486823,21.969557762077134,16.009442437316626,568.5138200106261,272.0049591854085,11.975846056979465,5.46608768624087,164.20363791925948,164.20363791925948,116.55921536511269,0.6568784770260565,9.15315095764591,9.343123072256772,0.8468505916369927,220.13539771276177,230.03240036164908,0.9999999999999996,0.3877839583566157,0.9999999999999996,0.1361497589275676,0.9999999999999996,2.7266650910133996,0.9999999999999996,2.7266650910133996
11524.5,53.164070307894164,93.34970225133337,82.8715531188668,68.5261118840175,21.698483566089312,23.52552419779886,14.897406675131528,568.5224104031065,272.0270135421106,11.27189000132711,5.327648447724324,164.20363791925948,164.20363791925948,116.1649608641567,0.6568672123825463,9.153213565180726,9.343134336900285,0.8467879841021732,217.63414431211558,231.96146808419059,0.9999999999999996,0.3649895048815824,0.9999999999999996,0.13270150305754402,0.9999999999999996,2.7266650910133996,0.9999999999999996,2.7266650910133996
11544.0,54.419938777196606,103.29293424229435,83.74851525635522,84.79583075984812,22.878323353513494,24.97612410215538,13.960755187881455,547.1741567036977,269.98508345264366,10.576284436110498,5.190341499182331,164.20363791925948,164.20363791925948,115.5910488484753,0.5376107914387683,9.193362114459966,9.462390757844055,0.8066394348229345,215.12579503106775,233.4172423240647,0.9999999999999996,0.34246544451447514,0.9999999999999996,0.12928145035876837,0.9999999999999996,2.7266650910133996,0.9999999999999996,2.7266650910133996
11563.5,54.478901363971595,103.29763375415374,83.81920376747854,84.79800032832401,22.879556537276862,26.300362920345712,13.1727855674703,547.1827000236729,269.9616471625055,9.917277982312608,5.060217036708648,164.20363791925948,164.20363791925948,114.8640128821315,0.5375971698996128,9.193400132729323,9.462404379383209,0.8066014165535782,212.61006949755296,234.40892082097125,0.9999999999999996,0.32112648190419946,0.9999999999999996,0.12604029961013208,0.9999999999999996,2.7266650910133996,0.9999999999999996,2.7266650910133996
11583.0,55.836639968143665,109.76487959234964,84.7502154178234,96.26375564270444,24.19738293781253,27.495639944721248,12.505636572911966,532.435926949336,267.7165919581548,9.297381163128279,4.931277704847085,164.20363791925948,164.20363791925948,114.01454146095074,0.4766176156811295,9.233965851009696,9.523383933601691,0.7660356982732123,210.09166247788178,234.9831444365111,0.9999999999999996,0.30105390906281104,0.9999999999999996,0.12282866819166387,0.9999999999999996,2.7266650910133996,0.9999999999999996,2.7266650910133996
11602.5,55.91158509560476,109.76952080615077,84.84006875082001,96.26640374956095,24.19860291060646,28.55829273562735,11.938709340574675,532.4448155077652,267.680174609865,8.721588070434086,4.80746889604705,164.20363791925948,164.20363791925948,113.0626167813887,0.4766045824605068,9.233999496188968,9.523396966822313,0.7660020530939387,207.5695499722921,235.1670127597843,0.9999999999999996,0.28240943721364065,0.9999999999999996,0.1197448282610193,0.9999999999999996,2.7266650910133996,0.9999999999999996,2.7266650910133996
11622.0,57.383317556643924,109.77060798662465,85.82798770375419,96.26838619971711,25.680329827012798,29.494821687889637,11.453162332469756,532.4558298510107,265.19931166462885,8.20736098294199,4.685136915580191,164.20363791925948,164.20363791925948,112.02968390981025,0.47659523292454026,9.27499468732581,9.523406316358274,0.7250068619571032,205.0480552406256,235.00693031291092,0.9999999999999996,0.26575850378203864,0.9999999999999996,0.11669777329122445,0.9999999999999996,2.7266650910133996,0.9999999999999996,2.7266650910133996
11641.5,57.47986583916565,109.77167048295047,85.94367862844486,96.27032291067803,25.681552944653145,30.31659255004379,11.032737484598599,532.4665893223639,265.145438375437,7.748116543649478,4.566037547749429,164.20363791925948,164.20363791925948,110.93104113526421,0.4765860993860069,9.275024705881444,9.523415449896806,0.7249768434014748,202.52558453935507,234.5471737644158,0.9999999999999996,0.25088793633529644,0.9999999999999996,0.11373123650122728,0.9999999999999996,2.7266650910133996,0.9999999999999996,2.7266650910133996
11661.0,57.482783039743616,117.73913895728458,85.94614936257126,111.36825781258247,25.683529446393102,31.030817154459356,10.666458714192736,513.3365947495034,265.16534324282054,7.3118432053543705,4.45964929578821,164.20363791925948,164.20363791925948,109.78083309182662,0.41465752603373107,9.275076457579365,9.585344023249078,0.7249250917035445,200.00739937081312,233.82320635510303,0.9999999999999996,0.23676118476846789,0.9999999999999996,0.11108130922440991,0.9999999999999996,2.7266650910133996,0.9999999999999996,2.7266650910133996
11680.5,57.48481979128041,117.75428445214588,85.94757984254692,111.37408746448496,25.685467240586462,31.634586245298166,10.348714574669721,513.3372181539368,265.18543401363377,6.893966230889626,4.3646096363369296,164.20363791925948,164.20363791925948,108.58808827142111,0.4146346983344995,9.275127205890119,9.585366850948308,0.72487434339279,197.4991738713127,232.84518931381598,0.9999999999999996,0.22323011677602447,0.9999999999999996,0.10871405361754846,0.9999999999999996,2.7266650910133996,0.9999999999999996,2.7266650910133996
11700.0,59.04919646459639,127.90559933273215,86.95209831680471,132.16806847102632,27.364357262212675,32.134567330885616,10.072274151667466,487.4189706869444,262.45511543708574,6.497303413141714,4.270091307343478,164.20363791925948,164.20363791925948,107.36238754398657,0.3516991443208495,9.316563501351837,9.648302404961964,0.6834380479310647,195.00481023322772,231.6401037028259,0.9999999999999996,0.21038597391819866,0.9999999999999996,0.10635978335234805,0.9999999999999996,2.7266650910133996,0.9999999999999996,2.7266650910133996
11719.5,59.210102903207705,127.94042660224505,87.14492765513339,132.18365419472525,27.36529251584281,32.531972069975204,9.832441461169411,487.40077566222567,262.34883253172745,6.1112436678541755,4.17348200218018,164.20363791925948,164.20363791925948,106.10637049129713,0.3516545275763997,9.31658288955539,9.648347021706414,0.6834186597275083,192.52089372088088,230.21434465639229,0.9999999999999996,0.19788516391467495,0.9999999999999996,0.10395343088177719,0.9999999999999996,2.7266650910133996,0.9999999999999996,2.7266650910133996
11739.0,59.213393764899244,127.94180868816439,87.14784319026846,132.18658975154875,27.367294327747153,32.835138532939396,9.623898973151471,487.41164715659653,262.3672032473433,5.766471166060135,4.087184865926352,164.20363791925948,164.20363791925948,104.82726002837704,0.35164699111816067,9.316629463313259,9.648354558164655,0.6833720859696398,190.0505882999618,228.59375179427056,0.9999999999999996,0.18672125575803258,0.9999999999999996,0.10180393475739677,0.9999999999999996,2.7266650910133996,0.9999999999999996,2.7266650910133996
11758.5,59.21539825962633,127.94315842910605,87.14923191510269,132.18945732845478,27.369258424262156,33.054065317112254,9.441813528759415,487.42226779306446,262.38611153428207,5.458547233490474,4.010088298175325,164.20363791925948,164.20363791925948,103.53250676624334,0.35163962954876715,9.316675171678567,9.648361919734047,0.6833263776043338,187.5982403512999,226.8073002036632,0.9999999999999996,0.17675052292826243,0.9999999999999996,0.09988360714540709,0.9999999999999996,2.7266650910133996,0.9999999999999996,2.7266650910133996
11778.0,60.76652360587472,127.94447695458724,88.02946295189966,132.1922586095371,29.287985595347898,33.1980773009557,9.282188539550075,487.43264288129876,259.45188667601155,5.183554129867487,3.934947156931906,164.20363791925948,164.20363791925948,102.22812279105862,0.3516324384694339,9.358572391926025,9.648369110813379,0.6414291573568712,185.1671966870257,224.8804575091453,0.9999999999999996,0.16784610701173144,0.9999999999999996,0.09801198545672002,0.9999999999999996,2.7266650910133996,0.9999999999999996,2.7266650910133996
11797.5,61.12594944882187,127.9457649913051,88.45566717229765,132.19499514489436,29.28837116241694,33.27893490378205,9.140573764645838,487.4427781730733,259.1874440287197,4.937956923117345,3.8520527535414066,164.20363791925948,164.20363791925948,100.91604401191792,0.3516254138809808,9.35857805968928,9.648376135401833,0.641423489593612,182.75328216170038,222.83596699522406,0.9999999999999996,0.15989354511825304,0.9999999999999996,0.09594724488066411,0.9999999999999996,2.7266650910133996,0.9999999999999996,2.7266650910133996
11817.0,61.130367887721626,141.1642658326365,88.45992443861611,162.47468749756777,29.290412158142914,33.30456274225422,9.014213356533375,450.5038265848264,259.20378730119654,4.703906871337853,3.7780045729169744,164.20363791925948,164.20363791925948,99.59967546042564,0.28803123606522035,9.358619882482722,9.711970313217597,0.6413816668001722,180.3575747706847,220.69264198224704,0.9999999999999996,0.15231488594872178,0.9999999999999996,0.09410284674442149,0.9999999999999996,2.7266650910133996,0.9999999999999996,2.7266650910133996
11836.5,61.13235781623823,141.5764325578851,88.46128649820287,162.73809912752492,29.292417732965152,33.26977817154837,8.903927937314512,450.04820684032217,259.2216038537808,4.453355011000047,3.7118525561593385,164.20363791925948,164.20363791925948,98.28036085643797,0.28752896573148284,9.358660995583005,9.712472583551335,0.6413405536998904,177.98366848773992,218.4441077864198,0.9999999999999996,0.14420188986367408,0.9999999999999996,0.09245512690326421,0.9999999999999996,2.7266650910133996,0.9999999999999996,2.7266650910133996
11856.0,62.60238560924589,141.57793731029386,89.14310271112636,162.74162265513039,31.504598618853713,33.177429774959926,8.808682718350223,450.057970810813,256.08250757002696,4.229565054407383,3.6487856175366318,164.20363791925948,164.20363791925948,96.96088922226015,0.2875229174491015,9.400985730934833,9.712478631833726,0.5990158183480647,175.63447628590353,216.09972587048645,0.9999999999999996,0.13695545777068785,0.9999999999999996,0.09088425044048899,0.9999999999999996,2.7266650910133996,0.9999999999999996,2.7266650910133996
11875.5,63.263924356223626,141.579399339246,89.89581157982335,162.7450597360428,31.506447244020276,33.03788324266858,8.725379166412694,450.06751806501603,255.58287366757838,4.029699420172819,3.574130212755608,164.20363791925948,164.20363791925948,95.6417606765767,0.2875170186957793,9.401030032614367,9.712484530587053,0.598971516668523,173.3056833970516,213.67753933147637,0.9999999999999996,0.13048370734786363,0.9999999999999996,0.08902472751531496,0.9999999999999996,2.7266650910133996,0.9999999999999996,2.7266650910133996
11895.0,63.26963899973176,141.58082748539812,89.90159706693419,162.74841729730434,31.508551918695872,32.858910266938466,8.651966096445172,450.076844605272,255.5971434838861,3.8512079724482593,3.5074426947939448,164.20363791925948,164.20363791925948,94.32477657333946,0.28751125665563704,9.401067645630748,9.712490292627194,0.5989339036521384,170.9968749669453,211.1934445839043,0.9999999999999996,0.12470406390537851,0.9999999999999996,0.08736366936639192,0.9999999999999996,2.7266650910133996,0.9999999999999996,2.7266650910133996
11914.5,63.27162183469412,141.58222261375067,89.90293454846523,162.7516972667012,31.5106166861422,32.64587575729181,8.5872130305384,450.0859556130277,255.61395373193292,3.691789196067804,3.4478632851558064,164.20363791925948,164.20363791925948,93.0130604371635,0.2875056279969085,9.401104554252552,9.71249592128592,0.5988969950303313,168.7111944730579,208.66153700186342,0.9999999999999996,0.11954200321696871,0.9999999999999996,0.0858796605606609,0.9999999999999996,2.7266650910133996,0.9999999999999996,2.7266650910133996
11934.0,63.27354305333075,141.5835854609947,89.9042221906107,162.75490137393197,31.512633805215316,32.403512215515605,8.530084210517696,450.0948558929921,255.63038831050255,3.549425328140632,3.3946403875240523,164.20363791925948,164.20363791925948,91.70927278015135,0.28750012973585726,9.401140606803104,9.712501419546971,0.5988609424797756,166.45133988229964,206.09409297164183,0.9999999999999996,0.11493218909869325,0.9999999999999996,0.0845539802756135,0.9999999999999996,2.7266650910133996,0.9999999999999996,2.7266650910133996
11953.5,63.27541853493693,141.58491680280454,89.90547844807617,162.75803144046898,31.51460438374107,32.136130604810056,8.479668908719443,450.1035505047942,255.64644474726092,3.422273471792551,3.3470875431540446,164.20363791925948,164.20363791925948,90.41569280725798,0.28749475873201896,9.401175823333068,9.71250679055081,0.5988257259498084,164.21958360428675,203.5020557230487,0.9999999999999996,0.11081494761675935,0.9999999999999996,0.08336953014072201,0.9999999999999996,2.7266650910133996,0.9999999999999996,2.7266650910133996
11973.0,63.79053018056302,151.91610517723367,89.9790403319272,200.5782017452113,33.84606380676967,31.84749110565663,8.435198356108591,407.07826177754333,253.02430028848698,3.3056866439194112,3.3041041000539826,164.20363791925948,164.20363791925948,89.13425019630316,0.23568710552573657,9.434803647407769,9.764314443757089,0.5651979018751021,162.01785337307996,200.89487348646395,0.9999999999999996,0.10703980710561867,0.9999999999999996,0.08229889502619919,0.9999999999999996,2.7266650910133996,0.9999999999999996,2.7266650910133996
11992.5,65.67170853520244,161.17493447364643,91.48921999200775,212.06077453528982,34.09811794709907,31.53404644610978,8.397310087205424,390.96613609716854,251.46430730817028,3.1481033611790057,3.2437766331847637,164.20363791925948,164.20363791925948,87.86184840234276,0.22213889702645856,9.444024561483447,9.77786265225636,0.5559769877994154,159.84206590650228,198.26151394627414,0.9999999999999996,0.10193718063053211,0.9999999999999996,0.08079625354980466,0.9999999999999996,2.7266650910133996,0.9999999999999996,2.7266650910133996
12012.0,65.68132201142255,161.17659087921987,91.49967012536126,212.06514112776907,34.10022728071075,31.194182565976725,8.36641939890559,390.97406093498535,251.47371933720981,3.0064845109466356,3.18976753527172,164.20363791925948,164.20363791925948,86.59623195316006,0.2221344203613747,9.444057062295203,9.777867128921446,0.5559444869876551,157.68916552206525,195.59555159384047,0.9999999999999996,0.09735149056239571,0.9999999999999996,0.07945099052388102,0.9999999999999996,2.7266650910133996,0.9999999999999996,2.7266650910133996
12031.5,65.6832343011094,161.17816679295615,91.50094520358205,212.06935890440258,34.10227946543026,30.83214251202795,8.341745606173005,390.98187157538337,251.48889572207935,2.8800014350567498,3.141515373166742,164.20363791925948,164.20363791925948,85.33962537776145,0.22213009996288985,9.444088668358983,9.777871449319933,0.5559128809238777,155.5615497786784,192.9077260895735,0.9999999999999996,0.09325590453028276,0.9999999999999996,0.07824912172567947,0.9999999999999996,2.7266650910133996,0.9999999999999996,2.7266650910133996
12051.0,65.6850725498552,161.1797062470627,91.50215515190571,212.07347915872762,34.10428423996021,30.45168379956307,8.322613513433545,390.9895016634744,251.50374561657898,2.7670450642503126,3.098408499293542,164.20363791925948,164.20363791925948,84.09391385602414,0.22212587962247862,9.44411954073596,9.777875669660345,0.5558820085469003,153.461227902204,190.20740734765596,0.9999999999999996,0.08959832005695947,0.9999999999999996,0.07717541218736917,0.9999999999999996,2.7266650910133996,0.9999999999999996,2.7266650910133996
12070.5,65.6868681530175,161.1812100819101,91.5033369396699,212.07750411841573,34.10624271325171,30.056178352630795,8.308427766709487,390.9969552805254,251.51825265940047,2.666166719374421,3.0598962160855563,164.20363791925948,164.20363791925948,82.86073522844535,0.222121757046528,9.444149696788127,9.777879792236293,0.55585185249473,151.38993098193862,187.50291427641085,0.9999999999999996,0.08633182817802966,0.9999999999999996,0.07621614508894407,0.9999999999999996,2.7266650910133996,0.9999999999999996,2.7266650910133996
12090.0,65.68862220871682,161.18267914775407,91.50449133553175,212.08143605642357,34.108155988139906,29.64860609482631,8.298666320187303,391.00423663550845,251.5324249519953,2.5760695294626834,3.0254855214759604,164.20363791925948,164.20363791925948,81.64144588777609,0.22211772989598716,9.444179153726852,9.777883819386833,0.5558223955560058,149.34904448333054,184.80144749730707,0.9999999999999996,0.08341443555503253,0.9999999999999996,0.07535904069462204,0.9999999999999996,2.7266650910133996,0.9999999999999996,2.7266650910133996
12109.5,68.40404058601912,161.18411423313648,93.2618474898458,212.0852769855501,37.16121668223857,29.23338237852224,8.29214072280956,391.0113496159715,246.65673619537426,2.4956044535207598,2.974963479623892,164.20363791925948,164.20363791925948,80.43543015557466,0.22211371903960442,9.487503554089164,9.777887830243216,0.5124979951937041,147.33557257937662,182.10931651627035,0.9999999999999996,0.08080893565884441,0.9999999999999996,0.07410063354612309,0.9999999999999996,2.7266650910133996,0.9999999999999996,2.7266650910133996
12129.0,68.42267730290733,161.1855161254921,93.28301320929441,212.08902929682193,37.163431875288666,28.815491297042165,8.287414859511383,391.0182981688525,246.65735540604632,2.42373887776066,2.926796351646418,164.20363791925948,164.20363791925948,79.24098837848594,0.22210995339582468,9.48753264953935,9.777891595886993,0.5124688997435156,145.34430820500046,179.43197527324924,0.9999999999999996,0.0784818919322271,0.9999999999999996,0.07290088278492073,0.9999999999999996,2.7266650910133996,0.9999999999999996,2.7266650910133996
12148.5,68.42454761857853,161.18688558410872,93.28424890572593,212.0926947338649,37.16549827224582,28.396393978735876,8.284294870458973,391.02508600478666,246.67108750658986,2.359558267227114,2.8837676806863652,164.20363791925948,164.20363791925948,78.05951647733569,0.222106199395625,9.48755969128147,9.7778953498872,0.5124418580013991,143.3772474290989,176.77416800920517,0.9999999999999996,0.0764036912703258,0.9999999999999996,0.07182912113116399,0.9999999999999996,2.7266650910133996,0.9999999999999996,2.7266650910133996
12168.0,68.4263247007633,161.1882233833666,93.28539649981315,212.09627546310165,37.167516678459585,27.977317963801806,8.282617808203545,391.03171697426757,246.68454287102023,2.3022356411003604,2.845324927282089,164.20363791925948,164.20363791925948,76.89222890588013,0.2221025324662259,9.48758610194319,9.7778990168166,0.5124154473396758,141.4361363186762,174.13994974980807,0.9999999999999996,0.07454755561551968,0.9999999999999996,0.07087158588677357,0.9999999999999996,2.7266650910133996,0.9999999999999996,2.7266650910133996
12187.5,68.42806012942998,161.1895302314116,93.28651687552998,212.09977337760554,37.169488460623775,27.559345495050444,8.282238617058432,391.03819458339143,246.69768789849084,2.2510369758494453,2.8109775307880236,164.20363791925948,164.20363791925948,75.74018771242633,0.22209895046216063,9.487611899900783,9.777902598820672,0.5123896493820808,139.5224975755424,171.53288117362106,0.9999999999999996,0.07288971691426112,0.9999999999999996,0.07001605812708762,0.9999999999999996,2.7266650910133996,0.9999999999999996,2.7266650910133996
12207.0,68.42975535173575,161.1908068650185,93.28761122351573,212.10319044744716,37.17141472914958,27.143390133202082,8.283029213373045,391.044522480433,246.71052959578182,2.205312805449947,2.780291429913719,164.20363791925948,164.20363791925948,74.60422595365338,0.2220954513578406,9.487637099867445,9.77790609792499,0.5123644494154176,137.6375018347524,168.95586260657515,0.9999999999999996,0.07140914512787312,0.9999999999999996,0.06925172621800021,0.9999999999999996,2.7266650910133996,0.9999999999999996,2.7266650910133996
12226.5,68.43141137941241,161.19205396115325,93.28868025945805,212.10652848269612,37.17329650225904,26.730274213882332,8.28487199289071,391.05070401736214,246.72307465543167,2.1644746865049416,2.7528733459378447,164.20363791925948,164.20363791925948,73.48509097531473,0.22209203329199423,9.487661715338927,9.777909515990837,0.5123398339439277,135.782194806485,166.41150056547747,0.9999999999999996,0.07008678616125104,0.9999999999999996,0.06856879434097095,0.9999999999999996,2.7266650910133996,0.9999999999999996,2.7266650910133996
12246.0,68.4330291449788,161.19327222704274,93.2897245829038,212.10978937454544,37.175134843239626,26.320683522472557,8.287662532987031,391.05674269638604,246.73533017107636,2.1280009791805905,2.728374636279159,164.20363791925948,164.20363791925948,72.38334204167687,0.22208869432072723,9.48768576038998,9.777912854962102,0.5123157888928732,133.95733177292706,163.90186250355526,0.9999999999999996,0.06890574905248371,0.9999999999999996,0.06795857847808559,0.9999999999999996,2.7266650910133996,0.9999999999999996,2.7266650910133996
12265.5,71.52598173024013,161.19446230512673,95.2326713696588,212.11297481386023,40.84319511731501,25.91623321635515,8.29082982136573,391.0626416941256,241.0067049919367,2.09542655957754,2.6910967294252726,164.20363791925948,164.20363791925948,71.29845966688455,0.2220854108614762,9.531540073623274,9.777916138421354,0.4684614756595654,132.16110191960504,161.42876782587294,0.9999999999999996,0.06785097285423103,0.9999999999999996,0.0670300573267955,0.9999999999999996,2.7266650910133996,0.9999999999999996,2.7266650910133996
12285.0,71.57983433336538,161.19562487092205,95.29553012803996,212.11608668810214,40.84592766796235,25.520627194895777,8.29287121213657,391.068404369681,240.97679405098822,2.0663308629896227,2.650086420137604,164.20363791925948,164.20363791925948,70.22759489001169,0.2220822465071264,9.531570488153719,9.777919302775704,0.46843106112912264,130.3862792346313,158.99363619086665,0.9999999999999996,0.06690883946838727,0.9999999999999996,0.06600856919057041,0.9999999999999996,2.7266650910133996,0.9999999999999996,2.7266650910133996
12304.5,71.58171336301154,161.19676053438886,95.2968165707866,212.1191265474174,40.84795055663875,25.133974458778827,8.293790736277298,391.0740337298818,240.9886229316087,2.040345550356486,2.613451623821381,164.20363791925948,164.20363791925948,69.17137169771223,0.22207913413184854,9.531592607477457,9.777922415150979,0.46840894180538395,128.63390656563988,156.5976847524393,0.9999999999999996,0.06606742188969861,0.9999999999999996,0.06509606668912508,0.9999999999999996,2.7266650910133996,0.9999999999999996,2.7266650910133996
12324.0,71.58337641249643,161.19786994967936,95.29786882367402,212.1220961682724,40.84992454727248,24.75605043950968,8.293699862642818,391.0795330190762,241.00031846117838,2.017135037477815,2.580721123125956,164.20363791925948,164.20363791925948,68.13054176786075,0.22207609375511062,9.531614188313556,9.777925455527713,0.46838736096928496,126.90541720125051,154.2417887961592,0.9999999999999996,0.06531585373186205,0.9999999999999996,0.06428081270216877,0.9999999999999996,2.7266650910133996,0.9999999999999996,2.7266650910133996
12343.5,71.58499861347376,192.75826389832937,95.29889389094281,305.1916320023352,40.85185292189662,24.384335979722668,8.293370409325433,282.1727331488055,241.01174585461078,1.966226695849324,2.5514794844112534,164.20363791925948,164.20363791925948,67.10507851848031,0.15541283151641874,9.531635268502685,9.844588717766415,0.4683662807801577,125.20204863493547,151.92172102311622,0.9999999999999996,0.06366741585648021,0.9999999999999996,0.06355245957463382,0.9999999999999996,2.7266650910133996,0.9999999999999996,2.7266650910133996
12363.0,71.58658338580238,192.9507638530447,95.29989533414485,305.58326455066964,40.85373676561659,24.006451631911666,8.296661286201166,281.69478914524063,241.02290930110036,1.89225203252886,2.5253534846639787,164.20363791925948,164.20363791925948,66.09172791855241,0.1552093857899422,9.531655860066525,9.844792163492892,0.46834568921631287,123.52480529149675,149.6115214359044,0.9999999999999996,0.06127207880688702,0.9999999999999996,0.0629017110371951,0.9999999999999996,2.7266650910133996,0.9999999999999996,2.7266650910133996
12382.5,71.58813152176295,192.9522828106821,95.30087361888053,305.58809133447045,40.855577093427044,23.62217255998345,8.30388592712507,281.6991083591399,241.03381487270852,1.8261680822135908,2.50201079091862,164.20363791925948,164.20363791925948,65.09066948490957,0.1552069707951958,9.531675974226191,9.844794578487639,0.46832557505664824,121.87450573466924,147.31111478013375,0.9999999999999996,0.05913224703924651,0.9999999999999996,0.06232028931318022,0.9999999999999996,2.7266650910133996,0.9999999999999996,2.7266650910133996
12402.0,71.58964388435173,192.95373143720292,95.30182928827139,305.5927351234873,40.85737493462475,23.233398430219463,8.31466165693891,281.70341679424723,241.04446867360556,1.7671486888054952,2.4811537553469676,164.20363791925948,164.20363791925948,64.10265787697891,0.15520464873334555,9.531695622352778,9.844796900549488,0.46830592693005657,120.25176765875818,145.0249086665865,0.9999999999999996,0.05722116920084533,0.9999999999999996,0.06180078056615221,0.9999999999999996,2.7266650910133996,0.9999999999999996,2.7266650910133996
12421.5,75.08368641961064,192.95514928896773,97.37971832186871,305.5972770773083,45.34696896073702,22.84226486205475,8.328392900971032,281.7076186981574,234.2576012424471,1.7144389575178565,2.4517454717887834,164.20363791925948,164.20363791925948,63.12787886621991,0.1552023775551763,9.576092456621339,9.844799171727656,0.4239090926614899,118.65591056963628,142.75675785487385,0.9999999999999996,0.05551440141630773,0.9999999999999996,0.06106827663523304,0.9999999999999996,2.7266650910133996,0.9999999999999996,2.7266650910133996
12441.0,75.26450906612241,192.9565335464453,97.59188920482445,305.60171238753156,45.35306371841032,22.453526640427516,8.343096989415804,281.71172546923003,234.12186335089976,1.6673636315063027,2.4128486550771386,164.20363791925948,164.20363791925948,62.16356982739167,0.1552001597982224,9.576149555440228,9.844801389484612,0.4238519938425999,117.07905472084121,140.50997040343543,0.9999999999999996,0.05399007852714955,0.9999999999999996,0.060099431544864156,0.9999999999999996,2.7266650910133996,0.9999999999999996,2.7266650910133996
12460.5,75.26652762705078,192.95788578020844,97.593362160254,305.6060451192006,45.355089659040715,22.068593170529184,8.358365434487402,281.7157372531269,234.13198949961298,1.6253209263251058,2.37809885943098,164.20363791925948,164.20363791925948,61.21003224456351,0.15519799339194643,9.57616769619271,9.844803555890888,0.4238338530901204,115.52102242855179,138.28738731024245,0.9999999999999996,0.05262871444835171,0.9999999999999996,0.05923388079420278,0.9999999999999996,2.7266650910133996,0.9999999999999996,2.7266650910133996
12480.0,75.26810371107976,192.95920674789093,97.59433455234719,305.6102776996632,45.357059845112836,21.68798539577221,8.374144304141495,281.719656304538,234.1422054634817,1.587771193719848,2.347054816560483,164.20363791925948,164.20363791925948,60.26818190148229,0.15519587712592858,9.576185330608011,9.844805672156905,0.42381621867481856,113.9832448309454,136.09139431646378,0.9999999999999996,0.0514128350962275,0.9999999999999996,0.05846063323661339,0.9999999999999996,2.7266650910133996,0.9999999999999996,2.7266650910133996
12499.5,75.26964410757323,192.96049715792137,97.59528533854844,305.614412396775,45.35898453730852,21.31215101746193,8.39038442216095,281.7234847233326,234.15218482593184,1.5542362735928958,2.31932233464938,164.20363791925948,164.20363791925948,59.338804148983904,0.15519380985496384,9.5762025564181,9.844807739427866,0.42379899286473244,112.46694437452767,133.9240389530015,0.9999999999999996,0.050326957404736666,0.9999999999999996,0.057769870310112194,0.9999999999999996,2.7266650910133996,0.9999999999999996,2.7266650910133996
12519.0,75.271148424385,192.96175772901725,97.59621357681671,305.61845151150004,45.36086477581019,20.941466716060905,8.407040164272715,281.7272246400331,234.16193414889116,1.5242837994437055,2.294544960834875,164.20363791925948,164.20363791925948,58.42254964898893,0.15519179042241904,9.576219383012242,9.84480975886041,0.42378216627058857,110.97312574777757,131.78702716172648,0.9999999999999996,0.049357081127696684,0.9999999999999996,0.05715271345765361,0.9999999999999996,2.7266650910133996,0.9999999999999996,2.7266650910133996
12538.5,75.27261795899643,192.9629891360616,97.59712034481382,305.62239720443193,45.362701575177304,20.576245797527353,8.424070390325035,281.7308780551793,234.17145823232497,1.497534918777648,2.2724103573063124,164.20363791925948,164.20363791925948,57.519954727837636,0.15518981775106763,9.576235819571634,9.84481173153176,0.4237657297111943,109.50261122656606,129.6817697900218,0.9999999999999996,0.04849093882952918,0.9999999999999996,0.05660138294351698,0.9999999999999996,2.7266650910133996,0.9999999999999996,2.7266650910133996
12558.0,75.27405353402288,192.96419207139158,97.59800614902396,305.6262516922123,45.3644959648265,20.21674839394596,8.441436301610157,281.734447021216,234.18076241674328,1.4736426892484715,2.25263248878522,164.20363791925948,164.20363791925948,56.631453994918246,0.15518789072754555,9.57625187539677,9.844813658555282,0.42374967388605633,108.05605806987882,127.60942048304744,0.9999999999999996,0.04771729634141542,0.9999999999999996,0.05610875417760348,0.9999999999999996,2.7266650910133996,0.9999999999999996,2.7266650910133996
12577.5,75.27545591483306,192.96536717514695,97.59887146336581,305.6300170242992,45.366248896622544,19.863185203979132,8.459102978179647,281.7379334357845,234.18985163589366,1.4523061660248306,2.234963239699466,164.20363791925948,164.20363791925948,55.757395030144245,0.15518600832613877,9.5762675590909,9.844815540956684,0.4237339901919295,106.63398546171376,125.5709062840305,0.9999999999999996,0.04702640891735662,0.9999999999999996,0.055668647076959614,0.9999999999999996,2.7266650910133996,0.9999999999999996,2.7266650910133996
12597.0,75.27682589507005,192.96651511294297,97.59971677802781,305.63369533188114,45.36796136042744,19.515725437558626,8.477037153904554,281.7413392722143,234.19873102244608,1.4332465513229458,2.2191727486706507,164.20363791925948,164.20363791925948,54.89804440626475,0.15518416946789243,9.576282879591439,9.84481737981493,0.4237186696913895,105.23678081676204,123.5669508270136,0.9999999999999996,0.04640924894396656,0.9999999999999996,0.05527533623558165,0.9999999999999996,2.7266650910133996,0.9999999999999996,2.7266650910133996
12616.5,75.27816419474041,192.96763648848625,97.60054253781685,305.6372885478716,45.3696342539846,19.174498529498244,8.495209174769121,281.7446663202234,234.20740523129217,1.4162268099174822,2.205065583802595,164.20363791925948,164.20363791925948,54.05360085226973,0.15518237319890005,9.576297845008282,9.844819176083924,0.4237037042745543,103.86472489057559,121.59809904072014,0.9999999999999996,0.045858141100644685,0.9999999999999996,0.05492395381982349,0.9999999999999996,2.7266650910133996,0.9999999999999996,2.7266650910133996
12636.0,75.27947157360036,192.96873193890767,97.60134921201734,305.6407987123429,45.37126852489981,18.839602343868055,8.51359039257128,281.7479164687826,234.21587917589653,1.4010234709840144,2.1924574921044977,164.20363791925948,164.20363791925948,53.22419964552664,0.15518061847798445,9.576312463892515,9.844820930804842,0.42368908539031747,102.51799474501897,119.66473806554907,0.9999999999999996,0.04536584928895916,0.9999999999999996,0.054609910441128055,0.9999999999999996,2.7266650910133996,0.9999999999999996,2.7266650910133996
12655.5,78.25106120633957,192.96980204908797,98.78237138491328,305.64422769804696,50.927072763896476,18.511143879287967,8.53212106904863,281.75109145190356,226.8455227171692,1.3874459806201576,2.1777762810638723,164.20363791925948,164.20363791925948,52.40988597507084,0.15517890438164997,9.620683272124046,9.844822644901177,0.37931827715878297,101.19656622053641,117.76712061500433,0.9999999999999996,0.04492620327707872,0.9999999999999996,0.05424422963637673,0.9999999999999996,2.7266650910133996,0.9999999999999996,2.7266650910133996
12675.0,79.64730853422896,192.9708474111399,100.25403724782448,305.6475774009693,51.00976211224858,18.191752950620447,8.54907992516452,281.7541930251314,225.7076172013915,1.375318477135218,2.144385681303853,164.20363791925948,164.20363791925948,51.60811179306078,0.15517722995412223,9.62137272739296,9.8448243193287,0.3786288218898704,99.89334993426863,115.90538246639525,0.9999999999999996,0.044533508574424896,0.9999999999999996,0.05341253384795809,0.9999999999999996,2.7266650910133996,0.9999999999999996,2.7266650910133996
12694.5,79.65106181647262,192.97186859102538,100.25761547931673,305.6508496333677,51.011742046461954,17.88260302773097,8.563670858216621,281.75722286648374,225.71410091567407,1.3644866812843042,2.114523152223837,164.20363791925948,164.20363791925948,50.817723217347144,0.15517559428376984,9.621386910752264,9.844825954999056,0.37861463853057004,98.60510786074293,114.07955614588427,0.9999999999999996,0.04418276954094089,0.9999999999999996,0.05266871553244771,0.9999999999999996,2.7266650910133996,0.9999999999999996,2.7266650910133996
12714.0,79.6524601553685,192.9728661642235,100.2584555995979,305.6540462380818,51.01359113477478,17.583104703103654,8.576121724036291,281.7601826822814,225.72231870971845,1.3548103808688146,2.0878430720085874,164.20363791925948,164.20363791925948,50.03925891258506,0.15517399645622887,9.621400117819721,9.844827552826596,0.3786014314631151,97.33311283695522,112.28955739298311,0.9999999999999996,0.04386944603465054,0.9999999999999996,0.052004165913418006,0.9999999999999996,2.7266650910133996,0.9999999999999996,2.7266650910133996
12733.5,79.65382582054863,192.97384064636447,100.25927589939046,305.657168866489,51.01539746200405,17.29274832834146,8.5866300022616,281.76307400135084,225.73034678423718,1.3461695628978025,2.0640150267725113,164.20363791925948,164.20363791925948,49.27315926094069,0.15517243587501714,9.621413018570095,9.844829113407814,0.3785885307127416,96.07842405716967,110.53527118842902,0.9999999999999996,0.043589651974147804,0.9999999999999996,0.051410655014796094,0.9999999999999996,2.7266650910133996,0.9999999999999996,2.7266650910133996
12753.0,79.65515995506577,192.97479260933642,100.26007726070485,305.6602193492157,51.017162098214726,17.011030685605498,8.595389344548861,281.76589851941435,225.73818955385468,1.3384495545031256,2.04272324523306,164.20363791925948,164.20363791925948,48.519772487888815,0.15517091090449,9.621425620718453,9.844830638378339,0.37857592856438055,94.84194132937822,108.81644016139032,0.9999999999999996,0.043339674193906594,0.9999999999999996,0.0508803175796628,0.9999999999999996,2.7266650910133996,0.9999999999999996,2.7266650910133996
12772.5,79.6564632192146,192.97572254372767,100.26086006526691,305.663199257314,51.0188859492494,16.737532931551897,8.602562873462821,281.76865769109645,225.74585107133225,1.3315553299891052,2.023706057318864,164.20363791925948,164.20363791925948,47.77937030394833,0.15516942081565321,9.621437930791243,9.844832128467175,0.378563618491591,93.62438671078043,107.13281999210487,0.9999999999999996,0.043116435713792034,0.9999999999999996,0.05040663590848955,0.9999999999999996,2.7266650910133996,0.9999999999999996,2.7266650910133996
12792.0,79.65773632451275,192.97663094636587,100.26162474975796,305.666110183842,51.02056993426394,16.471859290270633,8.60831269794462,281.77135298972775,225.75333540617208,1.3253973015906393,2.0067167660068654,164.20363791925948,164.20363791925948,47.05217121420218,0.15516796655813483,9.6214499553988,9.844833582724693,0.37855159388403464,92.42639222572471,105.48411631548916,0.9999999999999996,0.042917035636614365,0.9999999999999996,0.049983465251659205,0.9999999999999996,2.7266650910133996,0.9999999999999996,2.7266650910133996
12811.5,79.65898004711278,192.9775183729986,100.2623717795778,305.66895390640724,51.02221508070201,16.2136216549231,8.612776797761672,281.77398606319116,225.76064712695018,1.3198959016435765,1.9915362622947512,164.2036379192595,164.2036379192595,46.33827761990227,0.15516654525705648,9.621461701942861,9.844835004025771,0.37853984733997637,91.24835703621642,103.86985470633591,0.9999999999999996,0.04273889752112552,0.9999999999999996,0.049605348024230535,0.9999999999999996,2.7266650910134,0.9999999999999996,2.7266650910134
12831.0,79.66019502169469,192.9783852762153,100.26310153676796,305.6717318751555,51.023822225314746,15.962495186931797,8.616085386019776,281.7765582535655,225.76778995174743,1.314980733333858,1.977970692800346,164.2036379192595,164.2036379192595,45.63780536848208,0.15516515684283258,9.621473176445258,9.844836392440003,0.37852837283758317,90.09068973532396,102.28968812674513,0.9999999999999996,0.04257974188284635,0.9999999999999996,0.0492674557103133,0.9999999999999996,2.7266650910134,0.9999999999999996,2.7266650910134
12850.5,79.66138191346117,192.97923213095305,100.26381442125313,305.6744456111419,51.02539224628764,15.718175740954862,8.618350797732798,281.77907096923195,225.77476778357237,1.3105907903099725,1.9658520598340665,164.2036379192595,164.2036379192595,44.950784747952746,0.15516380055607443,9.62148438522457,9.84483774872676,0.3785171640582716,88.95362715411179,100.74316182599813,0.9999999999999996,0.04243759330522914,0.9999999999999996,0.04896560380972197,0.9999999999999996,2.7266650910134,0.9999999999999996,2.7266650910134
12870.0,79.66254136690453,192.98005939738206,100.264510820507,305.6770965881242,51.026925994463674,15.480376377557768,8.619681410959956,281.7815255747786,225.78158440390914,1.306668699585465,1.9550223706659597,164.2036379192595,164.2036379192595,44.27722999454708,0.15516247565754399,9.6214953344024,9.844839073625295,0.37850621488044145,87.83737289836715,99.22982296985212,0.9999999999999996,0.04231059402192615,0.9999999999999996,0.0486958570266234,0.9999999999999996,2.7266650910134,0.9999999999999996,2.7266650910134
12889.5,79.66367402526458,192.98086753480217,100.26519112120488,305.67968627714583,51.02842431920571,15.248835158774497,8.620171346356358,281.7839234322812,225.78824358769512,1.3031653155458058,1.9453462865637186,164.2036379192595,164.2036379192595,43.61709641839553,0.15516118141178456,9.621506030086145,9.844840367871056,0.37849551919669805,86.74200904982658,97.7491623908942,0.9999999999999996,0.04219715267305789,0.9999999999999996,0.04845484433280966,0.9999999999999996,2.7266650910134,0.9999999999999996,2.7266650910134
12909.0,79.6647804721535,192.9816569599249,100.2658556742157,305.68221601278793,51.02988799100263,15.023314112829079,8.61990911851825,281.7862657774655,225.79474875928597,1.300035329988783,1.9366990366183863,164.2036379192595,164.2036379192595,42.97034686362716,0.15515991714439958,9.621516477818675,9.844841632138438,0.3784850714641711,85.66762089164527,96.30072322899629,0.9999999999999996,0.04209580215609846,0.9999999999999996,0.048239457924280776,0.9999999999999996,2.7266650910134,0.9999999999999996,2.7266650910134
12928.5,79.6658613878102,192.9824281584926,100.26650488840082,305.6846873509272,51.03131790832624,14.803571667578746,8.618974346078259,281.78855405094373,225.80110391188177,1.297238440332615,1.9289696303055883,164.2036379192595,164.2036379192595,42.336849098715916,0.1551586820909227,9.621526684053283,9.844842867191915,0.378474865229565,84.61412105807321,94.88388476866908,0.9999999999999996,0.042005237453045734,0.9999999999999996,0.048046933239982416,0.9999999999999996,2.7266650910134,0.9999999999999996,2.7266650910134
12948.0,79.66691731141115,192.98318151547906,100.26713908790866,305.687101524501,51.03271478302268,14.589408779641236,8.617436533372484,281.79078939433384,225.80731220921086,1.2947397639065132,1.9220620044516088,164.2036379192595,164.2036379192595,41.71651842422186,0.1551574756215367,9.621536653910518,9.844844073661307,0.37846489537233513,83.58148431705116,93.49817584395184,0.9999999999999996,0.04192432904535947,0.9999999999999996,0.047874877530530754,0.9999999999999996,2.7266650910134,0.9999999999999996,2.7266650910134
12967.5,79.6679488428191,192.98391745924943,100.26775863329318,305.6894599055915,51.034079407396895,14.380623786158383,8.61536215808127,281.7929730780794,225.81337717261334,1.2925069505808002,1.9158870676116577,164.2036379192595,164.2036379192595,41.10921332340341,0.1551562970512495,9.62154639308092,9.844845252231593,0.37845515620193254,82.56958606330767,92.14302659180959,0.9999999999999996,0.04185202941946274,0.9999999999999996,0.047721071698935975,0.9999999999999996,2.7266650910134,0.9999999999999996,2.7266650910134
12987.0,84.93952233206522,192.98463636876545,103.35465890990305,305.6917636977535,58.31844434831375,14.17790675313651,8.612041095196664,281.7951062252702,215.08443623736684,1.2905126236418025,1.8939397528324269,164.2036379192595,164.2036379192595,40.51393524424951,0.15515513692610383,9.667244099579625,9.844846412356766,0.33275744970323695,81.5755889723848,90.81792475926744,0.9999999999999996,0.041787452103506754,0.9999999999999996,0.04717440618827807,0.9999999999999996,2.7266650910134,0.9999999999999996,2.7266650910134
13006.5,84.98443245529948,192.98533865796603,103.40605066134115,305.6940142575039,58.32281138298851,13.983673521091655,8.605376613750492,281.7971900658689,215.0535212976558,1.2887304293024755,1.8666885655893874,164.2036379192595,164.2036379192595,39.92791484611908,0.1551540211237159,9.667269076831465,9.844847528159153,0.3327324724513955,80.59141274365373,89.52228334565788,0.9999999999999996,0.041729743748524846,0.9999999999999996,0.046495631388713626,0.9999999999999996,2.7266650910134,0.9999999999999996,2.7266650910134
13026.0,84.9856868701743,192.9860247040295,103.40682623900412,305.69621276235716,58.32447626487473,13.797463967960915,8.595586031774708,281.79922571623496,215.0596033716572,1.2871377581564092,1.8423441943016814,164.2036379192595,164.2036379192595,39.3512862402743,0.15515292249786866,9.667278262141684,9.844848626784998,0.33272328714117444,79.61764093908688,88.25556099740257,0.9999999999999996,0.041678172250490926,0.9999999999999996,0.0458892597985894,0.9999999999999996,2.7266650910134,0.9999999999999996,2.7266650910134
13045.5,84.98683417167838,192.98669488723826,103.40749330953116,305.6983604406233,58.32609791214601,13.618648279769488,8.583017955959487,281.80121430500145,215.06561146972405,1.2857145310212188,1.8205996231085608,164.2036379192595,164.2036379192595,38.7843375892869,0.15515184928592823,9.667287206849698,9.844849699996935,0.3327143424331619,78.65533093873962,87.0171903890964,0.9999999999999996,0.04163208743531388,0.9999999999999996,0.04534764424174809,0.9999999999999996,2.7266650910134,0.9999999999999996,2.7266650910134
13065.0,84.98795800253346,192.98734955473776,103.40814850922524,305.7004584042435,58.32768224216925,13.446665765574782,8.567992936363561,281.80315686173947,215.07147799049906,1.2844426790567587,1.801177390993682,164.2036379192595,164.2036379192595,38.22731693095762,0.1551508009334521,9.66729594532111,9.844850748349415,0.3327056039617523,77.7054269048042,85.80665234807165,0.9999999999999996,0.04159090422480204,0.9999999999999996,0.04486387369651292,0.9999999999999996,2.7266650910134,0.9999999999999996,2.7266650910134
13084.5,84.98905460078514,192.98798910038846,103.40878708715117,305.7025079149014,58.32922993470222,13.280998156634519,8.55080520676557,281.80505455466954,215.077210234126,1.283305786792522,1.7838254367660058,164.2036379192595,164.2036379192595,37.68037045580546,0.15514977681366318,9.667304481246513,9.844851772469207,0.33269706803634974,76.76866017890792,84.6233290240082,0.9999999999999996,0.04155409107770971,0.9999999999999996,0.04443166980213211,0.9999999999999996,2.7266650910134,0.9999999999999996,2.7266650910134
13104.0,84.99012596926481,192.98861385077612,103.40941104273699,305.70451001867104,58.3307418665028,13.12120311001807,8.531714804669072,281.8069083524054,215.0828098923132,1.282289618259766,1.7683251632850092,164.2036379192595,164.2036379192595,37.14363465230417,0.1551487763728462,9.667312819521937,9.84485277291002,0.33268872976093045,75.84568920781462,83.46671253371841,0.9999999999999996,0.04152118702616173,0.9999999999999996,0.044045587723159765,0.9999999999999996,2.7266650910134,0.9999999999999996,2.7266650910134
13123.5,84.99117252407855,192.9892241585589,103.4100205099256,305.7064658452887,58.33221887766649,12.966872247919266,8.510960817323912,281.80871930096185,215.08828027944838,1.2813812212155342,1.7544776948588219,164.2036379192595,164.2036379192595,36.61717734101753,0.15514779908386875,9.667320964805755,9.844853750198997,0.33268058447711024,74.93702362385167,82.33623736869336,0.9999999999999996,0.04149177266997381,0.9999999999999996,0.043700673847605176,0.9999999999999996,2.7266650910134,0.9999999999999996,2.7266650910134
13143.0,84.99219487895866,192.98982034512784,103.41061588270401,305.70837642424436,58.33366174809293,12.817647049228007,8.488756908544387,281.8104883535854,215.09362421618732,1.280569181915765,1.7421077805596275,164.2036379192595,164.2036379192595,36.10104503570087,0.15514684441377197,9.667328921428323,9.844854704869094,0.33267262785453783,74.04309546196396,81.23138542861986,0.9999999999999996,0.04146547842633478,0.9999999999999996,0.043392563011032004,0.9999999999999996,2.7266650910134,0.9999999999999996,2.7266650910134
13162.5,84.99319361367432,192.99040275155892,103.41119749621059,305.7102428481645,58.33507130120221,12.673194861389078,8.465298846413202,281.81221652196285,215.09884475732272,1.279843106018601,1.7310558300542016,164.2036379192595,164.2036379192595,35.59523196749634,0.15514591181978543,9.667336693956917,9.844855637463084,0.33266485532594364,73.16422022323313,80.15159475161646,0.9999999999999996,0.041441967721192956,0.9999999999999996,0.04311728012437419,0.9999999999999996,2.7266650910134,0.9999999999999996,2.7266650910134
13182.0,84.99416925149855,192.99097168250896,103.41176565608137,305.7120660929722,58.33644827275697,12.533226736827004,8.440760541288231,281.81390470972974,215.1039446266225,1.279193908724561,1.721182360292772,164.2036379192595,164.2036379192595,35.099723960882,0.15514500080853852,9.667344286474263,9.844856548474334,0.3326572628086003,72.30066315354928,79.09636199002382,0.9999999999999996,0.04142094638414174,0.9999999999999996,0.04287135093242562,0.9999999999999996,2.7266650910134,0.9999999999999996,2.7266650910134
13201.5,84.99512235188602,192.99152746447433,103.41232068830205,305.7138472046209,58.33779345131185,12.397471447217693,8.415301066720069,281.815553885352,215.10892674469974,1.2786132872728497,1.7123599034753294,164.2036379192595,164.2036379192595,34.61446129733978,0.15514411086570482,9.667351703352612,9.844857438417167,0.3326498459302521,71.45258923579719,78.06513759377538,0.9999999999999996,0.041402145567583135,0.9999999999999996,0.04265160045680349,0.9999999999999996,2.7266650910134,0.9999999999999996,2.7266650910134
13221.0,84.99605340832015,192.99207038540578,103.4128628804721,305.71558710552836,58.339107532259575,12.265695658601619,8.3890605755731,281.81716490292933,215.11379368704775,1.2780940506091298,1.7044780601155622,164.2036379192595,164.2036379192595,34.139384888238276,0.1551432415187271,9.667358948449507,9.844858307764142,0.3326426008333519,70.62013308027969,77.0574359838178,0.9999999999999996,0.041385332421537066,0.9999999999999996,0.04245527885807788,0.9999999999999996,2.7266650910134,0.9999999999999996,2.7266650910134
13240.5,84.99696296001653,192.99260075997054,103.4133925467947,305.7172868037804,58.34039127564526,12.13767486224111,8.362168848252592,281.81873869586445,215.118548268639,1.2776295145147094,1.6974342199135346,164.2036379192595,164.2036379192595,33.67439469103043,0.15514239227255888,9.667366025977431,9.84485915701031,0.33263552330542673,69.80334406786363,76.07271823015567,0.9999999999999996,0.04137029050761827,0.9999999999999996,0.042279830310509865,0.9999999999999996,2.7266650910134,0.9999999999999996,2.7266650910134
13260.0,84.99785147312564,192.99311886018236,103.41390995892178,305.7189471707574,58.341645338414956,12.013219586861775,8.33473837721471,281.8202760710023,215.1231929225885,1.2772139949459147,1.6911411271423749,164.2036379192595,164.2036379192595,33.21939923210001,0.15514156267880802,9.667372939579522,9.844859986604055,0.3326286097033355,69.00225710114792,75.1105178129022,0.9999999999999996,0.04135683577361491,0.9999999999999996,0.04212308144132159,0.9999999999999996,2.7266650910134,0.9999999999999996,2.7266650910134
13279.5,84.9987194665225,192.9936249888429,103.41441541919251,305.7205691765679,58.34287045200582,11.89214259277348,8.306874505465043,281.8217779265695,215.12773035791125,1.2768421140683548,1.6855162344989179,164.2036379192595,164.2036379192595,32.7742689611482,0.1551407522731545,9.667379693308249,9.84486079700971,0.3326218559746112,68.21683198298332,74.17030868999463,0.9999999999999996,0.04134479408252677,0.9999999999999996,0.04198297615553779,0.9999999999999996,2.7266650910134,0.9999999999999996,2.7266650910134
13299.0,84.99956738472018,192.9941194053449,103.41490918663665,305.7221536521728,58.344067242930606,11.774288250558783,8.278667245681218,281.82324503199254,215.13216289500986,1.2765093742445572,1.680490506353314,164.2036379192595,164.2036379192595,32.33888768049075,0.1551399606205629,9.667386290636733,9.84486158866231,0.3326152586461272,67.44702523215078,73.25163948198824,0.9999999999999996,0.04133401979857546,0.9999999999999996,0.04185779490804667,0.9999999999999996,2.7266650910134,0.9999999999999996,2.7266650910134
13318.5,85.00039573167318,192.9946024037901,103.4153915548897,305.7237015398135,58.3452364216498,11.659496338331481,8.250203687522774,281.8246782597092,215.1364931652023,1.2762113561261228,1.6759961154976075,164.2036379192595,164.2036379192595,31.913104509502407,0.15513918725642967,9.667392735499792,9.844862362026445,0.3326088137830693,66.69273092127771,72.35399359109724,0.9999999999999996,0.041324369821022416,0.9999999999999996,0.04174584825320778,0.9999999999999996,2.7266650910134,0.9999999999999996,2.7266650910134
13338.0,85.00120491982094,240.75630798963167,103.41586276427775,490.9904603949329,58.346378569525356,11.547402979730188,8.221663122813585,72.62264546129194,215.14072332167837,1.2667100017889676,1.6719807647556892,164.2036379192595,164.2036379192595,31.496677501259718,0.09733444029738589,9.667399031119436,9.902667108985488,0.33260251816343356,65.95384500914133,71.47636502426141,0.9999999999999996,0.04101671115731877,0.9999999999999996,0.041645833568683434,0.9999999999999996,2.7266650910134,0.9999999999999996,2.7266650910134
13357.5,85.00199540210147,259.09006653858427,103.41632307871605,554.0729785563597,58.3474943250793,11.42908148651216,8.197986310771439,0.36673601749894397,215.1448557293118,1.208569155148736,1.66839188152884,164.2036379192595,164.2036379192595,31.08458121684743,0.08620189472602799,9.667405181032152,9.913799654556858,0.33259636825070915,65.23022688181985,70.5955857332273,0.9999999999999996,0.03913408110804437,0.9999999999999996,0.041556441371887055,0.9999999999999996,2.7266650910134,0.9999999999999996,2.7266650910134
13377.0,85.0027676147208,259.1793983856321,103.41677275235824,554.3977051005453,58.34858430328912,11.300263725094247,8.181839652807554,0.0018519758073359768,215.14889266578837,1.1549740724027273,1.6651835872568066,164.2036379192595,164.2036379192595,30.674052191166446,0.08615130902755015,9.667411188643559,9.913850240255321,0.33259036063930403,64.52171536129507,69.69997947567536,0.9999999999999996,0.03739864519505639,0.9999999999999996,0.0414765289158894,0.9999999999999996,2.7266650910134,0.9999999999999996,2.7266650910134
13396.5,85.00352198007351,259.18077162731265,103.41721203131064,554.4033140427034,58.349649099667566,11.162608941735238,8.172416878351559,9.352324577202564E-6,215.15283633669821,1.107101863402788,1.6623152563201802,164.2036379192595,164.2036379192595,30.265790309912514,0.08615044888489122,9.667417057251159,9.913851100397983,0.33258449203170437,63.82813379135676,68.79346368171073,0.9999999999999996,0.03584851883129501,0.9999999999999996,0.041405084294441195,0.9999999999999996,2.7266650910134,0.9999999999999996,2.7266650910134
13416.0,89.11525794154697,259.1816794555643,104.81672941025708,554.4072196435366,67.64406436958576,11.017688187235263,8.168938809225562,4.7229140529311905E-8,203.41404758082288,1.0643484703487014,1.6570564851948733,164.2036379192595,164.2036379192595,29.860412258223214,0.0861498529533359,9.711531217793006,9.913851696329546,0.2884703314898516,63.1492123460095,67.8796711717053,0.9999999999999996,0.03446414231937185,0.9999999999999996,0.04127409839336097,0.9999999999999996,2.7266650910134,0.9999999999999996,2.7266650910134
13435.5,91.66574470025884,259.18256409769884,107.21899301585397,554.4110269691694,68.15056942403487,10.868928901815858,8.168560959896492,2.3766319746283913E-10,201.03570309098728,1.0261665463355194,1.6306861091540852,164.2036379192595,164.2036379192595,29.456410590118107,0.08614926006250072,9.713878376609527,9.91385228922039,0.28612317267332704,62.477724474193415,66.96179017055982,0.9999999999999996,0.03322779228939846,0.9999999999999996,0.04061726291122626,0.9999999999999996,2.7266650910134,0.9999999999999996,2.7266650910134
13455.0,91.66866616755024,259.1834282644312,107.22179148674864,554.4147462000712,68.15218014092342,10.718651537982298,8.169563556049628,1.0950860360028932E-12,201.03810117468308,0.9920679636169072,1.6070285176768697,164.2036379192595,164.2036379192595,29.053146186991356,0.08614868764075002,9.713884991715428,9.913852861642138,0.28611655756742976,61.80975314272861,66.04261259842181,0.9999999999999996,0.03212366291782327,0.9999999999999996,0.040027997688764215,0.9999999999999996,2.7266650910134,0.9999999999999996,2.7266650910134
13474.5,91.66957031582935,259.1842724492934,107.22229980099627,554.4183794437355,68.15355521751916,10.567451436502317,8.171792257690369,6.824739728039318E-14,201.04217443616625,0.961614189229106,1.5858969885007026,164.2036379192595,164.2036379192595,28.65149338147746,0.08614812792147872,9.713890600265783,9.913853421361406,0.286110949017074,61.14649392731722,65.12457890497423,0.9999999999999996,0.03113755428526296,0.9999999999999996,0.03950165183259582,0.9999999999999996,2.7266650910134,0.9999999999999996,2.7266650910134
13494.0,91.67045279792893,259.1850971005911,107.22279549398735,554.4219286287221,68.15489842947484,10.415845168463617,8.175112133385044,-4.683908794083119E-15,201.04615420732551,0.9344186407721905,1.5670237212512181,164.2036379192595,164.2036379192595,28.25221241208924,0.08614758060446079,9.713896078642739,9.91385396867842,0.2861054706401148,60.48898517461556,64.20980928207746,0.9999999999999996,0.030256948657892215,0.9999999999999996,0.03903155494910436,0.9999999999999996,2.7266650910134,0.9999999999999996,2.7266650910134
13513.5,91.67131480533966,259.1859026905703,107.22327963319714,554.425395788551,68.15621061441244,10.264290329914916,8.179400370335689,-1.424034963919657E-17,201.05004215342032,0.9101275686495824,1.5501635939022056,164.2036379192595,164.2036379192595,27.85596388719509,0.08614704703873252,9.71390143022411,9.913854502244146,0.28610011905874155,59.83811991502574,63.300160551533615,0.9999999999999996,0.02947039144468044,0.9999999999999996,0.0386116015188229,0.9999999999999996,2.7266650910134,0.9999999999999996,2.7266650910134
13533.0,91.67215688995898,259.18668964563756,107.22375258443851,554.4287827558352,68.15749247505553,10.113174715916838,8.184549435256805,-1.620325122885369E-17,201.0538402426374,0.8884360850473454,1.53510534126007,164.2036379192595,164.2036379192595,27.463308164339903,0.0861465252789738,9.713906657960855,9.913855024003905,0.28609489132199756,59.19465008079244,62.397207157516526,0.9999999999999996,0.02876801022385631,0.9999999999999996,0.03823652933103896,0.9999999999999996,2.7266650910134,0.9999999999999996,2.7266650910134
13552.5,91.67297950114944,259.18745839206576,107.22421459654528,554.4320913650934,68.15874470370356,9.962846133109661,8.190460476435641,-5.212502831823617E-19,201.057550533722,0.8690638979707563,1.5216547399969063,164.2036379192595,164.2036379192595,27.074741388160813,0.08614601559632366,9.713911764666426,9.91385553368655,0.2860897846164207,58.55923539222488,61.50235051385343,0.9999999999999996,0.028140728998726793,0.9999999999999996,0.037901500655223845,0.9999999999999996,2.7266650910134,0.9999999999999996,2.7266650910134
13572.0,91.67378310696957,259.1882093676703,107.22466593252835,554.4353234999498,68.15996801209721,9.813597498774543,8.197045479739083,3.774395059475951E-20,201.06117513554867,0.8517624433127927,1.509639549870317,164.2036379192595,164.2036379192595,26.690670772469986,0.08614551770015616,9.713916753256889,9.913856031582718,0.2860847960259543,57.932405892769694,60.61675321537808,0.9999999999999996,0.02758049913766553,0.9999999999999996,0.03760222531733971,0.9999999999999996,2.7266650910134,0.9999999999999996,2.7266650910134
13591.5,91.67456812706932,259.18894296498263,107.22510682821151,554.4384808491686,68.16116303830951,9.665686537285403,8.20422527550774,1.7928981473288736E-21,201.06471593869657,0.8363112030651794,1.4989069647745485,164.2036379192595,164.2036379192595,26.311456408610905,0.08614503133007603,9.713921626345869,9.913856517952794,0.2860799229369797,57.31462806377836,59.7414411690501,0.9999999999999996,0.02708018015592256,0.9999999999999996,0.03733489721041295,0.9999999999999996,2.7266650910134,0.9999999999999996,2.7266650910134
13611.0,91.67533501251621,259.1896596059092,107.22553753705907,554.441565227977,68.16233046827374,9.519328300502947,8.211928409675552,-1.461018050028904E-22,201.06817497554934,0.8225113530073713,1.489319208646177,164.2036379192595,164.2036379192595,25.937385361285692,0.08614455620570251,9.713926386742145,9.91385699307717,0.2860751625407044,56.706259935074094,58.877248158895696,0.9999999999999996,0.026633334024577557,0.9999999999999996,0.03709608459699295,0.9999999999999996,2.7266650910134,0.9999999999999996,2.7266650910134
13630.5,91.67608415898384,259.19035966055503,107.22595828141603,554.4445782286851,68.16347090363789,9.374711718429314,8.220090586854388,-6.610083246642615E-24,201.07155402876128,0.8101875159204199,1.480754753190648,164.2036379192595,164.2036379192595,25.568713263893837,0.08614409208174295,9.713931036910362,9.913857457201123,0.2860705123724833,56.10761923084548,58.02491239968488,0.9999999999999996,0.02623428194049245,0.9999999999999996,0.036882760440384306,0.9999999999999996,2.7266650910134,0.9999999999999996,2.7266650910134
13650.0,91.67681600261936,259.1910435368716,107.22636930635345,554.4475216065242,68.16458500769782,9.231990239873031,8.228653501346598,7.034947538933314E-25,201.07485506364256,0.799180419264965,1.4731032272849989,164.2036379192595,164.2036379192595,25.205632382104557,0.08614363868735062,9.713935579565694,9.913857910595514,0.28606596971715165,55.51892839682068,57.18500796371582,0.9999999999999996,0.02587786657820758,0.9999999999999996,0.03669217560763374,0.9999999999999996,2.7266650910134,0.9999999999999996,2.7266650910134
13669.5,91.67753091508065,259.19171158250174,107.22677082071598,554.4503968571892,68.16567334561276,9.091299102749456,8.23756484774379,2.3892379178013312E-26,201.07807975473202,0.7893507454504874,1.4662680883249324,164.2036379192595,164.2036379192595,24.8483173152339,0.08614319579180117,9.713940017022626,9.91385835349106,0.28606153226022096,54.9403905067763,56.35804934772775,0.9999999999999996,0.025559576763609385,0.9999999999999996,0.03652192540766129,0.9999999999999996,2.7266650910134,0.9999999999999996,2.7266650910134
13689.0,91.67822931843314,259.19236419222403,107.22716306165358,554.4532056792777,68.16673655931103,8.952742722054706,8.246777071381329,-2.358377142473592E-27,201.0812300040293,0.7805711134305461,1.4601610625355879,164.2036379192595,164.2036379192595,24.49688480174734,0.08614276313310851,9.713944351908214,9.913858786149753,0.2860571973746321,54.37212044309682,55.544403785620666,0.9999999999999996,0.025275287833924694,0.9999999999999996,0.03636981111006656,0.9999999999999996,2.7266650910134,0.9999999999999996,2.7266650910134
13708.5,91.67891156965514,259.19300169995114,107.22754622975503,554.4559495094458,68.16777519166862,8.81641380861527,8.256247291338912,-1.6226194271466354E-28,201.08430742004967,0.7727302111080114,1.4547050121635043,164.2036379192595,164.2036379192595,24.151444331882292,0.0861423404899738,9.713948586445111,9.91385920879289,0.28605296283773035,53.8142288131366,54.744407040103184,0.9999999999999996,0.02502139544709428,0.9999999999999996,0.03623391136138055,0.9999999999999996,2.7266650910134,0.9999999999999996,2.7266650910134
13728.0,91.6795780609619,259.1936244725414,107.22792054539438,554.4586299261777,68.16878983923557,8.682380255817883,8.265936916951443,-3.0409549288603194E-29,201.087313770338,0.7657272142903939,1.4498300650751628,164.2036379192595,164.2036379192595,23.812059133292692,0.08614192761810859,9.713952723073957,9.913859621664752,0.2860488262088826,53.26675652757112,53.95827684274862,0.9999999999999996,0.024794634864720912,0.9999999999999996,0.03611248578078969,0.9999999999999996,2.7266650910134,0.9999999999999996,2.7266650910134
13747.5,91.68022913603575,259.1942328314701,107.2282862016828,554.4612483126516,68.16978102470361,8.550701503769218,8.27581065187429,1.4977033817970271E-30,201.0902506036062,0.7594730455110772,1.4454744898257188,164.2036379192595,164.2036379192595,23.478787750467,0.08614152430618775,9.713956763934645,9.913860024976671,0.2860447853481993,52.72974219084484,53.18620911155301,0.9999999999999996,0.024592121713338144,0.9999999999999996,0.03600399675641941,0.9999999999999996,2.7266650910134,0.9999999999999996,2.7266650910134
13767.0,91.68086517411494,259.194827131456,107.22864341169601,554.4638061951499,68.17074932492538,8.421415792544504,8.285836978124204,1.9242951682134458E-31,201.09311962903567,0.7538869916486421,1.4415823492152195,164.2036379192595,164.2036379192595,23.151647609642705,0.08614113031509804,9.713960711386244,9.913860418967758,0.2860408378965982,52.2031624030674,52.42829628258754,0.9999999999999996,0.024411242461211662,0.9999999999999996,0.03590705099992056,0.9999999999999996,2.7266650910134,0.9999999999999996,2.7266650910134
13786.5,91.68148650950297,259.19540768519863,107.22899236326862,554.4663049191286,68.17169524836719,8.294555906736573,8.295986892925422,3.476939443177682E-33,201.09592235318883,0.7488977473050819,1.438104225969682,164.2036379192595,164.2036379192595,22.83065565406627,0.08614074544082259,9.71396456750983,9.913860803842027,0.28603698177300385,51.686997138922706,51.68462093085795,0.9999999999999996,0.024249688203454096,0.9999999999999996,0.03582041762179304,0.9999999999999996,2.7266650910134,0.9999999999999996,2.7266650910134
13806.0,91.68209349271872,259.1959748205599,107.22933325333696,554.4687458953248,68.17261932821286,8.17014034928478,8.306234304822578,-5.0913826996108145E-33,201.09866035586114,0.7444407529866883,1.4349953763407184,164.2036379192595,164.2036379192595,22.515802258517176,0.08614036946464576,9.713968334485962,9.913861179818204,0.28603321479687255,51.181187089485235,50.9551977981607,0.9999999999999996,0.024105368470974546,0.9999999999999996,0.03574298214109431,0.9999999999999996,2.7266650910134,0.9999999999999996,2.7266650910134
13825.5,91.68268643723626,259.1965288307462,107.2296662580291,554.4711303853345,68.17352204126674,8.048180357187773,8.316556346147095,-6.348589499330673E-35,201.10133504980064,0.7404611899344924,1.4322178069735911,164.2036379192595,164.2036379192595,22.207071765326674,0.08614000219212062,9.713972014265503,9.913861547090725,0.2860295350173329,50.68566828193822,50.240019543801615,0.9999999999999996,0.023976508204604396,0.9999999999999996,0.03567379821623872,0.9999999999999996,2.7266650910134,0.9999999999999996,2.7266650910134
13845.0,91.6832656882758,259.1970700386651,107.229991571298,554.473459778613,68.17440391269072,7.928677564211457,8.326930984676252,-2.783713196737623E-35,201.10394799103312,0.7369057074352904,1.4297345406026853,164.2036379192595,164.2036379192595,21.90442789860567,0.08613964340877388,9.713975608995533,9.913861905874072,0.28602594028730316,50.20034389340063,49.53902864319162,0.9999999999999996,0.02386137988124016,0.9999999999999996,0.035611944814471524,0.9999999999999996,2.7266650910134,0.9999999999999996,2.7266650910134
13864.5,91.68383154050889,259.1975987199343,107.23030935870307,554.4757352610948,68.17526539071171,7.811628678888785,8.337339672057054,-4.373501901381045E-36,201.10650050763485,0.7337312643888093,1.427515744980584,164.2036379192595,164.2036379192595,21.607833804239274,0.08613929293198044,9.713979120509777,9.913862256350866,0.286022428773061,49.72512192592583,48.85215843303493,0.9999999999999996,0.02375858980826451,0.9999999999999996,0.03555667887173536,0.9999999999999996,2.7266650910134,0.9999999999999996,2.7266650910134
13884.0,91.68438432655108,259.19811518566854,107.23061980711155,554.4779581715123,68.17610698134129,7.6970217115684845,8.347764303550575,1.0299876163856695E-36,201.10899409888955,0.7308948898019947,1.4255316351383316,164.2036379192595,164.2036379192595,21.31723234985068,0.08613895055522343,9.713982550876676,9.913862598727622,0.28601899840615885,49.25987744536525,48.17929413352316,0.9999999999999996,0.02366674656316735,0.9999999999999996,0.03550725850158863,0.9999999999999996,2.7266650910134,0.9999999999999996,2.7266650910134
13903.5,91.6849243253951,259.1986196968193,107.2309230732696,554.480129632714,68.17692910897992,7.584842717884431,8.358189731548007,-1.1329962021998236E-37,201.11143002227706,0.728362523649598,1.423758602141791,164.2036379192595,164.2036379192595,21.032571104110847,0.08613861610557702,9.713985901831999,9.913862933177267,0.28601564745084057,48.80449823427165,47.5203255252402,0.9999999999999996,0.02358474726508749,0.9999999999999996,0.035463095650769896,0.9999999999999996,2.7266650910134,0.9999999999999996,2.7266650910134
13923.0,91.68545185579165,259.19911255152914,107.2312193362515,554.4822509276308,68.17773225856709,7.475069393078225,8.368601187501396,3.214311636519016E-38,201.11380971464564,0.7260997559823121,1.4221727932436685,164.2036379192595,164.2036379192595,20.7537774327907,0.08613828938474784,9.713989175357797,9.913863259898099,0.286012373925041,48.358839156944015,46.87509495831536,0.9999999999999996,0.023511477702445605,0.9999999999999996,0.035423596193099635,0.9999999999999996,2.7266650910134,0.9999999999999996,2.7266650910134
13942.5,91.68596718283868,259.19959399775286,107.23150874499281,554.4843231232059,68.17851683338904,7.367680013623334,8.37898629308342,-3.320295992083701E-39,201.11613437091495,0.7240795230960455,1.4207554475726918,164.20363791925953,164.20363791925953,20.48078751936463,0.08613797022868626,9.713992373103085,9.913863579054166,0.28600917617975646,47.92277368887398,46.243460390174505,0.9999999999999996,0.023446061538801605,0.9999999999999996,0.03538829283126257,0.9999999999999996,2.7266650910134,0.9999999999999996,2.7266650910134
13962.0,91.68647061105219,259.20006432031363,107.23179147056776,554.4863474450739,68.17928329674685,7.262644706648677,8.389333051252903,8.928407972693435E-40,201.11840536381922,0.7222743475191381,1.4194875162206668,164.20363791925953,164.20363791925953,20.213517664753798,0.0861376584484299,9.713995496961155,9.91386389083442,0.28600605232168597,47.496142922942866,45.62523323019013,0.9999999999999996,0.023387609039712084,0.9999999999999996,0.03535671109349619,0.9999999999999996,2.7266650910134,0.9999999999999996,2.7266650910134
13981.5,91.68696239452802,259.20052375687493,107.23206765572691,554.4883249159108,68.1800320352103,7.1599359445361594,8.399631308459567,-1.1362369865500414E-40,201.12062383874866,0.7206625422355293,1.4183539640744662,164.20363791925956,164.20363791925956,19.951895373313597,0.08613735388619015,9.713998548512325,9.913864195396663,0.2860030007705236,47.07880961695716,45.02024738585531,0.9999999999999996,0.023335417968617475,0.9999999999999996,0.035328476483973636,0.9999999999999996,2.726665091013401,0.9999999999999996,2.726665091013401
14001.0,91.68744281962208,259.2009725752698,107.23233746133965,554.4902566882549,68.18076348446668,7.05951893949473,8.409871487578172,1.8289911793728833E-41,201.1227910866194,0.7192225148631691,1.417339820488579,164.20363791925956,164.20363791925956,19.695830633894666,0.0861370563642869,9.714001529536946,9.913864492918565,0.28600001974590467,46.67060840072454,44.42829562368938,0.9999999999999996,0.023288789153255385,0.9999999999999996,0.035303216112632714,0.9999999999999996,2.726665091013401,0.9999999999999996,2.726665091013401
14020.5,91.68791213834396,259.20141101120976,107.23260102898064,554.4921437764019,68.181478027934,6.961360952603552,8.42004508669283,-2.742907309914122E-42,201.12490824348225,0.717936297123579,1.416432627048182,164.2036379192596,164.2036379192596,19.44524197142628,0.08613676572647905,9.714004441601825,9.913864783556372,0.2859971076810251,46.27138986396916,43.849188286929774,0.9999999999999996,0.023247140771671847,0.9999999999999996,0.035280619664258564,0.9999999999999996,2.7266650910134014,0.9999999999999996,2.7266650910134014
14040.0,91.68837061569494,259.20183931254905,107.23285850752052,554.4939872469273,68.18217606882011,6.865424476676257,8.430144566207105,7.725078333200155E-43,201.1269765040198,0.7167872624198476,1.4156208545151268,164.2036379192596,164.2036379192596,19.200037178843857,0.08613648180817769,9.71400728635471,9.913865067474676,0.28599426292814256,45.88098837349188,43.28270998003205,0.9999999999999996,0.023209934446241302,0.9999999999999996,0.0352603999676449,0.9999999999999996,2.7266650910134014,0.9999999999999996,2.7266650910134014
14059.5,99.11607695850368,259.20225770722817,110.67367662755002,554.4957880760672,81.81865844869478,6.771738575958396,8.440026654465704,-3.7201701492761906E-44,182.87319947464752,0.7157609996903425,1.4091099308876127,164.2036379192596,164.2036379192596,18.960064235975896,0.08613620020197917,9.76048175539923,9.91386534908086,0.23951979388362632,45.49891358576198,42.72865652991257,0.9999999999999996,0.023176703539492177,0.9999999999999996,0.035098225349679435,0.9999999999999996,2.7266650910134014,0.9999999999999996,2.7266650910134014
14079.0,100.3913806619131,259.20266641716,112.00575070968333,554.4975472326855,82.0958697325035,6.682023625684943,8.446598555685918,-1.8684111178605163E-46,181.62848760042985,0.7148447129311496,1.3842068161800425,164.2036379192596,164.2036379192596,18.723477574987538,0.08613593352979541,9.761320975064173,9.913865615753044,0.23868057421868713,45.11696515646712,42.18682004940385,0.9999999999999996,0.023147033710339486,0.9999999999999996,0.03447793653277737,0.9999999999999996,2.7266650910134014,0.9999999999999996,2.7266650910134014
14098.5,100.39271036907601,259.20306566796825,112.0068519088183,554.4992656737841,82.09707854369937,6.596772353895588,8.448907620790116,-8.110891948823492E-49,181.63025372698297,0.7140262423982113,1.3619172472417738,164.2036379192596,164.2036379192596,18.489653965984516,0.08613566887216528,9.761324422617427,9.913865880410675,0.2386771266654396,44.7325262774569,41.656983835115085,0.9999999999999996,0.023120531220114496,0.9999999999999996,0.03392274612754776,0.9999999999999996,2.7266650910134014,0.9999999999999996,2.7266650910134014
14118.0,100.39334741414757,259.20345569285325,112.00719452404846,554.5009444075475,82.09814027032385,6.51556891162378,8.447444715092855,-1.2546605761651995E-49,181.63261286372796,0.7132949974416805,1.3420077287525163,164.2036379192596,164.2036379192596,18.258865723835925,0.08613541033254085,9.761327436063915,9.9138661389503,0.23867411321894874,44.3468642390248,41.13890954311074,0.9999999999999996,0.023096853138213417,0.9999999999999996,0.03342683821346515,0.9999999999999996,2.7266650910134014,0.9999999999999996,2.7266650910134014
14137.5,100.39396962182174,259.2038366890776,112.00752910325699,554.5025842828404,82.09917741938958,6.438058916091335,8.442642037554997,6.407769821156962E-51,181.63491752208483,0.7126418090528212,1.3242279905816419,164.2036379192596,164.2036379192596,18.031346765399476,0.08613515776516156,9.761330379658173,9.913866391517676,0.23867116962469398,43.961085152321644,40.632397135057836,0.9999999999999996,0.023075702567491373,0.9999999999999996,0.03298397904165692,0.9999999999999996,2.7266650910134014,0.9999999999999996,2.7266650910134014
14157.0,100.39457737872604,259.2042088830181,112.00785586387678,554.5041862739001,82.10019060945852,6.363914931509944,8.434904081872439,6.4586742051171294E-52,181.63716905280316,0.7120581685581122,1.3083457672067031,164.2036379192596,164.2036379192596,17.807277739684828,0.08613491106025474,9.761333255196826,9.913866638222585,0.2386682940860412,43.57616066950371,40.13720286581756,0.9999999999999996,0.02305680399279205,0.9999999999999996,0.03258838332350283,0.9999999999999996,2.7266650910134014,0.9999999999999996,2.7266650910134014
14176.5,100.39517107324455,259.20457245911734,112.0081750646787,554.5057511743968,82.10118035753355,6.292862165428725,8.42458067000489,-4.705171911406782E-53,181.63936848607955,0.7115368101953929,1.2941627202418549,164.2036379192596,164.2036379192596,17.586815260737914,0.08613467005761437,9.761336064128907,9.91386687922522,0.23866548515396327,43.19293174719953,39.653130495565165,0.9999999999999996,0.023039922145058227,0.9999999999999996,0.03223511083027459,0.9999999999999996,2.7266650910134014,0.9999999999999996,2.7266650910134014
14196.0,100.39575106188785,259.2049276372706,112.00848689610395,554.5072799306622,82.10214726093011,6.224641216049618,8.412000638200297,-3.1931685379097235E-54,181.64151715240482,0.7110709164077734,1.281492752788377,164.2036379192596,164.2036379192596,17.37007000672305,0.08613443461878492,9.761338808165357,9.91386711466405,0.23866274111751165,42.81212821613644,39.17993306293884,0.9999999999999996,0.02302483626834628,0.9999999999999996,0.03191952624520594,0.9999999999999996,2.7266650910134014,0.9999999999999996,2.7266650910134014
14215.5,100.3963176384876,259.20527459815855,112.00879151565171,554.5087733188815,82.10309181036315,6.159035641115416,8.39744912004024,3.3202360140265305E-55,181.64361614381363,0.7106546704368994,1.2701770854194148,164.2036379192596,164.2036379192596,17.157137154589133,0.08613420339043852,9.76134148881459,9.9138673458924,0.23866006046827926,42.43438159669995,38.71740920219108,0.9999999999999996,0.023011358013075838,0.9999999999999996,0.031637674677352984,0.9999999999999996,2.7266650910134014,0.9999999999999996,2.7266650910134014
14235.0,100.39687112729541,259.20561354041865,112.00908909775683,554.5102321979471,82.10401454636013,6.095840906069868,8.381189923718203,-7.327212299794773E-57,181.6456666605303,0.7102826572258846,1.260067908436122,164.2036379192596,164.2036379192596,16.94808368487082,0.08613397995704448,9.761344107272466,9.913867569325792,0.23865744201040645,42.06024117640216,38.26533049953426,0.9999999999999996,0.022999312036963426,0.9999999999999996,0.03138587447065378,0.9999999999999996,2.7266650910134014,0.9999999999999996,2.7266650910134014
14254.5,100.39741181550717,259.20594464012026,112.00937979687652,554.5116573215059,82.10491594692965,6.034887526722288,8.36345072141411,8.551107993580876E-57,181.6476697656573,0.7099502889384229,1.2510399926826552,164.2036379192596,164.2036379192596,16.742956366677546,0.08613376048350758,9.761346665243547,9.913867788799328,0.23865488403932472,41.69016267564775,37.82349318181669,0.9999999999999996,0.02298854978354677,0.9999999999999996,0.03116100640705742,0.9999999999999996,2.7266650910134014,0.9999999999999996,2.7266650910134014
14274.0,100.39794000850074,259.2062680844027,112.00966377725585,554.5130494962717,82.1057965209714,5.976013036803708,8.344444960308476,-2.2221069000590134E-58,181.64962658977893,0.7096532343142284,1.2429751156712225,164.2036379192596,164.2036379192596,16.541784842798005,0.0861335460855766,9.761349164059387,9.91386800319726,0.23865238522348028,41.324549754758394,37.39167669049803,0.9999999999999996,0.02297893100442501,0.9999999999999996,0.030960125791173597,0.9999999999999996,2.7266650910134014,0.9999999999999996,2.7266650910134014
14293.5,100.39845599527966,259.2065840503916,112.0099411943239,554.5144094845091,82.10665674997635,5.919078070620446,8.324357111265526,1.715961613528097E-58,181.65153820288006,0.7093877707899839,1.2357716716093252,164.2036379192596,164.2036379192596,16.344581183098573,0.08613333664531744,9.76135160509196,9.913868212637519,0.23864994419090915,40.96372877723972,36.969669645920135,0.9999999999999996,0.022970335161113308,0.9999999999999996,0.030780701817616742,0.9999999999999996,2.7266650910134014,0.9999999999999996,2.7266650910134014
14313.0,100.39896005127216,259.2068927068901,112.01021219621357,554.515738012667,82.10749709280745,5.863956237008045,8.303355744298129,-5.766786549462509E-60,181.6534056246477,0.7091505118414626,1.2293372278182488,164.2036379192596,164.2036379192596,16.151349780983303,0.08613313205094009,9.761353989646262,9.913868417231894,0.23864755963660708,40.60798695555361,36.55726946607038,0.9999999999999996,0.022962652596242705,0.9999999999999996,0.0306204321656693,0.9999999999999996,2.7266650910134014,0.9999999999999996,2.7266650910134014
14332.5,100.3994524604525,259.20719422793985,112.01047693564595,554.517035829751,82.10831802260633,5.810533375683222,8.281589749404521,4.4260589021256734E-60,181.65522990650547,0.7089384500836361,1.2235897033081051,164.2036379192596,164.2036379192596,15.96207695823135,0.08613293218703783,9.761356319068126,9.913868617095796,0.23864523021474315,40.25754881410035,36.15426387015469,0.9999999999999996,0.02295578592916342,0.9999999999999996,0.03047727235532522,0.9999999999999996,2.7266650910134014,0.9999999999999996,2.7266650910134014
14352.0,100.39993348318433,259.2074887731111,112.01073555264911,554.5183036224807,82.10911997315294,5.758708292371159,8.259193113729728,-1.7317710431224382E-61,181.65701201240316,0.708748898965257,1.2184557742222324,164.2036379192596,164.2036379192596,15.776746401372156,0.08613273694778137,9.761358594591716,9.913868812335059,0.23864295469115468,39.91260975458016,35.76045773200453,0.9999999999999996,0.022949648167985944,0.9999999999999996,0.03034939602996874,0.9999999999999996,2.7266650910134014,0.9999999999999996,2.7266650910134014
14371.5,100.40040339469333,259.2077765110835,112.01098819523591,554.5195421167941,82.10990340303408,5.708386901547594,8.236285992571874,9.570516352909231E-62,181.65875296141996,0.7085794237996366,1.2138689941808951,164.2036379192596,164.2036379192596,15.595326259455948,0.08613254622131152,9.761360817521238,9.91386900306153,0.23864073176163156,39.573316409788184,35.37564192922056,0.9999999999999996,0.02294416047632268,0.9999999999999996,0.03023514813774158,0.9999999999999996,2.7266650910134014,0.9999999999999996,2.7266650910134014
14391.0,100.40086243676743,259.20805759004105,112.01123499344213,554.5207519504137,82.11066871509207,5.659489250887874,8.212972250492736,-2.521127592598203E-63,181.6604536487567,0.7084279375812894,1.2097724060648214,164.2036379192596,164.2036379192596,15.417785632314626,0.08613235990938074,9.761362989002686,9.913869189373463,0.23863856028018338,39.23978993992993,34.99963238693936,0.9999999999999996,0.022939255275879415,0.9999999999999996,0.03013310998606082,0.9999999999999996,2.7266650910134014,0.9999999999999996,2.7266650910134014
14410.5,100.40131087808939,259.208332174653,112.01147609175938,554.5219338320256,82.1114163570305,5.611936451081992,8.189349167221733,1.244117073697335E-63,181.66211506930674,0.7082924524191679,1.2061117609967331,164.2036379192596,164.2036379192596,15.244078817233286,0.08613217790275557,9.761365110309098,9.913869371380088,0.23863643897377326,38.9121159906383,34.63222221527148,0.9999999999999996,0.022934868197737622,0.9999999999999996,0.030041930339456513,0.9999999999999996,2.7266650910134014,0.9999999999999996,2.7266650910134014
14430.0,100.40174894455762,259.20860040336424,112.01171161167582,554.5230883574426,82.11214670523015,5.565664512546951,8.165497499586909,-7.334552290551032E-65,181.66373805946847,0.7081713367592446,1.2028425348755907,164.2036379192596,164.2036379192596,15.074164886908282,0.08613200010968872,9.761367182511114,9.91386954917315,0.23863436677175867,38.59036070038329,34.27323719565764,0.9999999999999996,0.02293094641135188,0.9999999999999996,0.029960500187980226,0.9999999999999996,2.7266650910134014,0.9999999999999996,2.7266650910134014
14449.5,100.40217689654905,259.2088624357527,112.01194169321391,554.5242162134458,82.11286019357156,5.520607143706858,8.141494954756633,1.3454575778909456E-65,181.6653235834168,0.7080629793141255,1.1999207598497377,164.2036379192596,164.2036379192596,14.907988056082214,0.08613182642429344,9.761369206842154,9.913869722858545,0.23863234244071832,38.27456047134826,33.92247461478165,0.9999999999999996,0.02292743774242062,0.9999999999999996,0.029887724376788646,0.9999999999999996,2.7266650910134014,0.9999999999999996,2.7266650910134014
14469.0,100.40259494329857,259.20911840005016,112.01216644889878,554.5253179518974,82.11355717067916,5.4767129103772945,8.11740431244656,-2.0020880295272418E-66,181.66687241587042,0.7079661030378689,1.1973115888940882,164.2036379192596,164.2036379192596,14.745501588695316,0.08613165676084347,9.761371184293989,9.913869892521998,0.23863036498888554,37.96474194464603,33.57977145714566,0.9999999999999996,0.022924300839549713,0.9999999999999996,0.029822734933332283,0.9999999999999996,2.7266650910134014,0.9999999999999996,2.7266650910134014
14488.5,100.40300334058567,259.2093684530143,112.01238601627776,554.5263942474502,82.1142380627913,5.433925303857674,8.093286771973654,3.9085500826212443E-67,181.66838550402076,0.7078794051245734,1.194979475681916,164.2036379192596,164.2036379192596,14.586640885782664,0.08613149101763559,9.761373116077898,9.913870058265205,0.2386284332049772,37.660899475029325,33.24492661877417,0.9999999999999996,0.022921493517224507,0.9999999999999996,0.029764646466799213,0.9999999999999996,2.7266650910134014,0.9999999999999996,2.7266650910134014
14508.0,100.40340228779077,259.2096127168372,112.01260050257451,554.5274456259764,82.11490320212486,5.392201642498391,8.069191685272443,-8.892417027917149E-68,181.66986358612604,0.7078018668008578,1.1928966234994878,164.2036379192596,164.2036379192596,14.431354242098832,0.0861313291115489,9.76137500313896,9.9138702201713,0.23862654614391746,37.36302915473412,32.91778336656736,0.9999999999999996,0.02291898278704714,0.9999999999999996,0.02971276661437145,0.9999999999999996,2.7266650910134014,0.9999999999999996,2.7266650910134014
14527.5,100.40379202738247,259.2098513401185,112.01281003817661,554.5284727270207,82.1155529927473,5.351494222024359,8.045166920494903,-2.2843583962651136E-68,181.6713075601091,0.7077324418609812,1.1910344903776273,164.2036379192596,164.2036379192596,14.279573755920122,0.08613117094429647,9.761376846625428,9.913870378338553,0.2386247026574524,37.07109771723761,32.59814973228068,0.9999999999999996,0.022916734772346056,0.9999999999999996,0.029666384450347538,0.9999999999999996,2.7266650910134014,0.9999999999999996,2.7266650910134014
14547.0,100.40417274635189,259.21008443745603,112.01301472364315,554.5294760437779,82.11618774624226,5.311768099890625,8.021249991454658,-1.0228086233849476E-69,181.6727181183771,0.7076703382496932,1.1893714682233694,164.2036379192596,164.2036379192596,14.13124515586503,0.08613101644015124,9.761378647423397,9.913870532842697,0.23862290185948376,36.785077335948415,32.28587757272924,0.9999999999999996,0.022914723825971248,0.9999999999999996,0.02962496175858147,0.9999999999999996,2.7266650910134014,0.9999999999999996,2.7266650910134014
14566.5,100.40454467853444,259.21031215215584,112.01321468471801,554.5304561930146,82.11680785229944,5.27298225126664,7.997477955915168,-4.1090100503996035E-70,181.67409612690176,0.7076147131154664,1.1878845661456783,164.2036379192596,164.2036379192596,13.986297274192815,0.08613086550470384,9.761380406640253,9.913870683778146,0.2386211426426279,36.504911369926376,31.98078058779724,0.9999999999999996,0.02291292265596356,0.9999999999999996,0.029587925880079902,0.9999999999999996,2.7266650910134014,0.9999999999999996,2.7266650910134014
14586.0,100.4049080025005,259.2105345936551,112.01341001742973,554.5314136457191,82.11741360848319,5.2351069393841385,7.973879968180665,-1.7067483233450042E-72,181.67544224693674,0.7075649315542409,1.1865564657498278,164.2036379192596,164.2036379192596,13.844674135541196,0.08613071806480524,9.761382125122045,9.913870831218047,0.23861942416084111,36.230555281764396,31.682716449167717,0.9999999999999996,0.022911310703808082,0.9999999999999996,0.02955484544685125,0.9999999999999996,2.7266650910134014,0.9999999999999996,2.7266650910134014
14605.5,100.40526293894521,259.2107518972048,112.0136008404549,554.5323489839928,82.11800538259381,5.198107312971274,7.950483647731678,-9.836524344292718E-73,181.6767572958109,0.7075203304178087,1.1853690811398703,164.2036379192596,164.2036379192596,13.70630414340202,0.08613057403043278,9.761383803913885,9.913870975252419,0.23861774536900143,35.961936045902526,31.391508396173602,0.9999999999999996,0.022909866496430113,0.9999999999999996,0.029525269973920777,0.9999999999999996,2.7266650910134014,0.9999999999999996,2.7266650910134014
14625.0,100.40560965411659,259.210964164692,112.01378724319511,554.5332626463323,82.1185834516633,5.161958113193778,7.927312579306784,-7.965561727510599E-75,181.67804188915056,0.7074803892017353,1.184308216117034,164.20363791925962,164.20363791925962,13.57113245835154,0.08613043333465777,9.7613854438034,9.913871115948195,0.23861610547948844,35.699001762723896,31.107023422550995,0.9999999999999996,0.022908573179632553,0.9999999999999996,0.029498845861208968,0.9999999999999996,2.726665091013402,0.9999999999999996,2.726665091013402
14644.5,100.40594837055623,259.2111715324925,112.01396934531637,554.534155219688,82.11914818659203,5.126627995792546,7.904385384689871,6.048036929128389E-75,181.67929685117346,0.707444592744185,1.18335982514889,164.20363791925962,164.20363791925962,13.439082439480798,0.08613029588680755,9.761387045844277,9.913871253396046,0.23861450343861104,35.441656089221155,30.829082214740318,0.9999999999999996,0.02290741407221434,0.9999999999999996,0.0294752232614459,0.9999999999999996,2.726665091013402,0.9999999999999996,2.726665091013402
14664.0,100.40627924524468,259.21137409681603,112.01414723123614,554.5350271181237,82.11969984897154,5.092095013052134,7.881721329833425,1.6062939629214246E-76,181.68052276319432,0.7074125074490262,1.1825120839471859,164.20363791925962,164.20363791925962,13.310100153824427,0.08613016162314667,9.761388610780203,9.913871387659709,0.23861293850268112,35.18984145947492,30.5575587699282,0.9999999999999996,0.02290637513411322,0.9999999999999996,0.029454107654293182,0.9999999999999996,2.726665091013402,0.9999999999999996,2.726665091013402
14683.5,100.40660248857135,259.21157198658824,112.01432101408504,554.5358788965275,82.12023878945514,5.058331946272139,7.859333210264206,-1.13369166836328E-76,181.68172040443707,0.7073837314353703,1.1817540386478413,164.20363791925962,164.20363791925962,13.184110372837642,0.08613003045815794,9.76139013960728,9.913871518824697,0.2386114096756048,34.94345420103741,30.292282970490767,0.9999999999999996,0.022905443352222565,0.9999999999999996,0.029435226200008848,0.9999999999999996,2.726665091013402,0.9999999999999996,2.726665091013402
14703.0,100.40691825209791,259.21176529469574,112.01449077536343,554.5367109546673,82.12076526062326,5.025319395145861,7.8372344092827815,-2.4248018058409803E-78,181.68289033619195,0.7073579286621017,1.1810765278693027,164.20363791925962,164.20363791925962,13.061058885828793,0.08612990233028431,9.761391633043328,9.913871646952568,0.2386099162395574,34.70242651844232,30.033132582510405,0.9999999999999996,0.02290460784536091,0.9999999999999996,0.029418350706152237,0.9999999999999996,2.726665091013402,0.9999999999999996,2.726665091013402
14722.5,100.40722672077722,259.2119541344779,112.01465661452575,554.5375237803459,82.12127957072362,4.9930350165478865,7.815435167333601,5.723448351882269E-79,181.68403324344956,0.7073347764507689,1.180470757897364,164.20363791925962,164.20363791925962,12.940877844812949,0.08612977716435481,9.76139309196423,9.913871772118497,0.23860845731865452,34.46666275213448,29.77995784015048,0.9999999999999996,0.02290385816503665,0.9999999999999996,0.02940326213817104,0.9999999999999996,2.726665091013402,0.9999999999999996,2.726665091013402
14742.0,100.40752804352937,259.21213859720126,112.01481861165072,554.538317766362,82.12178196794406,4.9614610595807,7.793945170727505,-1.351378056791114E-79,181.68514967773777,0.7073140009052598,1.179929263758379,164.20363791925962,164.20363791925962,12.823512434261879,0.08612965489955837,9.761394517075138,9.913871894383295,0.23860703220774548,34.23608796329816,29.532638244046687,0.9999999999999996,0.022903185442354992,0.9999999999999996,0.02938977455789144,0.9999999999999996,2.726665091013402,0.9999999999999996,2.726665091013402
14761.5,100.4078224235236,259.21231880736434,112.01497687598409,554.5390934485573,82.1222727909192,4.9305741937375,7.772770202918826,7.394895319666181E-80,181.68624039157265,0.7072953262445325,1.1794445336495758,164.20363791925962,164.20363791925962,12.708886578305176,0.08612953545431193,9.761395909337796,9.913872013828541,0.23860563994509035,34.010585428650295,29.29100872605438,0.9999999999999996,0.02290258074738619,0.9999999999999996,0.029377700860715925,0.9999999999999996,2.726665091013402,0.9999999999999996,2.726665091013402
14781.0,100.40810999188007,259.2124948453228,112.01513147803244,554.5398511727717,82.12275225817243,4.900360167677892,7.751916664387981,8.854895137391831E-82,181.68730587056336,0.7072785526349201,1.1790111230706883,164.20363791925962,164.20363791925962,12.596950462110797,0.0861294187754279,9.761397269373209,9.913872130507434,0.23860427990967503,33.79008305697627,29.054962901809535,0.9999999999999996,0.02290203760941494,0.9999999999999996,0.029366905434586792,0.9999999999999996,2.726665091013402,0.9999999999999996,2.726665091013402
14800.5,100.40839092199576,259.2126668173331,112.01528251103417,554.5405913963259,82.12322065870735,4.870800122973714,7.731388752393953,-5.593787113176832E-82,181.68834675693446,0.7072634658770284,1.1786231989295897,164.20363791925962,164.20363791925962,12.487638014007784,0.08612930478959202,9.761398598002447,9.913872244493271,0.23860295128043538,33.574478103415316,28.824359741588708,0.9999999999999996,0.022901549092556404,0.9999999999999996,0.0293572429883685,0.9999999999999996,2.726665091013402,0.9999999999999996,2.726665091013402
14820.0,100.40866534595173,259.21283480434033,112.01543004601056,554.5413144676204,82.12367821266209,4.841880099047113,7.711190596049947,-2.6440322778686894E-83,181.6893635398829,0.7072498966576438,1.1782761500545529,164.20363791925962,164.20363791925962,12.380898521676079,0.08612919345988282,9.761399895850724,9.913872355822983,0.23860165343216166,33.363693214745815,28.599091853536695,0.9999999999999996,0.022901109714363026,0.9999999999999996,0.029348598666618726,0.9999999999999996,2.726665091013402,0.9999999999999996,2.726665091013402
14839.5,100.40893343923945,259.2129989138749,112.01557417732513,554.5420208494199,82.12412521253897,4.81358226724016,7.6913231112981455,1.156506260630125E-83,181.69035686940853,0.7072376822079665,1.1779655476457798,164.20363791925962,164.20363791925962,12.276663636430492,0.08612908467293551,9.761401163748827,9.91387246460993,0.23860038553405977,33.15761641628274,28.379016136833023,0.9999999999999996,0.022900714204298643,0.9999999999999996,0.029340862156430052,0.9999999999999996,2.726665091013402,0.9999999999999996,2.726665091013402
14859.0,100.40919533669366,259.21315922857093,112.01571497747773,554.5427108974276,82.12456188307742,4.785892575039874,7.6717884745426375,1.3518253562132695E-84,181.69132724493718,0.7072266760647979,1.1776874046016583,164.20363791925962,164.20363791925962,12.174881275639484,0.08612897841795883,9.761402402336945,9.913872570864909,0.23859914694594495,32.9561648367999,28.16402277150528,0.9999999999999996,0.022900357819810747,0.9999999999999996,0.029333934146749594,0.9999999999999996,2.726665091013402,0.9999999999999996,2.726665091013402
14878.5,100.40945117718312,259.21331583351787,112.01585252114062,554.5433849778441,82.1249884557361,4.758797673405574,7.652587056139668,-3.83472386447223E-85,181.6922751808048,0.7072167625761964,1.177438575343028,164.20363791925962,164.20363791925962,12.075496539865993,0.08612887461727838,9.761403612267038,9.91387267466559,0.2385979370158516,32.75924792864377,27.953998428309283,0.9999999999999996,0.022900036816030908,0.9999999999999996,0.02932773628723448,0.9999999999999996,2.726665091013402,0.9999999999999996,2.726665091013402
14898.0,100.40970110453544,259.2134688168568,112.01598688564863,554.5440434700351,82.12540517024372,4.7322832456497315,7.633719224074162,-3.607152507762569E-86,181.69320120975777,0.7072078164301954,1.1772156509877196,164.20363791925962,164.20363791925962,11.978453072462358,0.08612877321898758,9.761404794226964,9.913872776063878,0.23859675505592534,32.56677272046848,27.748825751431017,0.9999999999999996,0.022899747135294215,0.9999999999999996,0.029322183669168958,0.9999999999999996,2.726665091013402,0.9999999999999996,2.726665091013402
14917.5,100.40994525779689,259.2136182637869,112.0161181457672,554.5446867406985,82.12581225836988,4.706336095509297,7.615183866370093,1.3736154004143945E-86,181.69410584681995,0.7071997412953782,1.1770160134467187,164.20363791925962,164.20363791925962,11.883695650070917,0.08612867416559716,9.76140594886807,9.913872875117269,0.23859560041481684,32.378645665267555,27.54839112743676,0.9999999999999996,0.022899485658340622,0.9999999999999996,0.02931721108097785,0.9999999999999996,2.726665091013402,0.9999999999999996,2.726665091013402
14937.0,100.41018376312518,259.2137642516182,112.01624636932983,554.5453151225809,82.12620993039398,4.680944111506655,7.596980218172439,2.7135023023008917E-88,181.6949895592902,0.7071924453241124,1.176837165944686,164.20363791925962,164.20363791925962,11.791174318470137,0.08612857740833742,9.76140707679211,9.913872971874529,0.2385944724907765,32.19478254204734,27.35259149382597,0.9999999999999996,0.022899249411097295,0.9999999999999996,0.029312756332776888,0.9999999999999996,2.726665091013402,0.9999999999999996,2.726665091013402
14956.5,100.41041675335651,259.2139068617429,112.01637162776345,554.5459289659857,82.12659840772523,4.6560948096881125,7.579106250650993,-2.0068111273415894E-89,181.6958528391873,0.707185849324832,1.176676957800085,164.20363791925962,164.20363791925962,11.700836144626862,0.0861284828825634,9.761408178628994,9.913873066400301,0.2385933706538908,32.015092084502136,27.161318223154908,0.9999999999999996,0.022899035829301227,0.9999999999999996,0.029308765855214566,0.9999999999999996,2.726665091013402,0.9999999999999996,2.726665091013402
14976.0,100.4106443520389,259.21404616987104,112.01649398749642,554.5465285968459,82.12697789629782,4.631777454107296,7.561561134803435,2.401684223051569E-89,181.69669614415633,0.7071798775467583,1.1765333314820254,164.20363791925962,164.20363791925962,11.612631022447253,0.08612839060882209,9.761409254968006,9.913873158674042,0.23859229431487894,31.839489712929335,26.974470284856157,0.9999999999999996,0.022898842460103857,0.9999999999999996,0.029305188399143256,0.9999999999999996,2.726665091013402,0.9999999999999996,2.726665091013402
14995.5,100.41086669678874,259.21418226032614,112.01661352252545,554.5471143779032,82.12734862553374,4.607977080764451,7.5443394070013055,-1.9104997999027852E-90,181.69751998395915,0.7071744636052654,1.1764044863524579,164.20363791925962,164.20363791925962,11.526506077522352,0.08612830034872578,9.76141030643774,9.91387324893413,0.2385912428451408,31.667878554755276,26.79193503062106,0.9999999999999996,0.02289866715393739,0.9999999999999996,0.029301979114123224,0.9999999999999996,2.726665091013402,0.9999999999999996,2.726665091013402
15015.0,100.4110839045537,259.21431520476654,112.01673029572915,554.5476866177692,82.1277107903405,4.584684959501542,7.527440512533483,1.6033579137367674E-90,181.69832479178748,0.7071695499359374,1.1762888608316522,164.20363791925962,164.20363791925962,11.442412392538557,0.08612821223353301,9.761411333615767,9.913873337049324,0.23859021566711483,31.500176459764223,26.61361673458721,0.9999999999999996,0.022898508046836904,0.9999999999999996,0.02929909910419891,0.9999999999999996,2.726665091013402,0.9999999999999996,2.726665091013402
15034.5,25.284168874286443,259.2144450718959,60.93938994905219,554.5482456120839,1.3598409667171136,4.4671550708687295,7.74896252274511,8.097306140815695E-93,318.40919858151904,0.707165087165444,3.7572688039636195,164.20363791925962,164.20363791925962,11.455040694424795,0.08612812615809312,4.03978310836227,9.913873423124755,5.9602184409206025,31.888992134092383,26.439423581379216,0.9999999999999996,0.022898363540068953,0.9999999999999996,0.09358635851623527,0.9999999999999996,2.726665091013402,0.9999999999999996,2.726665091013402
15054.0,20.910197743242307,259.214571935767,55.028996189410336,554.5487916795772,1.369416009447916,4.131579969032272,8.562373214025456,4.071166669874852E-95,321.9215856134215,0.7071610269583578,6.491330364549873,164.20363791925962,164.20363791925962,11.6881388094182,0.08612804207332943,4.054095569343711,9.913873507209521,5.945905979939162,33.62676059383128,26.269256570344666,0.9999999999999996,0.022898232068507933,0.9999999999999996,0.16168658736985347,0.9999999999999996,2.726665091013402,0.9999999999999996,2.726665091013402
15073.5,18.87292511430513,259.21469586583316,52.608413508521664,554.5493251191826,0.851053966777845,3.6531682139279122,10.005540832811011,2.0560070267155283E-97,324.99109549352085,0.7071573279922357,9.371254028998209,164.20363791925962,164.20363791925962,12.066442244011464,0.08612795993319611,2.982312521232757,9.913873589349668,7.017689028050117,36.65138392037507,26.10302282161871,0.9999999999999996,0.02289811229411222,0.9999999999999996,0.23341996143032215,0.9999999999999996,2.726665091013402,0.9999999999999996,2.726665091013402
15093.0,18.418032291984513,259.21481692994286,51.94822251090141,554.5498462229267,0.8514184288228962,3.1149132230543066,12.162493268181864,1.0456239250864312E-99,325.24059977834605,0.7071539533230878,12.06786152341289,164.20363791925962,164.20363791925962,12.506902925067594,0.08612787969271596,2.978225881554967,9.913873669590144,7.0217756677279075,40.96448913609763,25.94063157739416,0.9999999999999996,0.022898003020616706,0.9999999999999996,0.3005872813419648,0.9999999999999996,2.726665091013402,0.9999999999999996,2.726665091013402
15112.5,18.148505926617474,259.21493519437195,51.61913886250798,554.5503552760672,0.7854592046178649,2.6034271439276178,15.027979363466722,5.105386397792424E-102,325.54201699373954,0.7071508699201999,14.539558014113998,164.20363791925962,164.20363791925962,12.922855303283079,0.08612780130795385,2.813725944040603,9.9138737479749,7.186275605242277,46.41344498590725,25.78199416193204,0.9999999999999996,0.022897903178470156,0.9999999999999996,0.3621524995872107,0.9999999999999996,2.726665091013402,0.9999999999999996,2.726665091013402
15132.0,18.07846860553954,259.215050723867,51.51678784376305,554.5508525572806,0.7852243246848426,2.162396744190452,18.567152294662602,2.936973446874159E-104,325.4608632826025,0.7071480482454734,16.77105923359302,164.20363791925962,164.20363791925962,13.27056042971311,0.08612772473598669,2.81193504555995,9.913873824546869,7.188066503722933,52.86775674601927,25.627023926156276,0.9999999999999996,0.02289781181121398,0.9999999999999996,0.4177349143815082,0.9999999999999996,2.726665091013402,0.9999999999999996,2.726665091013402
15151.5,17.997240233960618,259.215163581676,51.42427837809545,554.5513383387942,0.758289828566247,1.8027139585748593,22.70811770605499,1.7389698643974376E-106,325.47927747345705,0.7071454618828281,18.78895394851738,164.20363791925962,164.20363791925962,13.539075385643406,0.08612764993489055,2.742651350555004,9.913873899347964,7.257350198727881,60.18986990955321,25.47563620918707,0.9999999999999996,0.022897728063482125,0.9999999999999996,0.4679968008985731,0.9999999999999996,2.726665091013402,0.9999999999999996,2.726665091013402
15171.0,17.973383342793923,259.2152738295842,51.38954681241984,554.551812886539,0.7580062414691271,1.51651092682409,27.372821457272007,1.2348792913368072E-108,325.362801895581,0.7071430872047175,20.603305048168608,164.20363791925962,164.20363791925962,13.736218217137912,0.0861275768637056,2.7411986519741047,9.91387397241915,7.2588028973087795,68.26315471793286,25.32774829262531,0.9999999999999996,0.02289765117020267,0.9999999999999996,0.5131888064072452,0.9999999999999996,2.726665091013402,0.9999999999999996,2.726665091013402
15190.5,19.638999588104483,259.215381527948,53.09761454946845,554.5522764602973,1.4983223773441379,1.2923514238259617,32.427573756805096,1.1487070377993546E-110,321.72340267462874,0.707140903074757,21.690363640887288,164.20363791925962,164.20363791925962,13.873376478827632,0.08612750548242241,4.267928537827807,9.91387404380043,5.732073011455075,76.88452356355549,25.183279357249393,0.9999999999999996,0.022897580446968786,0.9999999999999996,0.5402653506989401,0.9999999999999996,2.726665091013402,0.9999999999999996,2.726665091013402
15210.0,20.125976913846625,259.21548673572795,53.80049704543991,554.5527293138441,1.496512342606164,1.1199531521232493,37.643291713492474,5.838828016127511E-113,321.2050330547701,0.7071388905821452,22.38843489517341,164.20363791925962,164.20363791925962,13.960784915842146,0.08612743575195592,4.271275768617504,9.913874113530897,5.7287257806653775,85.69057061231136,25.042150440575053,0.9999999999999996,0.022897515281439147,0.9999999999999996,0.5576529665662374,0.9999999999999996,2.726665091013402,0.9999999999999996,2.726665091013402
15229.5,22.220497911411204,259.21558951052117,55.89811192815305,554.5531716950853,2.457522742286072,0.9855656772549927,42.92350408210506,3.144187448955626E-115,317.36338465197906,0.7071370328044669,22.59589045051468,164.20363791925962,164.20363791925962,14.012147503396484,0.08612736763412591,5.502865854335551,9.913874181648724,4.497135694947331,94.54385760236566,24.904284395222575,0.9999999999999996,0.022897455125657384,0.9999999999999996,0.5628202864976385,0.9999999999999996,2.726665091013402,0.9999999999999996,2.726665091013402
15249.0,22.782151603099695,259.21568990859237,56.68761791865948,554.5536038461937,2.45459365801931,0.8806888223044441,48.10848076753821,1.5926285802304974E-117,316.82454105500415,0.7071353145958486,22.548800537270882,164.20363791925962,164.20363791925962,14.035919027671968,0.08612730109163512,5.501324409554359,9.91387424819121,4.498677139728523,103.19318601631625,24.769605848115393,0.9999999999999996,0.02289739948919244,0.9999999999999996,0.561647367089082,0.9999999999999996,2.726665091013402,0.9999999999999996,2.726665091013402
15268.5,24.771421365674183,259.21578798490566,58.585622818012915,554.5540260037432,3.453831653500965,0.797205134772727,53.155952703967074,8.369460394191355E-120,313.48101238590255,0.7071337223977566,22.242617735651116,164.20363791925962,164.20363791925962,14.040172594873429,0.08612723608804873,6.3242725455332875,9.91387431319481,3.6757290037495896,111.58177213698666,24.63804116051235,0.9999999999999996,0.02289734793301214,0.9999999999999996,0.5540209408366764,0.9999999999999996,2.726665091013402,0.9999999999999996,2.726665091013402
15288.0,25.274978094033102,259.2158837931533,59.277656931546176,554.5544383988347,3.4504725607848856,0.7302967412525571,57.977426038625914,4.2281043557878357E-122,313.01830484033025,0.7071322440698797,21.801013445196837,164.20363791925962,164.20363791925962,14.029682752874306,0.08612717258777489,6.322134316708767,9.913874376695084,3.6778672325741093,119.57059681170378,24.509518388684203,0.9999999999999996,0.02289730006400705,0.9999999999999996,0.5430214250700206,0.9999999999999996,2.726665091013402,0.9999999999999996,2.726665091013402
15307.5,27.202097184250043,259.21597738578146,61.02626487236406,554.5548412574994,4.516029120073709,0.6757168505905015,62.562322705185494,1.9866268491401997E-124,309.916571112157,0.7071308687388511,21.22534159806107,164.20363791925962,164.20363791925962,14.008653965101658,0.08612711082603723,6.922995664612072,9.91387443845682,3.07700588467081,127.1490764256601,24.383967245799703,0.9999999999999996,0.022897255530092052,0.9999999999999996,0.5286825436418627,0.9999999999999996,2.726665091013402,0.9999999999999996,2.726665091013402
15327.0,27.67948823372195,259.21606881404585,61.670233910993026,554.5552347994663,4.512261313209569,0.6309301395445965,66.86091619269648,9.982911574761062E-127,309.49479766042765,0.7071295866655554,20.577113026942932,164.20363791925962,164.20363791925962,13.979580199741617,0.08612704995580346,6.921083432264274,9.913874499327052,3.07891811701861,134.23877950976987,24.261319060184753,0.9999999999999996,0.022897214015909658,0.9999999999999996,0.5125364134014253,0.9999999999999996,2.726665091013402,0.9999999999999996,2.726665091013402
15346.5,29.507974593147203,259.21615812797984,63.25406807924575,554.5556192408382,5.615047014401689,0.5936497268670404,70.8797570969455,5.2351139630475794E-129,306.6144619025384,0.7071283891216769,19.87325879076666,164.20363791925962,164.20363791925962,13.94470794414236,0.08612699063318471,7.366680233910919,9.913874558649677,2.6333213153719734,140.85431396175719,24.14150675620243,0.9999999999999996,0.022897175238832588,0.9999999999999996,0.49500475454846415,0.9999999999999996,2.726665091013402,0.9999999999999996,2.726665091013402
15366.0,29.963940651510956,259.2162453764817,63.85962886803214,554.5559947922046,5.610988249745109,0.5624864565250299,74.59362750839885,2.6185177522590915E-131,306.22436167157133,0.7071272682824478,19.135801287797698,164.20363791925962,164.20363791925962,13.905386881566326,0.08612693293650878,7.365111125239104,9.913874616346353,2.6348904240437885,146.95604566621333,24.024464787786663,0.9999999999999996,0.022897138945490902,0.9999999999999996,0.4766361027792496,0.9999999999999996,2.726665091013402,0.9999999999999996,2.726665091013402
15385.5,31.84831944505668,259.2163306073241,65.41689933425334,554.5563616586676,6.849257094004396,0.5361457984027297,78.01744701100405,1.4608765379912612E-133,303.27414119421155,0.7071262171340428,18.382121123735008,164.20363791925962,164.20363791925962,13.862872984707385,0.08612687635652326,7.733659195899981,9.913874672926353,2.2663423533829192,152.57083476228053,23.9101291288429,0.9999999999999996,0.02289710490877338,0.9999999999999996,0.45786337564135143,0.9999999999999996,2.726665091013402,0.9999999999999996,2.726665091013402
15405.0,32.33241786386964,259.21641386715964,66.0509284367839,554.556720041466,6.844535202022179,0.5138473874047708,81.13766538228323,7.566240227965744E-136,302.8724697294191,0.7071252293833133,17.610752042940003,164.20363791925962,164.20363791925962,13.817908949578484,0.08612682126283966,7.732284391061395,9.913874728020035,2.267717158221505,157.6774138555474,23.798437228398857,0.9999999999999996,0.022897072924904695,0.9999999999999996,0.4386500515194611,0.9999999999999996,2.726665091013402,0.9999999999999996,2.726665091013402
15424.5,33.931666225856624,259.2164952015741,67.31498738607884,554.5570701365201,7.980749293851387,0.4948098108272255,83.97381491655557,5.50469639865669E-138,300.3580709030003,0.707124299384537,16.861532763616804,164.20363791925962,164.20363791925962,13.771239388762458,0.08612676735831881,7.990369010625372,9.913874781924566,2.009632538657528,162.30945353632734,23.689327978426228,0.9999999999999996,0.022897042811073486,0.9999999999999996,0.4199884364633202,0.9999999999999996,2.726665091013402,0.9999999999999996,2.726665091013402
15444.0,34.36794358228419,259.21657465509276,67.87974966013186,554.5574121355666,7.976223919145842,0.4785409058469505,86.52577277205569,2.8742052860290195E-140,300.0033022817257,0.7071234220688724,16.117425799958408,164.20363791925962,164.20363791925962,13.723320514151819,0.08612671469688472,7.98933432368508,9.913874834586002,2.010667225597819,166.4675073786456,23.582741681010415,0.9999999999999996,0.022897014403148105,0.9999999999999996,0.4014541593836768,0.9999999999999996,2.726665091013402,0.9999999999999996,2.726665091013402
15463.5,35.90625089018519,259.21665227121235,69.03639197019827,554.5577462258345,9.163114411099565,0.4645501954536489,88.81471921893235,2.1350929507016065E-142,297.54528869933273,0.707122592884053,15.408203461579172,164.20363791925962,164.20363791925962,13.674607681428077,0.08612666325742388,8.203076403164795,9.913874886025464,1.7969251461181026,170.1875021782913,23.478620015822848,0.9999999999999996,0.022896987553723856,0.9999999999999996,0.3837887914022156,0.9999999999999996,2.726665091013402,0.9999999999999996,2.726665091013402
15483.0,36.3676317246495,259.21672809242455,69.62753973798284,554.5580725902065,9.158109592375663,0.4525333024978712,90.84451110914752,1.036471716408637E-144,297.1766519537381,0.7071218077396486,14.707423080180288,164.20363791925962,164.20363791925962,13.625370957115289,0.08612661300188303,8.20216392292306,9.913874936281003,1.7978376263598421,173.4762908434655,23.37690600873939,0.9999999999999996,0.022896962130350546,0.9999999999999996,0.3663336963753294,0.9999999999999996,2.726665091013402,0.9999999999999996,2.726665091013402
15502.5,37.96621794182739,259.2168021602339,70.76478128837657,554.5583914075484,10.501761095470549,0.44217184218290195,92.63545625051685,4.412940470527493E-147,294.5615378985698,0.7071210629577843,14.04606669701099,164.20363791925962,164.20363791925962,13.57589520747379,0.08612656410541732,8.395369908211745,9.913874985177472,1.6046316410711718,176.36806830812037,23.277544000930423,0.9999999999999996,0.022896938013936722,0.9999999999999996,0.3498605775191567,0.9999999999999996,2.726665091013402,0.9999999999999996,2.726665091013402
15522.0,38.50410240043851,259.2168745152,71.44674728092501,554.5587028518017,10.495685652543555,0.4332757256817143,94.1922435792678,2.162469266045797E-149,294.13721145645934,0.707120355231589,13.389644960442974,164.20363791925962,164.20363791925962,13.526337776710402,0.08612651595713865,8.394494742717066,9.913875033325754,1.6055068065658524,178.87088200887112,23.180479618684164,0.9999999999999996,0.022896915097404213,0.9999999999999996,0.33351037124392346,0.9999999999999996,2.726665091013402,0.9999999999999996,2.726665091013402
15541.5,39.749590188530654,259.21694519693887,72.28076940471661,554.559007093186,11.637326839704695,0.4256294653351863,95.53378548112575,9.09325884337394E-152,292.0388009505118,0.7071196815839946,12.782267213138775,164.20363791925962,164.20363791925962,13.476882164015576,0.08612646825789906,8.528882513585023,9.913875081024996,1.471119035697893,181.0164414032193,23.085659743907758,0.9999999999999996,0.02289689328435406,0.9999999999999996,0.31838175666249396,0.9999999999999996,2.726665091013402,0.9999999999999996,2.726665091013402
15561.0,40.23542096057036,259.21701424410065,72.88988538816056,554.559304300639,11.631808865436017,0.41909138050323824,96.66971805549369,4.6146436073271485E-154,291.6606323693135,0.7071190393281708,12.190578361917764,164.20363791925962,164.20363791925962,13.427638800335211,0.08612642334616903,8.528229143060466,9.913875125936727,1.4717724062224438,182.8209309828105,22.99303248527207,0.9999999999999996,0.022896872487785325,0.9999999999999996,0.30364392238723165,0.9999999999999996,2.726665091013402,0.9999999999999996,2.726665091013402
15580.5,41.63067392832072,259.21708169456303,73.7484427477853,554.559594632682,13.05592616081611,0.4135098381846059,97.61783964883472,3.638539224652895E-156,289.19644947296825,0.7071184260551772,11.643883499225842,164.20363791925962,164.20363791925962,13.378728790775902,0.0861263770573803,8.66740833857203,9.913875172225515,1.3325932107108853,184.3141066919492,22.90254715002402,0.9999999999999996,0.02289685262969531,0.9999999999999996,0.2900268020563953,0.9999999999999996,2.726665091013402,0.9999999999999996,2.726665091013402
15600.0,42.286631242674815,259.2171475851469,74.55982788559515,554.5598782539123,13.048274972393674,0.4087974062989971,98.38521754697472,1.8222727011435506E-158,288.68753093369406,0.707117839572864,11.100981195052826,164.20363791925962,164.20363791925962,13.330209744619035,0.08612633497204775,8.666696196860963,9.913875214310846,1.3333053524219471,185.50779969528705,22.814154216249417,0.9999999999999996,0.02289683363910109,0.9999999999999996,0.2765041470831798,0.9999999999999996,2.726665091013402,0.9999999999999996,2.726665091013402
15619.5,43.287838007343275,63.437992677012474,75.04426458599991,9.56448941534707,14.373148479180726,0.4058074314246426,98.9733107671078,645.8827154442098,286.6471525854228,1.1401958294795413,10.607928238389233,164.20363791925962,164.20363791925962,13.295821303677373,3.094566701964112,8.774065063202352,6.905434847318772,1.2259364860805586,186.42724795555696,22.752085907133736,0.9999999999999996,0.03692011820739786,0.9999999999999996,0.26422314373278555,0.9999999999999996,2.726665091013402,0.9999999999999996,2.726665091013402
15639.0,44.10825408895199,40.4138903514822,76.01259429163743,9.512580562475767,14.364054540559714,0.4290262056073411,98.74625928236239,657.6393382898863,286.0195607199653,3.9498071511603055,10.119367625446401,164.20363791925962,164.20363791925962,13.92083510657116,3.3618850844990433,8.77385426507159,6.638116464783845,1.2261472842113386,187.08807981907967,23.82850124187876,0.9999999999999996,0.12789675523004573,0.9999999999999996,0.2520540360470257,0.9999999999999996,2.726665091013402,0.9999999999999996,2.726665091013402
15658.5,44.74321925884188,38.01957005871828,76.26336691753804,6.9813220016169435,15.409323785266897,0.48679233818172196,97.41896775850756,661.8813964130777,284.53717500673605,6.54033025269654,9.67948387945436,164.20363791925962,164.20363791925962,15.503330970663175,3.9505562665270175,8.84598314981194,6.049445282755871,1.1540183994709912,187.511856523675,26.55221990189124,0.9999999999999996,0.21177920476625398,0.9999999999999996,0.2410973757424854,0.9999999999999996,2.726665091013402,0.9999999999999996,2.726665091013402
15678.0,45.49981990169523,36.37362882428583,77.10645205451495,6.980011567224555,15.40217283332873,0.5831782569624933,95.00003919872412,662.7505643915772,283.97064545078246,9.414446108569855,9.251734833659178,164.20363791925962,164.20363791925962,18.04569269866752,4.083557113364178,8.84696776328807,5.91644443591871,1.1530337859948692,187.71682208663447,30.933962708357303,0.9999999999999996,0.3048445312628751,0.9999999999999996,0.2304429675424292,0.9999999999999996,2.726665091013402,0.9999999999999996,2.726665091013402
15697.5,45.98725633691164,36.21485055973735,77.23762343840959,6.785978644223915,16.60987021603784,0.7223160852786454,91.5397712077303,662.9850136438238,282.4350688157048,11.99640923477772,8.868032481279771,164.20363791925962,164.20363791925962,21.50963329287402,4.1310685602851605,8.914404216652905,5.868932988997728,1.0855973326300452,187.72292058670428,36.917014167732944,0.9999999999999996,0.38844980446427774,0.9999999999999996,0.22088567798267758,0.9999999999999996,2.726665091013402,0.9999999999999996,2.726665091013402
15717.0,47.052261389152434,36.03827693560426,78.30501348816274,6.785059603837383,16.60462742187212,0.9087006823395654,87.1712212002147,663.0093967046912,281.6512493011609,14.35709143019878,8.487893091359041,164.20363791925962,164.20363791925962,25.771133270111466,4.152175789991056,8.921461212884427,5.847825759291832,1.0785403363985198,187.54515985968862,44.30289900638661,0.9999999999999996,0.4648898890985365,0.9999999999999996,0.2114171349831097,0.9999999999999996,2.726665091013402,0.9999999999999996,2.726665091013402
15736.5,47.23121022535093,35.97467983924521,78.343128775971,6.661383549555149,17.8747348120383,1.1500212335194706,82.01962403092581,663.1034572710519,280.2664238906759,16.468314018475677,8.14816774149856,164.20363791925962,164.20363791925962,30.714251907797294,4.174783930053861,8.954129727089885,5.8252176192290275,1.0458718221930599,187.19897317250496,52.91186134844686,0.9999999999999996,0.5332523453591346,0.9999999999999996,0.20295522819710687,0.9999999999999996,2.726665091013402,0.9999999999999996,2.726665091013402
15756.0,48.80891876848934,35.830270779200056,79.63927469185182,6.6604850058702185,18.013962679142335,1.458257969308072,76.20415879186804,663.1159791927302,278.98933788958857,18.390203056329916,7.805516313398089,164.20363791925962,164.20363791925962,36.22746646006172,4.197240543649318,8.997381523595841,5.80276100563357,1.0026200256871045,186.69707418484703,62.57860698655152,0.9999999999999996,0.5954840854028336,0.9999999999999996,0.194420438415103,0.9999999999999996,2.726665091013402,0.9999999999999996,2.726665091013402
15775.5,48.83486043101272,37.222610557336345,79.67058679015513,15.474194769191707,18.014678769221792,1.8513218516546175,69.83779009004806,652.9873250754548,278.9856750445463,20.102966784327265,7.498969726581785,164.20363791925962,164.20363791925962,42.20476686839069,3.6594969661986574,8.99741564173739,6.34050458308423,1.0025859075455512,186.05101119420627,73.15684395409312,0.9999999999999996,0.6509442420391461,0.9999999999999996,0.18678495097128353,0.9999999999999996,2.726665091013402,0.9999999999999996,2.726665091013402
15795.0,50.81780216688089,48.47676040570571,81.13793540864489,15.570682068129585,19.68905870185021,2.330656828254724,63.301211503225275,645.9285360177294,275.8947693694191,20.09420009370618,7.186748003251725,164.20363791925962,164.20363791925962,48.27215619980095,2.3629668478236563,9.074789892968335,7.637034701459224,0.9252116563146121,185.27190423895053,84.0279335702185,0.9999999999999996,0.6506603721585081,0.9999999999999996,0.17900810676325152,0.9999999999999996,2.726665091013402,0.9999999999999996,2.726665091013402
15814.5,50.848836622381405,48.49948793827311,81.17526608158427,15.569907100745908,19.689883691491243,2.8963275863724034,56.9550290359486,645.8820498146894,275.88788074772043,20.020039969870602,6.905593777502256,164.20363791925962,164.20363791925962,54.07398587470068,2.3630528311943957,9.074823430369452,7.636948718088483,0.9251781189134898,184.36798531548567,94.60141499104935,0.9999999999999996,0.6482590298035422,0.9999999999999996,0.1720050943246453,0.9999999999999996,2.726665091013402,0.9999999999999996,2.726665091013402
15834.0,51.9520056123735,60.251527404266525,81.97878894064833,26.223591370813647,20.65219094374319,3.556891891837889,50.92869355954929,628.5235621124194,274.1530105879428,19.29170781492218,6.6359855930867155,164.20363791925962,164.20363791925962,59.48928888075472,1.5520337403113609,9.114114828592392,8.447967808971525,0.8858867206905525,183.35334220070564,104.69062830317817,0.9999999999999996,0.6246752658923735,0.9999999999999996,0.1652896716274439,0.9999999999999996,2.726665091013402,0.9999999999999996,2.726665091013402
15853.5,51.97206337014473,60.25813528299882,82.00259097762527,26.223039278781194,20.653217179139855,4.316159190119476,45.358994088962255,628.504852214912,274.1548159735016,18.591351973976362,6.3930105279794365,164.20363791925962,164.20363791925962,64.38777439410812,1.5520597743603,9.114154065153972,8.447941774922587,0.8858474841289736,182.23876539291905,114.08554627244601,0.9999999999999996,0.6019973891922246,0.9999999999999996,0.15923762884316203,0.9999999999999996,2.726665091013402,0.9999999999999996,2.726665091013402
15873.0,53.16037184608114,70.10351627043916,82.85739199426223,36.91236451926072,21.716063926444452,5.183043830370536,40.27602444084609,612.4877741992166,272.26361159546394,17.65616922989577,6.158335253622198,164.20363791925962,164.20363791925962,68.74646267297838,1.154494798503521,9.15384236514023,8.84550675077937,0.8461591841427103,181.03606808936405,122.76281276889183,0.9999999999999996,0.5717156984823625,0.9999999999999996,0.1533923179253688,0.9999999999999996,2.726665091013402,0.9999999999999996,2.726665091013402
15892.5,53.184884757942996,70.10633738383049,82.88653610423592,36.91208753953498,21.717119007375043,6.15869549812737,35.72122610294415,612.4804012375464,272.26186668051525,16.78167445752885,5.945512158298621,164.20363791925962,164.20363791925962,72.52868942202142,1.1545017949485876,9.153879062332631,8.845499754334302,0.8461224869503103,179.75318300329417,130.66345440556088,0.9999999999999996,0.5433991150211901,0.9999999999999996,0.14809130286930575,0.9999999999999996,2.726665091013402,0.9999999999999996,2.726665091013402
15912.0,54.46977054710929,80.24713817717357,83.79853748746734,49.60421128121637,22.897255287022197,7.244027548280223,31.686427372971462,594.4477250763329,270.19037578099784,15.801902594655429,5.738625759524211,164.20363791925962,164.20363791925962,75.74866805681684,0.8852528319442098,9.193974606655678,9.114748717338681,0.8060269426272698,178.400142633952,137.81258977148238,0.9999999999999996,0.5116736060706083,0.9999999999999996,0.1429381595361991,0.9999999999999996,2.726665091013402,0.9999999999999996,2.726665091013402
15931.5,54.499997559243326,80.24908328377154,83.83452316637292,49.604301809317555,22.898343169604775,8.427059053579354,28.1717313582516,594.4468063268824,270.18408066309996,14.889306319322088,5.549545292088218,164.20363791925962,164.20363791925962,78.40967648063439,0.8852509737614783,9.194008844018077,9.11475057552141,0.8059927052648658,176.98256128055394,144.19576715780673,0.9999999999999996,0.4821232766536716,0.9999999999999996,0.13822852779645903,0.9999999999999996,2.726665091013402,0.9999999999999996,2.726665091013402
15951.0,55.89480665773046,85.98943685543222,84.81022491429265,57.54603426077096,24.216480888363595,9.697071664673318,25.1352576863374,583.5243512001554,267.903289405357,13.995980952730864,5.364748613692525,164.20363791925962,164.20363791925962,80.55880281669386,0.7725186505510603,9.234522941790866,9.227482898731836,0.7654786074920801,175.509086615231,149.87337998457716,0.9999999999999996,0.45319694901811974,0.9999999999999996,0.13362559702432358,0.9999999999999996,2.726665091013402,0.9999999999999996,2.726665091013402
15970.5,55.9324386139718,85.9906886960973,84.85506156420556,57.54632947169958,24.21760964874652,11.033574550881251,22.537585130009216,583.5261258175058,267.8910964276374,13.177527846375812,5.194290247241422,164.20363791925962,164.20363791925962,82.23771861449522,0.7725147869913052,9.234554906627574,9.227486762291587,0.7654466426553723,173.9834553854044,154.88059965684812,0.9999999999999996,0.42669502307471957,0.9999999999999996,0.12937980609822425,0.9999999999999996,2.726665091013402,0.9999999999999996,2.726665091013402
15990.0,57.453133116937295,93.36386720597798,85.90189501617158,68.55014315513405,25.6996667188668,12.414274941950069,20.32835892291361,568.724460458775,265.36524297290083,12.371198529324445,5.027036296208032,164.20363791925962,164.20363791925962,83.50133575964749,0.6566522226336587,9.275499835940808,9.343349326649223,0.7245017133421391,172.41323486433734,159.27159148074054,0.9999999999999996,0.40058567156690383,0.9999999999999996,0.1252138310133021,0.9999999999999996,2.726665091013402,0.9999999999999996,2.726665091013402
16009.5,57.50052387132068,93.36562759010175,85.95837537691243,68.5507984390606,25.70085232219145,13.808416369404235,18.463667650575434,568.7281294757084,265.34526901701145,11.624767256812332,4.871106698733842,164.20363791925962,164.20363791925962,84.39490380429257,0.6566461067098427,9.275529878782935,9.343355442573042,0.7244716705000149,170.80064708152278,163.07042178377006,0.9999999999999996,0.37641584906595243,0.9999999999999996,0.12132992385256942,0.9999999999999996,2.726665091013402,0.9999999999999996,2.726665091013402
16029.0,59.166323072884765,103.31215055888316,87.08478526625332,84.82603969170184,27.37970214828213,15.190362110818798,16.892811811521003,547.3673747562616,262.52975287150707,10.885979854659661,4.7177672169661315,164.20363791925962,164.20363791925962,84.97316773732959,0.5374292828139622,9.316919013355083,9.462572266468927,0.6830825359278659,169.15240972572747,166.32542597132766,0.9999999999999996,0.3524935389571147,0.9999999999999996,0.11751053150558907,0.9999999999999996,2.726665091013402,0.9999999999999996,2.726665091013402
16048.5,59.2268540178879,103.31470647624643,87.15691247909471,84.82728798550674,27.380976392496745,16.52855865027808,15.575883644706655,547.3725271629528,262.49928231520096,10.193698777230871,4.573091435242454,164.20363791925962,164.20363791925962,85.27664292980333,0.5374214764572763,9.316947752097645,9.462580072825615,0.6830537971853029,167.4695317569233,169.05148555142438,0.9999999999999996,0.3300771271876711,0.9999999999999996,0.11390693530754081,0.9999999999999996,2.726665091013402,0.9999999999999996,2.726665091013402
16068.0,61.06125314930113,109.78443339808048,88.37261408481008,96.29662560312919,29.29895256519885,17.80537099320793,14.46835522111015,532.6157583460927,259.337585927399,9.541385803815743,4.430770568752798,164.20363791925962,164.20363791925962,85.35349440274008,0.4764623746025408,9.358795639754259,9.52353917468035,0.6412059095286866,165.75805270744087,171.29929681703493,0.9999999999999996,0.3089549028609088,0.9999999999999996,0.11036199553064982,0.9999999999999996,2.726665091013402,0.9999999999999996,2.726665091013402
16087.5,61.13968582588782,109.78697690869953,88.46600713639911,96.29822553503759,29.300381134564123,19.004078200834055,13.53479536971437,532.6216035087697,259.29277473131754,8.93936584132956,4.29472538695013,164.20363791925962,164.20363791925962,85.2391825352572,0.47645454933623027,9.358824193808196,9.523546999946655,0.6411773554747485,164.01802107846345,173.0999773356237,0.9999999999999996,0.28946119168995255,0.9999999999999996,0.10697337102096352,0.9999999999999996,2.726665091013402,0.9999999999999996,2.726665091013402
16107.0,61.14194521848793,117.7657252427666,88.46781137785956,111.40248829321548,29.302154179691822,20.116010972892298,12.743954189446104,513.4753880609055,259.30815164320757,8.370033328548176,4.17321018119147,164.20363791925962,164.20363791925962,84.96920447482422,0.4145338609378445,9.358860512742748,9.585467688345036,0.64114103654019,162.2564895873538,174.49807578794406,0.9999999999999996,0.27102591668916753,0.9999999999999996,0.10394666034236973,0.9999999999999996,2.726665091013402,0.9999999999999996,2.726665091013402
16126.5,61.14365692648493,117.77010824429568,88.46897824261312,111.4050173877017,29.30388878129951,21.128973350000763,12.074182508223869,513.4803970918192,259.32356775606905,7.838900430795462,4.064670310716839,164.20363791925962,164.20363791925962,84.5694807422399,0.41452432453183374,9.358896044756868,9.585477224751047,0.6411055045260696,160.48055097431336,175.51638234051055,0.9999999999999996,0.2538275645623938,0.9999999999999996,0.10124314037573097,0.9999999999999996,2.726665091013402,0.9999999999999996,2.726665091013402
16146.0,63.144256512168056,117.77093443178941,89.74738693049729,111.40663300367252,31.516719867418246,22.043339521740993,11.503009213565763,513.4878766662051,255.76689733320868,7.364563692864853,3.9567629844417045,164.20363791925962,164.20363791925962,84.06545525726223,0.4145185608551407,9.401214124899022,9.585482988427737,0.5987874243839202,158.6951417011189,176.1977689651894,0.9999999999999996,0.23846830084494675,0.9999999999999996,0.09855537587172214,0.9999999999999996,2.726665091013402,0.9999999999999996,2.726665091013402
16165.5,63.27816970344666,117.7717414614155,89.90692942627913,111.40821126274814,31.51827577268407,22.86550450951186,11.010500301903303,513.4951834009466,255.67693600078834,6.940946004348694,3.849061826231587,164.20363791925962,164.20363791925962,83.47561893836534,0.4145129306093817,9.401241426980969,9.585488618673494,0.5987601223019814,156.8978654690039,176.5835597302952,0.9999999999999996,0.22475134562515758,0.9999999999999996,0.09587274661873046,0.9999999999999996,2.726665091013402,0.9999999999999996,2.726665091013402
16185.0,63.28065892716312,127.94112618556854,89.90898673546198,132.21413802142965,31.520114390795396,23.598969974305305,10.583118887608418,487.5513862306129,255.69134339109797,6.536306660934799,3.752861178516597,164.20363791925962,164.20363791925962,82.8162513934527,0.3515783773065329,9.401274271593467,9.64842317197634,0.5987272776894798,155.0932766746781,176.70660220000897,0.9999999999999996,0.21164891882797823,0.9999999999999996,0.09347657302128874,0.9999999999999996,2.726665091013402,0.9999999999999996,2.726665091013402
16204.5,63.28237329627651,127.95869765323765,89.9101368268228,132.22247367720132,31.52191227722446,24.238036736521885,10.213905102535954,487.5445509802522,255.70599005203542,6.145980694751328,3.666929731504218,164.20363791925962,164.20363791925962,82.0975604722681,0.3515548930510161,9.401306387721961,9.648446656231858,0.5986951615609849,153.28676871755297,176.57438319596585,0.9999999999999996,0.1990099664319775,0.9999999999999996,0.09133618551442853,0.9999999999999996,2.726665091013402,0.9999999999999996,2.726665091013402
16224.0,65.44714329493299,127.9596571430855,91.21879110204827,132.22451187288186,34.10350950336494,24.787860295557316,9.893501505128917,487.5520991332487,251.68963112202897,5.79739742042929,3.581436060459022,164.20363791925962,164.20363791925962,81.3312464787658,0.35154966333519594,9.444107216841537,9.648451885947681,0.5558943324414068,151.48223201150284,176.21489243334986,0.9999999999999996,0.18772266353159237,0.9999999999999996,0.08920670216714595,0.9999999999999996,2.726665091013402,0.9999999999999996,2.726665091013402
16243.5,65.68529485385918,127.96059414765031,91.5017080955414,132.22650284142148,34.10573232117997,25.258991848081003,9.61215574358731,487.55947306656134,251.51536640578453,5.4860842803837935,3.4912722683994626,164.20363791925962,164.20363791925962,80.52479455953653,0.3515445549683303,9.444141836615616,9.648456994314545,0.5558597126673309,149.67590177434835,175.65807995965088,0.9999999999999996,0.17764218644789492,0.9999999999999996,0.08696089506386719,0.9999999999999996,2.726665091013402,0.9999999999999996,2.726665091013402
16263.0,65.6881581101947,141.38476814325725,91.50418154167868,162.64237891286152,34.10765861318076,25.658412246378703,9.36351696541564,450.3777454478152,251.52874729206366,5.190410772205593,3.410734364498787,164.20363791925962,164.20363791925962,79.6861506642865,0.28771794917730986,9.444171496389426,9.712283600105552,0.5558300528935185,147.87042672687076,174.9287323084852,0.9999999999999996,0.16806812856196307,0.9999999999999996,0.08495485036974161,0.9999999999999996,2.726665091013402,0.9999999999999996,2.726665091013402
16282.5,65.68989025861264,141.59228060191774,91.50532584992078,162.77534243762582,34.10953920914575,25.981327999914527,9.146140350704695,450.1516326871033,251.54267097770187,4.887759470865048,3.3387929080905825,164.20363791925962,164.20363791925962,78.81938060732391,0.2874650575802276,9.444200447967086,9.712536491702632,0.5558011013158606,146.07015913192006,174.02564114525512,0.9999999999999996,0.15826812620077552,0.9999999999999996,0.0831629266924961,0.9999999999999996,2.726665091013402,0.9999999999999996,2.726665091013402
16302.0,67.976825810832,141.59340955904247,92.75936424163173,162.77799912844054,37.15987124761322,26.231665565184098,8.95630783720234,450.15901619675475,247.00894679574765,4.617458224585367,3.268098619251179,164.20363791925962,164.20363791925962,77.93021632657143,0.2874605001175207,9.487481889617856,9.712541049165338,0.5125196596650925,144.27844310815166,172.9648446084753,0.9999999999999996,0.14951563500037526,0.9999999999999996,0.08140206756700706,0.9999999999999996,2.726665091013402,0.9999999999999996,2.726665091013402
16321.5,68.42222877172289,141.5945137051684,93.28182151826843,162.78059522042562,37.1647953496841,26.420156694413944,8.788405110662168,450.16622754604407,246.66784321660143,4.376057666774353,3.188577755321699,164.20363791925962,164.20363791925962,77.02164339455072,0.2874560465961066,9.487550482444279,9.712545502686755,0.5124510668386599,142.4909135279807,171.76912084789132,0.9999999999999996,0.14169896272419033,0.9999999999999996,0.07942135538762443,0.9999999999999996,2.726665091013402,0.9999999999999996,2.726665091013402
16341.0,68.42572429700519,141.59559231273988,93.28500625571962,162.78313128691545,37.16683996831855,26.554629469214095,8.638766122622613,450.1732721611694,246.68003560449634,4.160471432523934,3.1175441573488842,164.20363791925962,164.20363791925962,76.09796905440572,0.28745169617879607,9.487577247527572,9.712549853104063,0.5124243017553708,140.70863512004476,170.45862104090347,0.9999999999999996,0.13471817131395825,0.9999999999999996,0.07765204472250271,0.9999999999999996,2.726665091013402,0.9999999999999996,2.726665091013402
16360.5,68.42747817476122,141.59664598074286,93.28614108731021,162.78560873314316,37.16882741965922,26.641065527114847,8.504829691439664,450.1801539425678,246.69328115390394,3.967931877894732,3.0540915949221126,164.20363791925962,164.20363791925962,75.16400077387868,0.2874474464476173,9.487603251411047,9.712554102835243,0.5123982978718961,138.93533792952812,169.0512609152524,0.9999999999999996,0.12848364305774218,0.9999999999999996,0.0760715631104921,0.9999999999999996,2.726665091013402,0.9999999999999996,2.726665091013402
16380.0,68.42918704297385,158.32932127677432,93.28724435690333,208.8645406112123,37.17076895309483,26.684693712417374,8.384516241943404,395.6830329574833,246.70622444895864,3.7875022452776155,2.9974117311788295,164.20363791925962,164.20363791925962,74.223763303043,0.2257191032831604,9.487628651926432,9.774282445999704,0.512372897356509,137.174251994798,167.56240642328078,0.9999999999999996,0.12264124020718797,0.9999999999999996,0.07465977643094059,0.9999999999999996,2.726665091013402,0.9999999999999996,2.726665091013402
16399.5,68.43085621649699,161.18787347411728,93.28832187994215,212.09539537764468,37.1726656553196,26.67997107327532,8.27892245216348,391.03022405292757,246.7188690403936,3.5777257752476364,2.9467795100768344,164.20363791925962,164.20363791925962,73.27784391067328,0.22210343685921596,9.4876534634946,9.777898112423644,0.5123480857883389,135.42817357483167,165.98382846105088,0.9999999999999996,0.11584857190373278,0.9999999999999996,0.07339862492867759,0.9999999999999996,2.726665091013402,0.9999999999999996,2.726665091013402
16419.0,70.33952626658032,161.18922421306266,93.99479056430295,212.0989542714219,40.80907852236414,26.62664252426402,8.187787608914595,391.0366776891793,241.92353562320602,3.390130945826196,2.898732913259701,164.20363791925962,164.20363791925962,72.32789475350897,0.2220997892484722,9.531048965487773,9.77790176003439,0.4689525837951665,133.69941321561535,164.31784691966374,0.9999999999999996,0.10977415635311838,0.9999999999999996,0.07220187636747011,0.9999999999999996,2.726665091013402,0.9999999999999996,2.726665091013402
16438.5,71.57412740306975,161.19050791580796,95.29001074058944,212.10239026998997,40.84321284226841,26.533596951108745,8.107967984544784,391.04304067268447,240.96376886768184,3.222593761057105,2.8355538306322376,164.20363791925962,164.20363791925962,71.37421846112237,0.22209627073509977,9.53154076599013,9.777905278547763,0.46846078329280544,131.98325316360103,162.579724666747,0.9999999999999996,0.10434921749096436,0.9999999999999996,0.07062820661265691,0.9999999999999996,2.726665091013402,0.9999999999999996,2.726665091013402
16458.0,71.57949732522135,161.19176193026152,95.29540436546417,212.10574681697514,40.845341484907266,26.407753162365033,8.037303878636,391.0492564905504,240.97318065091412,3.07297396921301,2.7790998573168126,164.20363791925962,164.20363791925962,70.4180182064731,0.22209283368902055,9.531564080332396,9.777908715593846,0.4684374689505367,130.2781050678468,160.78294856760277,0.9999999999999996,0.0995044528827902,0.9999999999999996,0.06922204643034846,0.9999999999999996,2.726665091013402,0.9999999999999996,2.726665091013402
16477.5,71.58123107097036,161.19298695147094,95.29651240246551,212.10902578472204,40.847375975534554,26.253490252472606,7.974652330186982,391.0553286433355,240.98521704239332,2.93934355644508,2.7286681667321346,164.20363791925962,164.20363791925962,69.46212539684926,0.22208947621661437,9.531586325462632,9.777912073066256,0.4684152238203011,128.58677265889523,158.93949193999606,0.9999999999999996,0.09517743246407197,0.9999999999999996,0.06796588975860367,0.9999999999999996,2.726665091013402,0.9999999999999996,2.726665091013402
16497.0,71.58290413910832,161.19418363437035,95.29757036118423,212.11222892435748,40.84936321218502,26.0746827813893,7.919048780611529,391.06126037413094,240.99699208477892,2.82000756597729,2.6836206606512505,164.20363791925962,164.20363791925962,68.50895508449508,0.2220861963894343,9.531608051674766,9.777915352893439,0.4683934976081665,126.91166453772023,157.05979892891955,0.9999999999999996,0.09131327267629337,0.9999999999999996,0.06684384279462266,0.9999999999999996,2.726665091013402,0.9999999999999996,2.726665091013402
16516.5,71.58453728799142,161.19535264738343,95.29860236646759,212.11535802359856,40.851304552310836,25.87485777772677,7.869648821641096,391.06705499312756,241.00849628356025,2.7134245272867594,2.6433769683138113,164.20363791925962,164.20363791925962,67.56060067432122,0.22208299255657146,9.531629274147429,9.777918556726302,0.46837227513549984,125.25485471168608,155.1532024822152,0.9999999999999996,0.08786205992352067,0.9999999999999996,0.06584144961606286,0.9999999999999996,2.726665091013402,0.9999999999999996,2.726665091013402
16536.0,71.5861327277232,161.19649462279037,95.2996105562322,212.1184147731494,40.85320105890119,25.65711927093004,7.82573424683427,391.07271563146867,241.01973476461532,2.618240199357731,2.60742720684981,164.20363791925962,164.20363791925962,66.61883432680175,0.2220798628778009,9.531650004648888,9.777921686405074,0.4683515446340397,123.61809331233964,153.2277997023577,0.9999999999999996,0.08477994319604977,0.9999999999999996,0.06494601001871653,0.9999999999999996,2.726665091013402,0.9999999999999996,2.726665091013402
16555.5,71.58769128478878,161.19761018387513,95.30059542914852,212.1214008398512,40.855053763020365,25.424268886929617,7.786674056047851,391.07824537588124,241.03071367671615,2.533230924665326,2.5753106537742116,164.20363791925962,164.20363791925962,65.68518931016337,0.2220768056448936,9.531670254577989,9.777924743637982,0.46833129470493773,122.00287859082643,151.290788849216,0.9999999999999996,0.08202729984372197,0.9999999999999996,0.06414604828926349,0.9999999999999996,2.726665091013402,0.9999999999999996,2.726665091013402
16575.0,71.5892138223602,161.19869994934837,95.30155753095524,212.12431787838443,40.85686368881822,25.178780834696937,7.751922192180975,391.08364729057087,241.04143908953722,2.4573105951823906,2.546618368988522,164.20363791925962,164.20363791925962,64.76094944048982,0.2220738191635991,9.53169003525171,9.777927730119279,0.46831151403121574,120.41043562455009,149.3484102691424,0.9999999999999996,0.07956896113875228,0.9999999999999996,0.06343137851430068,0.9999999999999996,2.726665091013402,0.9999999999999996,2.726665091013402
16594.5,75.24786694330106,161.1997645055585,97.57342205683891,212.12716745688277,45.35017434911202,24.924619402955308,7.720194154887728,391.0889242794739,234.12052743350978,2.3895074892282415,2.500783626320488,164.20363791925962,164.20363791925962,63.8454678111846,0.2220709018272995,9.576123482226174,9.777930647455586,0.42387806705676034,118.8375572373767,147.4061726038169,0.9999999999999996,0.07737346224116504,0.9999999999999996,0.06228972299705238,0.9999999999999996,2.726665091013402,0.9999999999999996,2.726665091013402
16614.0,75.26450041660532,161.2008044490327,97.59209599096447,212.1299511707903,45.3525893245414,24.666415560474892,7.689938373514902,391.0940792971145,234.11905026226765,2.3289505654069926,2.4566420648603815,164.20363791925962,164.20363791925962,62.93699007315165,0.22206805199575963,9.576145314108416,9.77793349728713,0.4238562351745174,117.27875382134856,145.46885259177287,0.9999999999999996,0.07541259838957785,0.9999999999999996,0.06119024137574435,0.9999999999999996,2.726665091013402,0.9999999999999996,2.726665091013402
16633.5,75.2661503704765,161.2018203411778,97.59312949976204,212.1326705215406,45.354617866422046,24.405346010738263,7.660990216675634,391.0991151240458,234.12954296452492,2.2748646811471644,2.417209277366451,164.20363791925962,164.20363791925962,62.036857654487065,0.2220652680659688,9.57616347313397,9.777936281216917,0.42383807614896263,115.73597949304128,143.5406316881578,0.9999999999999996,0.0736612700750935,0.9999999999999996,0.06020804628131606,0.9999999999999996,2.726665091013402,0.9999999999999996,2.726665091013402
16653.0,75.26773525721175,161.2028127397731,97.5941073701184,212.13532700039923,45.35659894725725,24.14237870494428,7.633220555637315,391.10403452287574,234.13981534501576,2.226563816390686,2.3819865207540416,164.20363791925962,164.20363791925962,61.1462478983612,0.2220625480208763,9.576181205414882,9.777939001262009,0.4238203438680485,114.21097485318178,141.62507223747298,0.9999999999999996,0.0720972636209191,0.9999999999999996,0.05933071498024396,0.9999999999999996,2.726665091013402,0.9999999999999996,2.726665091013402
16672.5,75.26928387164689,192.93716972755965,97.59506305513301,305.5609084978755,45.358534282707325,23.873181005759623,7.60794174904802,281.75349438151756,234.1498501849778,2.1384397865342373,2.3505204462718674,164.20363791925962,164.20363791925962,60.264762049369196,0.1552212590644142,9.576198526809973,9.84478029021847,0.4238030224729583,112.70525697538783,139.71431757857832,0.9999999999999996,0.06924376291946727,0.9999999999999996,0.058546955424770904,0.9999999999999996,2.726665091013402,0.9999999999999996,2.726665091013402
16692.0,75.2707965115959,192.95660282677576,97.5959964311394,305.601938563594,45.360424915635676,23.5877759880015,7.588174192155271,281.71195140904797,234.15965340487213,2.046024014231948,2.322410183548824,164.20363791925962,164.20363791925962,59.390136375949915,0.15520004685969982,9.576215446744037,9.844801502423184,0.4237861025388893,111.22008232905651,137.78804162621918,0.9999999999999996,0.06625129342483148,0.9999999999999996,0.05784678270292329,0.9999999999999996,2.726665091013402,0.9999999999999996,2.726665091013402
16711.5,75.27227417553382,192.95795796687366,97.59690821623074,305.6062753472235,45.36227186979846,23.28844304994466,7.573490539000593,281.71594642313,234.16923014423617,1.9634899574547215,2.2972979611369246,164.20363791925962,164.20363791925962,58.52343293658846,0.15519787824466577,9.576231974476736,9.844803671038223,0.42376957480618865,109.75650487895444,135.85179299893753,0.9999999999999996,0.06357879888172986,0.9999999999999996,0.05722128541422779,0.9999999999999996,2.726665091013402,0.9999999999999996,2.726665091013402
16731.0,75.27371769284457,192.95927633582428,97.5977989230479,305.6105007183951,45.364076178706796,22.9777751784105,7.563345426067791,281.719862978763,234.1785857615233,1.8897783401942014,2.2748620672809126,164.20363791925962,164.20363791925962,57.665707013274755,0.15519576561962184,9.576248119347174,9.844805783663265,0.4237534299357537,108.3153713644835,133.91162978858597,0.9999999999999996,0.06119197939673042,0.9999999999999996,0.05666245033598533,0.9999999999999996,2.726665091013402,0.9999999999999996,2.726665091013402
16750.5,79.59045872713045,192.96056516895263,100.19167893461479,305.6146303166008,50.99812376305971,22.65906219070378,7.556756648519991,281.7236865005149,225.70517583016266,1.8239493398546431,2.239129128936765,164.20363791925962,164.20363791925962,56.81686390549621,0.15519370089572787,9.62128871188886,9.844807848387157,0.3787128373940634,106.8948935425451,131.97285761051467,0.9999999999999996,0.059060403038377375,0.9999999999999996,0.055772411386633046,0.9999999999999996,2.726665091013402,0.9999999999999996,2.726665091013402
16770.0,79.64375676031052,192.96182416384363,100.25318501224953,305.61866438232215,51.002176278040594,22.337564173980144,7.5517793680559056,281.72742174241716,225.67166092551568,1.7651555935050625,2.199171673674769,164.20363791925962,164.20363791925962,55.97442086052902,0.15519168399541633,9.621318571494657,9.844809865287468,0.37868297778826376,105.48771922652608,130.04008833626142,0.9999999999999996,0.057156631765969614,0.9999999999999996,0.05477714782454754,0.9999999999999996,2.726665091013402,0.9999999999999996,2.726665091013402
16789.5,79.64539689523599,192.96305402909465,100.25421297407821,305.62260513636227,51.00424903553031,22.01475295237136,7.548132066299918,281.73107058452086,225.68079834092705,1.712647619116756,2.163478292908318,164.20363791925962,164.20363791925962,55.1393335774327,0.15518971379617985,9.621333382703849,9.844811835486698,0.37866816657907637,104.09496791959893,128.11735296223247,0.9999999999999996,0.055456396971976206,0.9999999999999996,0.053888094178574236,0.9999999999999996,2.726665091013402,0.9999999999999996,2.726665091013402
16809.0,79.64692552932158,192.96425545969632,100.25513101005933,305.6264548039136,51.006271170667326,21.691613705470726,7.545679029470891,281.7346350873918,225.68978589045594,1.665753497362585,2.131594504625527,164.20363791925962,164.20363791925962,54.31268564248466,0.1551877891815571,9.621347829779506,9.84481376010132,0.37865371950341914,102.71821360080521,126.20808675438937,0.9999999999999996,0.05393794156841067,0.9999999999999996,0.05309393017360838,0.9999999999999996,2.726665091013402,0.9999999999999996,2.726665091013402
16828.5,79.64841932178776,192.96542909083425,100.25602840550988,305.6302154185809,51.00824659493302,21.36902189052672,7.544298547014851,281.7381171339848,225.6985653186432,1.6238725490741595,2.103112839306539,164.20363791925962,164.20363791925962,53.49543552198995,0.1551859091402392,9.621361942075458,9.84481564014264,0.37863960720747336,101.3588457355216,124.31533501391812,0.9999999999999996,0.05258181525969369,0.9999999999999996,0.052384506525539776,0.9999999999999996,2.726665091013402,0.9999999999999996,2.726665091013402
16848.0,79.64987841554375,192.96657559049257,100.25690484403731,305.6338891191458,51.01017640299422,21.047724368400175,7.543881797460165,281.74151870466073,225.7071421954549,1.5864682840727315,2.07766936173645,164.20363791925962,164.20363791925962,52.68836132456074,0.1551840725908374,9.621375727473039,9.844817476692043,0.37862582180989174,100.01797570100204,122.44163001177178,0.9999999999999996,0.051370646222227624,0.9999999999999996,0.05175075830628482,0.9999999999999996,2.726665091013402,0.9999999999999996,2.726665091013402
16867.5,79.65130375905993,192.96769555658554,100.2577610029896,305.6374778199531,51.01206160533832,20.728382542830456,7.544331587164839,281.74484157195315,225.71552082454153,1.5530640895499925,2.054940755025278,164.20363791925962,164.20363791925962,51.89215141743191,0.15518227857754796,9.621389193264681,9.844819270705337,0.37861235601825305,98.6965851639251,120.58921309500147,0.9999999999999996,0.050289001491983884,0.9999999999999996,0.05118463231231752,0.9999999999999996,2.726665091013402,0.9999999999999996,2.726665091013402
16887.0,79.65269617463778,192.96878963699302,100.25859737580112,305.6409835955382,51.013903289478016,20.411556899994537,7.545559411832076,281.7480876567298,225.72370604102971,1.5232288793912891,2.0346345791161498,164.20363791925962,164.20363791925962,51.10734597481687,0.15518052605680224,9.621402347285468,9.844821023226082,0.378599201997466,97.39542413970452,118.7599119528725,0.9999999999999996,0.04932292228232331,0.9999999999999996,0.050678844422795036,0.9999999999999996,2.726665091013402,0.9999999999999996,2.726665091013402
16906.5,79.65405638103587,192.9698583964018,100.25941439497205,305.64440825393785,51.01570240319146,20.097739759513765,7.547487033968412,281.7512586330932,225.73170205675746,1.496584489804403,2.0164942955966922,164.20363791925962,164.20363791925962,50.33442235436968,0.1551788141251485,9.6214151963691,9.844822735157734,0.3785863529138336,96.11515538284608,116.95533677210784,0.9999999999999996,0.048460163458200235,0.9999999999999996,0.05022700475797063,0.9999999999999996,2.726665091013402,0.9999999999999996,2.726665091013402
16926.0,79.65538516711733,192.97090245503162,100.26021253480909,305.6477537812106,51.0174599877301,19.787342914184578,7.5500424890106,281.75435633998285,225.7395134994749,1.4727860813137663,2.000285965866298,164.20363791925962,164.20363791925962,49.57373481280837,0.15517714178717143,9.62142774801326,9.844824407495713,0.3785738012696708,94.856247650421,115.17675960763609,0.9999999999999996,0.047689558942813334,0.9999999999999996,0.04982328635605649,0.9999999999999996,2.726665091013402,0.9999999999999996,2.726665091013402
16945.5,79.6566831879089,192.97192232785926,100.26099218920267,305.6510218263065,51.01917690743413,19.480730370620574,7.553162616030049,281.75738230415146,225.74714421067685,1.451534731848487,1.9858068030510978,164.20363791925962,164.20363791925962,48.825608856118976,0.15517550826942483,9.62144000844917,9.84482604101345,0.37856154083375876,93.61913657657173,113.42532542187044,0.9999999999999996,0.047001429488171334,0.9999999999999996,0.04946263818502098,0.9999999999999996,2.726665091013402,0.9999999999999996,2.726665091013402
16965.0,79.65795126092047,192.972918657667,100.26175384962082,305.65421444753827,51.02085424166816,19.178190007084947,7.556787279995433,281.76033843160104,225.7545989874977,1.4325487134629675,1.9728656746462734,164.20363791925962,164.20363791925962,48.09022975059256,0.15517391237697878,9.621451985440173,9.844827636905896,0.3785495638427548,92.40402994660806,111.70181988969327,0.9999999999999996,0.046386652600764924,0.9999999999999996,0.04914029950080949,0.9999999999999996,2.726665091013402,0.9999999999999996,2.726665091013402
16984.5,79.659189993439,192.97389192189866,100.26249788123215,305.6573331738711,51.0224927918383,18.879977561728392,7.560866325131634,281.76322613785266,225.76188139172606,1.4155953573698075,1.9613047347017334,164.20363791925962,164.20363791925962,47.36779249913134,0.15517235353236233,9.621463684762057,9.844829195750512,0.37853786452086924,91.21116828480216,110.00699148410408,0.9999999999999996,0.045837694347464444,0.9999999999999996,0.04885233866359363,0.9999999999999996,2.726665091013402,0.9999999999999996,2.726665091013402
17004.0,79.66040011808299,192.97484269660453,100.2632247244646,305.6603798499514,51.02409352523964,18.586296401136593,7.565350733562309,281.76604713103774,225.76899572242385,1.400451528588175,1.9509725976216288,164.20363791925962,164.20363791925962,46.658393361329495,0.15517083068218734,9.621475113372009,9.844830718600686,0.3785264359109208,90.04063003785868,108.34133774599499,0.9999999999999996,0.04534732950462365,0.9999999999999996,0.04859498494857662,0.9999999999999996,2.726665091013402,0.9999999999999996,2.726665091013402
17023.5,84.39934281254862,192.97577147506232,102.74258959857416,305.6633560601139,58.27310775136647,18.29750069320923,7.570071348582135,281.7688028741031,215.49476197926717,1.3869268718056507,1.9345724358210576,164.20363791925962,164.20363791925962,45.96193156766048,0.155169347133772,9.66698051185348,9.84483220214909,0.3330210374294559,88.891966982801,106.70527945319219,0.9999999999999996,0.04490939427085489,0.9999999999999996,0.04818648837777674,0.9999999999999996,2.726665091013402,0.9999999999999996,2.726665091013402
17043.0,84.97599669612435,192.9766787797831,103.40078387350323,305.66626346374255,58.31173525829963,18.016782007567013,7.573156375741194,281.7714949154056,215.0131597757877,1.374846585831835,1.9030230266593462,164.20363791925962,164.20363791925962,45.27537082583295,0.15516788994279834,9.66720795398022,9.844833659340063,0.3327935953027148,87.75702905124415,105.09907444972325,0.9999999999999996,0.04451822849511615,0.9999999999999996,0.047400653115293366,0.9999999999999996,2.726665091013402,0.9999999999999996,2.726665091013402
17062.5,84.97804434500276,192.97756508404123,103.40237486008746,305.6691035904164,58.31369256955193,17.744887367225836,7.574158807443182,281.77412465933156,215.019664853368,1.364057671289334,1.874828195978976,164.20363791925962,164.20363791925962,44.59808125066583,0.1551664704522237,9.667218768752187,9.84483507883064,0.33278278053075006,86.63402802096596,103.52291724750582,0.9999999999999996,0.04416887798010815,0.9999999999999996,0.04669837396785146,0.9999999999999996,2.726665091013402,0.9999999999999996,2.726665091013402
17082.0,84.97937007480698,192.97843091088708,103.40314689919562,305.67187811061893,58.315563459594635,17.481298416646066,7.573293946446148,281.77669365661984,215.02659415712216,1.3544197628203347,1.8496390084682865,164.20363791925962,164.20363791925962,43.93058953613417,0.15516508375548585,9.667229091928132,9.844836465527376,0.332772457354805,85.52419600631873,101.97682169283534,0.9999999999999996,0.043856797624481914,0.9999999999999996,0.046070959626183586,0.9999999999999996,2.726665091013402,0.9999999999999996,2.726665091013402
17101.5,84.98066550745449,192.97927669825174,103.403901504211,305.67458842680475,58.31739111696836,17.225575710026362,7.570748321774353,281.7792032058449,215.03336293390976,1.3458127611519946,1.8271419178913992,164.20363791925962,164.20363791925962,43.273352927066924,0.15516372914074336,9.667239175944884,9.844837820142121,0.3327623733380552,84.42860201875331,100.46081734168746,0.9999999999999996,0.043578098552979914,0.9999999999999996,0.045510600255014896,0.9999999999999996,2.726665091013402,0.9999999999999996,2.726665091013402
17121.0,84.98193076149312,192.9801029418998,103.40463837626831,305.67723612693845,58.3191765711213,16.977289258527165,7.566703285692482,281.7816547772386,215.03997568746118,1.338123462103871,1.80704135687598,164.20363791925962,164.20363791925962,42.626725039509004,0.15516240592006925,9.667249026511538,9.844839143362798,0.33275252277140355,83.34813439389558,98.97477737407469,0.9999999999999996,0.04332911515692738,0.9999999999999996,0.045009933838073404,0.9999999999999996,2.726665091013402,0.9999999999999996,2.726665091013402
17140.5,84.98316673643556,192.980910057948,103.40535819089195,305.6798225432711,58.320920735095314,16.736079135732112,7.561311537465098,281.7840496047001,215.0464355162357,1.3312569690688516,1.789089557705489,164.20363791925962,164.20363791925962,41.99100123535484,0.1551611130836888,9.66725864871219,9.844840436199172,0.33274290057074446,82.28353715467719,97.51859457810431,0.9999999999999996,0.04310677463614254,0.9999999999999996,0.04456278895682118,0.9999999999999996,2.726665091013402,0.9999999999999996,2.726665091013402
17160.0,84.98437416306581,192.9816985259778,103.40606137215275,305.68234921270704,58.32262464279262,16.501584086636235,7.554723673430087,281.78638911057726,215.05274625301524,1.3251223784267463,1.773049175537868,164.20363791925962,164.20363791925962,41.36638997526624,0.15515985058549178,9.667268048289454,9.844841698697369,0.3327335009934823,81.23540652917161,96.0920152328437,0.9999999999999996,0.0429081334853817,0.9999999999999996,0.04416325380652988,0.9999999999999996,2.726665091013402,0.9999999999999996,2.726665091013402
17179.5,84.98555366506633,192.98246875101108,103.4067482857854,305.68481743161806,58.32428916754469,16.273501662813548,7.547066911069118,281.7886744958981,215.05891112827362,1.319643530945275,1.7587213622781168,164.20363791925962,164.20363791925962,40.75306215437847,0.1551586170778809,9.667277230098684,9.844842932204983,0.33272431918425166,80.20423754494094,94.69482088895155,0.9999999999999996,0.042730725630146384,0.9999999999999996,0.04380637546259393,0.9999999999999996,2.726665091013402,0.9999999999999996,2.726665091013402
17199.0,84.9867059174195,192.98322117395873,103.40741932529006,305.6872286125276,58.32591526007175,16.05153393689424,7.5384642303240526,281.79090706830044,215.06493366301436,1.3147484725327927,1.7459182474542827,164.20363791925962,164.20363791925962,40.15112598041107,0.15515741211070022,9.667286199419333,9.844844137172165,0.3327153498635997,79.19041409806313,93.32669650959065,0.9999999999999996,0.042572221160520785,0.9999999999999996,0.043487474431939996,0.9999999999999996,2.726665091013402,0.9999999999999996,2.726665091013402
17218.5,84.98783151823068,192.98395618540926,103.40807483945161,305.6895840062364,58.327503762474116,15.835427995551079,7.529020976228405,281.79308798610276,215.07081697594344,1.3103768793662878,1.7344823263012557,164.20363791925962,164.20363791925962,39.56065184166092,0.1551562348842087,9.667294960957015,9.844845314398658,0.33270658832591776,78.19422800054882,91.98733900486923,0.9999999999999996,0.042430666760575574,0.9999999999999996,0.04320262757300311,0.9999999999999996,2.726665091013402,0.9999999999999996,2.726665091013402
17238.0,84.9889311163448,192.98467420929538,103.40871520644336,305.69188497116335,58.32905558904513,15.624925343215168,7.518835129018285,281.7952185066488,215.07656445290914,1.3064708482075802,1.7242624126575783,164.20363791925962,164.20363791925962,38.98166797851138,0.15515508517495044,9.66730351970803,9.844846464107919,0.3326980295749026,77.21588884663186,90.67636602712163,0.9999999999999996,0.04230418749414369,0.9999999999999996,0.04294806912851461,0.9999999999999996,2.726665091013402,0.9999999999999996,2.726665091013402
17257.5,84.99000528024024,192.98537561705805,103.40934075759189,305.6941326964981,58.33057154055501,15.419815101316493,7.507996419272328,281.79729973148244,215.08217906012368,1.3029823881410187,1.7151332009423017,164.20363791925962,164.20363791925962,38.41417194753867,0.15515396193735115,9.667311880200193,9.84484758734552,0.332689669082741,76.25554158001815,89.39342334690389,0.9999999999999996,0.04219122939107992,0.9999999999999996,0.04272067797682081,0.9999999999999996,2.726665091013402,0.9999999999999996,2.726665091013402
17277.0,84.99105463421738,192.986060816609,103.40995185674646,305.69632848903206,58.33205249673776,15.219875763791938,7.496586921936348,281.7993328704438,215.08766405566487,1.2998650041923554,1.7069732900348817,164.20363791925962,164.20363791925962,37.85812461471122,0.15515286466789835,9.667320047283711,9.844848684614988,0.3326815019992231,75.31325750576119,88.13807816123034,0.9999999999999996,0.042090286920579006,0.9999999999999996,0.04251743024888695,0.9999999999999996,2.726665091013402,0.9999999999999996,2.726665091013402
17296.5,84.99207972739046,192.98673016674155,103.41054882392811,305.69847349801097,58.33349923130504,15.024922739794132,7.48467742531147,281.80131898765103,215.09302230516346,1.297080524556351,1.6996830103569194,164.20363791925962,164.20363791925962,37.31346978204776,0.1551517927905104,9.667328025258115,9.844849756492374,0.33267352402481865,74.38906085165296,86.90993063091244,0.9999999999999996,0.04200012406026203,0.9999999999999996,0.04233584336670656,0.9999999999999996,2.726665091013402,0.9999999999999996,2.726665091013402
17316.0,84.99308112117583,192.98738403427694,103.41113198633643,305.7005688984192,58.33491253532151,14.834774292818778,7.472334898759388,281.80325917105,215.09825673844972,1.2945928207192117,1.6931680266795,164.20363791925962,164.20363791925962,36.780130720395896,0.15515074571716847,9.66733581851162,9.844850803565713,0.33266573077131334,73.48293541118247,85.70855156370317,0.9999999999999996,0.04191957095056147,0.9999999999999996,0.04217356762068615,0.9999999999999996,2.726665091013402,0.9999999999999996,2.726665091013402
17335.5,84.9940593682234,192.98802278033278,103.41170166602946,305.7026158470183,58.33629318763128,14.649262846852457,7.45961829178749,281.8051544917151,215.10337024012227,1.2923706073137864,1.6873466483781014,164.20363791925962,164.20363791925962,36.258002394059005,0.15514972286892964,9.667343431363937,9.844851826413953,0.33265811791899697,72.59480465644515,84.53348827728524,0.9999999999999996,0.0418476145554501,0.9999999999999996,0.04202856825407214,0.9999999999999996,2.726665091013402,0.9999999999999996,2.726665091013402
17355.0,91.64644912523532,192.9886467556675,107.20329602715603,305.70461546737954,68.1331022000041,14.469790363517488,7.445378800232886,281.80700598998834,200.9939085709712,1.290385033947351,1.660710525193052,164.20363791925962,164.20363791925962,35.74541153455682,0.15514872368333985,9.713806920878614,9.844852825599544,0.28619462840433196,71.71998242636812,83.38429025609891,0.9999999999999996,0.04178332068460537,0.9999999999999996,0.04136511352034403,0.9999999999999996,2.726665091013402,0.9999999999999996,2.726665091013402
17374.5,91.65800428783537,192.9892563012441,107.21580421961448,305.70656885171525,68.13594874637121,14.298475082446666,7.428046494812046,281.8088146771767,200.99000595604826,1.2886109124364253,1.633877209892021,164.20363791925962,164.20363791925962,35.239964056944316,0.1551477476137489,9.713818772078833,9.844853801669135,0.2861827772041146,70.85188632158786,82.26049944830504,0.9999999999999996,0.04172587373189414,0.9999999999999996,0.040696747109271084,0.9999999999999996,2.726665091013402,0.9999999999999996,2.726665091013402
17394.0,91.65915300709953,258.49085068815776,107.2164488072491,551.8977605346611,68.13769866916506,14.129999573751551,7.409893924858559,2.8033678547780316,200.99519218163528,1.24202358870591,1.6099092830766524,164.20363791925962,164.20363791925962,34.74009382750118,0.08654272491234602,9.713825912737775,9.91345882437053,0.2861756365452131,69.99168937262722,81.15068542956496,0.9999999999999996,0.04021735260365771,0.9999999999999996,0.040099752028837206,0.9999999999999996,2.726665091013402,0.9999999999999996,2.726665091013402
17413.5,91.66027622783373,259.1685828102676,107.21707969531406,554.353169777582,68.13940826684674,13.95389389138471,7.395652296399245,0.014156717433728795,201.0002576367754,1.1849088651433302,1.5885007367333805,164.20363791925962,164.20363791925962,34.24174281156584,0.0861581974664919,9.713832888528396,9.913843351816379,0.2861686607545953,69.14050940664598,80.03072392447031,0.9999999999999996,0.03836794893913472,0.9999999999999996,0.039566506206425114,0.9999999999999996,2.726665091013402,0.9999999999999996,2.726665091013402
17433.0,91.6613734846095,259.17310219241057,107.21769599771473,554.3703169953944,68.14107836315475,13.770898847745773,7.38523788281005,7.148934798668059E-5,201.00520604859258,1.133840246396525,1.5693779602411453,164.20363791925962,164.20363791925962,33.745568622945115,0.08615553222734475,9.713839702810438,9.913846017055524,0.2861618464725691,68.2992993855682,78.90293707397228,0.9999999999999996,0.036714321209518105,0.9999999999999996,0.03909019452631848,0.9999999999999996,2.726665091013402,0.9999999999999996,2.726665091013402
17452.5,91.66244537565586,259.1742020273776,107.21829804936708,554.3750387259178,68.14270987052006,13.582392317127942,7.378237826972308,3.610140471915667E-7,201.01004012332962,1.088231891538242,1.5522966003811505,164.20363791925962,164.20363791925962,33.252469955510136,0.08615482402324395,9.71384635932949,9.913846725259628,0.2861551899535172,67.46886606016369,77.77110520780028,0.9999999999999996,0.03523749958898879,0.9999999999999996,0.03866473061856827,0.9999999999999996,2.726665091013402,0.9999999999999996,2.726665091013402
17472.0,91.66349248760204,259.1752596850323,107.21888618000193,554.3795904846745,68.14430368050154,13.389596810745198,7.374286084656668,1.823926720509419E-9,201.01476250263093,1.0475002105924582,1.5370384338726277,164.20363791925962,164.20363791925962,32.76322067741277,0.08615410393213083,9.713852861744861,9.913847445350743,0.2861486875381474,66.64988663787246,76.6385433913172,0.9999999999999996,0.03391858713866804,0.9999999999999996,0.038284678959857925,0.9999999999999996,2.726665091013402,0.9999999999999996,2.726665091013402
17491.5,91.6645153935391,259.17629279555297,107.21946071173451,554.3840366968319,68.14586066412063,13.193592010228569,7.37305831062107,9.430166614844251E-12,201.0193757672879,1.0111237098672634,1.5234085693715904,164.20363791925962,164.20363791925962,32.278483874547916,0.08615341888342355,9.713859213630892,9.91384813039945,0.2861423356521179,65.842923610686,75.50814555758987,0.9999999999999996,0.03274069762879434,0.9999999999999996,0.03794518518065954,0.9999999999999996,2.726665091013402,0.9999999999999996,2.726665091013402
17511.0,91.66551464574673,259.1773020036206,107.22002195497888,554.3883800570851,68.14738166078932,12.995330078665281,7.3742664891959775,7.318928080124574E-14,201.0238824044342,0.9786371953551304,1.511233154749475,164.20363791925962,164.20363791925962,31.798828467887716,0.08615274969631806,9.713865418431865,9.913848799586562,0.286136130851145,65.04844343275366,74.38243752569133,0.9999999999999996,0.031688767841889426,0.9999999999999996,0.0376419189579429,0.9999999999999996,2.726665091013402,0.9999999999999996,2.726665091013402
17530.5,91.66649080581433,259.1782878772975,107.22057022536633,554.3926230087329,68.1488675241562,12.795644631216545,7.3776536706571365,-2.7237428097246057E-15,201.02828494338647,0.9496240865463936,1.5003565032912887,164.20363791925962,164.20363791925962,31.324728229936575,0.08615209598727695,9.713871479649075,9.9138494532956,0.2861300696339383,64.26680614671098,73.26359026354496,0.9999999999999996,0.030749308690147383,0.9999999999999996,0.03737100243428398,0.9999999999999996,2.726665091013402,0.9999999999999996,2.726665091013402
17550.0,91.66744439300957,259.1792509414447,107.22110581474703,554.3967678095113,68.1503190435107,12.595272659160662,7.382990002758192,-5.007752812746278E-17,201.03258572276778,0.9237129442159491,1.4906397980539456,164.20363791925962,164.20363791925962,30.85659675277409,0.08615145740999228,9.713877400520321,9.913850091872886,0.28612414876268716,63.49831685967706,72.1535143594398,0.9999999999999996,0.02991029278341021,0.9999999999999996,0.03712897794591645,0.9999999999999996,2.726665091013402,0.9999999999999996,2.726665091013402
17569.5,91.66837594546963,259.18019173999267,107.22162902555726,554.400816799287,68.1517370369302,12.394851001962065,7.390070164752259,-2.0290041975947091E-16,201.03678716649839,0.9005717451816007,1.4819589502719546,164.20363791925962,164.20363791925962,30.39476526580548,0.08615083360180284,9.713883184399194,9.913850715681077,0.2861183648838132,62.74318464786219,71.05381732927869,0.9999999999999996,0.029160969042944455,0.9999999999999996,0.036912754679725525,0.9999999999999996,2.726665091013402,0.9999999999999996,2.726665091013402
17589.0,91.66928595886246,259.1811107739472,107.2221401363732,554.4047721332448,68.15312225788934,12.194940136343986,7.39871029582636,-2.3312763984440847E-18,201.04089150708748,0.8799050487530936,1.4742035427363573,164.20363791925962,164.20363791925962,29.939520966287013,0.08615022423383784,9.713888834376935,9.913851325049041,0.2861127149060687,62.001581105438184,69.96590676858007,0.9999999999999996,0.028491770949626415,0.9999999999999996,0.036719582354844155,0.9999999999999996,2.726665091013402,0.9999999999999996,2.726665091013402
17608.5,91.67017494141024,259.18200855700854,107.22263943280909,554.4086360212615,68.15447547904327,11.996022634000392,7.408744384333074,-3.033624922087909E-19,201.04490103386993,0.8614478759398655,1.4672745406140542,164.20363791925962,164.20363791925962,29.491089555026445,0.08614962896128854,9.713894353619548,9.91385192032159,0.286107195663456,61.273605348570705,68.89095879130211,0.9999999999999996,0.02789411834959033,0.9999999999999996,0.03654699420355363,0.9999999999999996,2.726665091013402,0.9999999999999996,2.726665091013402
17628.0,91.67104336312006,259.1828855642527,107.22312717900911,554.4124105070315,68.15579741491591,11.798520734153247,7.4200232594672535,1.4979107381521928E-20,201.04881786394262,0.8449645735623337,1.4610838688227898,164.20363791925962,164.20363791925962,29.049663958073424,0.08614904747026263,9.713899745056441,9.913852501812618,0.286101804226562,60.55933003454021,67.82999490323635,0.9999999999999996,0.027360380673576774,0.9999999999999996,0.03639279644450524,0.9999999999999996,2.726665091013402,0.9999999999999996,2.726665091013402
17647.5,91.67189172571464,259.18374230281233,107.2236036569196,554.4160977722713,68.15708882836637,11.602793475306495,7.432410778385988,6.4583436288380464E-21,201.0526442576189,0.8302415934285048,1.4555517112572574,164.20363791925962,164.20363791925962,28.61538067806449,0.0861484794236339,9.713905011813093,9.913853069859245,0.2860965374699068,59.858755760797976,66.78383796966524,0.9999999999999996,0.02688364312301561,0.9999999999999996,0.03625500101162323,0.9999999999999996,2.726665091013402,0.9999999999999996,2.726665091013402
17667.0,91.6727204713613,259.1845792196207,107.22406911503192,554.4196997396492,68.15835039163439,11.409148064371834,7.445787633738955,1.5574645070846719E-22,201.05638220670937,0.8170940070008189,1.4506089484591995,164.20363791925962,164.20363791925962,28.18835537394401,0.08614792452515241,9.713910156644902,9.913853624757728,0.2860913926380951,59.17187646902442,65.75319017574284,0.9999999999999996,0.02645791761823656,0.9999999999999996,0.036131886271791,0.9999999999999996,2.726665091013402,0.9999999999999996,2.726665091013402
17686.5,91.6735300648304,259.1853967844659,107.2245238145218,554.4232184302505,68.1595828114218,11.217848351662589,7.460042261556314,4.3105283405978136E-23,201.06003380513627,0.805351569758124,1.4461919472308407,164.20363791925962,164.20363791925962,27.76866633328993,0.08614738246247766,9.713915182446788,9.913854166820402,0.2860863668362105,58.498636902480236,64.73861965470678,0.9999999999999996,0.026077691555454755,0.9999999999999996,0.0360218672441165,0.9999999999999996,2.726665091013402,0.9999999999999996,2.726665091013402
17706.0,91.67432094124636,259.186195437168,107.224967999909,554.4266557362214,68.16078674933703,11.029117128516138,7.4750751008502805,-1.4243036920514196E-24,201.06360101321033,0.7948645350973282,1.442244735039382,164.20363791925962,164.20363791925962,27.35637022327436,0.08614685294456932,9.713920091929221,9.91385469633831,0.28608145735376883,57.838965834320945,63.740590458250395,0.9999999999999996,0.0257381160638496,0.9999999999999996,0.03592354976017715,0.9999999999999996,2.726665091013402,0.9999999999999996,2.726665091013402
17725.5,91.67509354066956,259.18697562253607,107.2254019184769,554.4300135712218,68.16196287454741,10.843138918665323,7.490795466886236,-3.1024402072247847E-25,201.06708581364063,0.7854982782106327,1.438716989838386,164.20363791925962,164.20363791925962,26.951493835909496,0.08614633567435444,9.713924887832768,9.913855213608526,0.28607666145021965,57.19275716820299,62.75945348436377,0.9999999999999996,0.025434831923987856,0.9999999999999996,0.035835680394326594,0.9999999999999996,2.726665091013402,0.9999999999999996,2.726665091013402
17745.0,91.67584827825729,259.1877377602091,107.22582580351649,554.4332937406248,68.16311181834678,10.660068282902765,7.507121298367764,1.2890780621501575E-26,201.07049007691765,0.7771334102761639,1.4355640838135004,164.20363791925962,164.20363791925962,26.554049675042588,0.08614583037498001,9.71392957274298,9.913855718907904,0.2860719765400049,56.55989540128438,61.795486150360716,0.9999999999999996,0.02516397326537407,0.9999999999999996,0.03575714755331675,0.9999999999999996,2.726665091013402,0.9999999999999996,2.726665091013402
17764.5,91.67658558013818,259.1884822809174,107.22623989447358,554.4364980975755,68.16423422876926,10.480030770826339,7.523976584265747,3.9494442644413866E-28,201.07381572313318,0.7696610671001645,1.4327453215644808,164.20363791925962,164.20363791925962,26.164025669805667,0.08614533675998515,9.713934149313047,9.913856212522898,0.28606739996993713,55.9402342701589,60.84887689207331,0.9999999999999996,0.024922015010299524,0.9999999999999996,0.03568693759279156,0.9999999999999996,2.726665091013402,0.9999999999999996,2.726665091013402
17784.0,91.67730582988878,259.1892095723737,107.22664440688818,554.43962831011,68.16533068910897,10.303124661798185,7.541295804255883,2.5442798605282274E-28,201.07706448055916,0.7629890936980589,1.4302262530701728,164.20363791925962,164.20363791925962,25.781400948906708,0.08614485457120204,9.713938619931538,9.913856694711685,0.2860629293514463,55.33363031819712,59.919754248604114,0.9999999999999996,0.02470597313370821,0.9999999999999996,0.03562419242880794,0.9999999999999996,2.726665091013402,0.9999999999999996,2.726665091013402
17803.5,91.67800943636746,259.18992004785065,107.2270395704952,554.442686156312,68.16640182117595,10.129429102612256,7.559015284824861,4.284170256336431E-29,201.0802381915857,0.7570297817525945,1.4279740890140336,164.20363791925962,164.20363791925962,25.406134259335843,0.08614438353682244,9.713942987143726,9.913857165746062,0.2860585621392576,54.739909310837895,59.008181144051235,0.9999999999999996,0.024513007595883242,0.9999999999999996,0.03556809534238897,0.9999999999999996,2.726665091013402,0.9999999999999996,2.726665091013402
17823.0,91.67869677615712,259.1906140879971,107.22742559689583,554.4456732738745,68.16744819768167,9.95900386388409,7.577079007860553,-2.8231461484272157E-30,201.08333855312705,0.7517075630358127,1.4259605777136446,164.20363791925962,164.20363791925962,25.03817862322006,0.0861439233972749,9.713947253293819,9.913857625885612,0.2860542959891627,54.1589002192534,58.11417882125978,0.9999999999999996,0.02434067145934527,0.9999999999999996,0.03551794263831949,0.9999999999999996,2.726665091013402,0.9999999999999996,2.726665091013402
17842.5,91.67936823947159,259.19129208723905,107.22780270534201,554.4485913598429,68.16847041211709,9.791890161798753,7.595434361920658,1.6121973067019106E-31,201.0863673236669,0.7469527940578494,1.4241596809330093,164.20363791925962,164.20363791925962,24.677469360520046,0.08614347390501327,9.713951420810723,9.913858075377872,0.28605012847225897,53.59040827638949,57.23770831758978,0.9999999999999996,0.024186709632633977,0.9999999999999996,0.035473085754088717,0.9999999999999996,2.726665091013402,0.9999999999999996,2.726665091013402
17862.0,91.68002417375057,259.1919543967653,107.22817109105507,554.4514419250938,68.16946899289795,9.628115120566774,7.614036304794507,-7.504149429124921E-32,201.08932606886458,0.7427072318593264,1.4225496220932368,164.20363791925962,164.20363791925962,24.323942496321816,0.08614303473944461,9.713955491853836,9.913858514543442,0.2860460574291513,53.03425245508263,56.37870844101893,0.9999999999999996,0.024049236179237925,0.9999999999999996,0.03543298227688948,0.9999999999999996,2.726665091013402,0.9999999999999996,2.726665091013402
17881.5,91.68066495644464,259.1926013980928,107.22853096611051,554.4542266113978,68.17044451412234,9.467691975208274,7.63284007871978,4.134466999968317E-33,201.0922164897741,0.7389143603052045,1.4211092688080484,164.20363791925962,164.20363791925962,23.977516104242287,0.08614260587424998,9.713959468781525,9.91385894340864,0.28604208050146174,52.49022239139617,55.53706512687499,0.9999999999999996,0.02392642107809203,0.9999999999999996,0.035397105839516815,0.9999999999999996,2.726665091013402,0.9999999999999996,2.726665091013402
17901.0,96.96116357097486,259.1932334306471,108.9705146172091,554.4569468991585,80.92356930590472,9.310640236601461,7.651779194228038,-2.2277004940298913E-33,185.22395900778844,0.7355274589008094,1.4172241359134183,164.20363791925962,164.20363791925962,23.6380941953736,0.08614220543097127,9.757637937801759,9.913859343851922,0.24236361148122587,51.95804828368486,54.71265138042367,0.9999999999999996,0.023816751495925475,0.9999999999999996,0.035300334631777695,0.9999999999999996,2.726665091013402,0.9999999999999996,2.726665091013402
17920.5,100.38205089599843,259.1938508447351,112.00008803833728,554.4596042349696,82.08200351571078,9.158876151177223,7.668482588638748,-1.1220742996286176E-35,181.59921300285325,0.7325025640437444,1.3915919621859885,164.20363791925962,164.20363791925962,23.30366468433725,0.08614177754376323,9.761281583598612,9.913859771739137,0.23871996568436252,51.4304517446043,53.90530805737549,0.9999999999999996,0.02371880386903513,0.9999999999999996,0.03466188635321026,0.9999999999999996,2.726665091013402,0.9999999999999996,2.726665091013402
17940.0,100.3847031434618,259.1944539686586,112.00254614652167,554.4622000921373,82.08373192236324,9.013449394021528,7.681643909537551,-4.8397162658036E-38,181.60059594387062,0.7298010139905018,1.3685329916039692,164.20363791925962,164.20363791925962,22.973075671528264,0.0861413777024604,9.761286535259531,9.913860171580444,0.2387150140234437,50.90335075133761,53.114865409952074,0.9999999999999996,0.023631326310592865,0.9999999999999996,0.0340875316289415,0.9999999999999996,2.726665091013402,0.9999999999999996,2.726665091013402
17959.5,100.38552628955448,259.1950431576348,112.002989417128,554.4647359788611,82.0851022688288,8.873847134935845,7.691633176630644,6.1960322440073714E-40,181.6036395154547,0.7273875294883894,1.3479336138466818,164.20363791925962,164.20363791925962,22.646702792144847,0.0861409871016626,9.761290425868847,9.913860562181245,0.23871112341412698,50.37798349277241,52.34109562053452,0.9999999999999996,0.023553176460535633,0.9999999999999996,0.03357444064381657,0.9999999999999996,2.726665091013402,0.9999999999999996,2.726665091013402
17979.0,100.38632919335198,259.195618704465,112.00342110851324,554.4672131548589,82.08644069545127,8.739635305617899,7.698765084758121,-6.282444906223625E-40,181.6066138107414,0.725232352316685,1.3295397894393521,164.20363791925962,164.20363791925962,22.324869682342214,0.08614060547162945,9.761294225776375,9.91386094381128,0.23870732350660087,49.8554099422829,51.58381531225971,0.9999999999999996,0.023483390732610694,0.9999999999999996,0.033116285761830726,0.9999999999999996,2.726665091013402,0.9999999999999996,2.726665091013402
17998.5,100.38711358352639,259.19618095662526,112.00384285836681,554.4696331155791,82.08774823377273,8.610402077106151,7.703359947841857,1.0503607262071591E-41,181.60951943099414,0.7233067935797244,1.313106538176663,164.20363791925962,164.20363791925962,22.007828997890705,0.08614023280961133,9.761297937739897,9.913861316473302,0.23870361154308006,49.336581538264575,50.84276017187043,0.9999999999999996,0.023421040165852062,0.9999999999999996,0.032706964996003424,0.9999999999999996,2.726665091013402,0.9999999999999996,2.726665091013402
18018.0,100.38787982912095,259.19673020212167,112.00425484669886,554.4719970999644,82.0890255463129,8.485798336153046,7.705674536999005,-1.0213877899175052E-41,181.61235789308049,0.7215871150989787,1.2984311549730918,164.20363791925962,164.20363791925962,21.69579777311277,0.08613986869654337,9.76130156384979,9.91386168058637,0.2386999854331868,48.82228505302558,50.11771087718911,0.9999999999999996,0.023365356106021015,0.9999999999999996,0.03234142935149385,0.9999999999999996,2.726665091013402,0.9999999999999996,2.726665091013402
18037.5,25.28258527774356,259.19726674555477,60.93775813424436,554.4743064187741,1.3592755518070767,8.22613058317389,7.8994647612135,-5.158349323160609E-44,318.2756865253969,0.720050970522135,3.8667407826811666,164.20363791925962,164.20363791925962,21.528318101175746,0.0861395130063212,4.0387864997217,9.913862036276596,5.961215049561264,48.86597474548875,49.40841601198771,0.9999999999999996,0.02331561496691633,0.9999999999999996,0.09631309551118604,0.9999999999999996,2.726665091013402,0.9999999999999996,2.726665091013402
18057.0,20.908684159431317,259.1977908803588,55.027366335916426,554.4765623346331,1.3688639988326166,7.644918021782654,8.576111435189462,-2.5935005032009625E-46,321.79113314149095,0.7186787905769837,6.589616530781964,164.20363791925962,164.20363791925962,21.691716624497968,0.08613916554426446,4.053119385839505,9.913862383738648,5.946882163443458,50.26090237521197,48.714619597624285,0.9999999999999996,0.023271183085596496,0.9999999999999996,0.16413470723300497,0.9999999999999996,2.726665091013402,0.9999999999999996,2.726665091013402
18076.5,18.867919662932717,259.1983028935293,52.60305180230502,554.4787660824718,0.8491039105840739,6.830469051575562,9.787199978678435,-1.3091077966309463E-48,324.8714945086516,0.7174530482451946,9.46104643743316,164.20363791925962,164.20363791925962,22.097527332896096,0.08613882611996922,2.977553274103055,9.913862723162932,7.022448275179906,52.9458262914373,48.0360599156063,0.9999999999999996,0.023231492928334544,0.9999999999999996,0.2356565180799195,0.9999999999999996,2.726665091013402,0.9999999999999996,2.726665091013402
18096.0,18.41211999128225,259.1988030653116,51.941497552059914,554.4809188681836,0.8494767264021472,5.886785090992814,11.638517839120025,-6.772831565658262E-51,325.1247006630119,0.7163580916008713,12.150566650597003,164.20363791925962,164.20363791925962,22.641588701895635,0.08613849454751477,2.973450372758273,9.913863054735385,7.026551176524688,56.92344640230674,47.37247110365438,0.9999999999999996,0.023196037677845824,0.9999999999999996,0.30264730741079915,0.9999999999999996,2.726665091013402,0.9999999999999996,2.726665091013402
18115.5,18.14626535032039,259.19929166980364,51.616148211058515,554.4830218712196,0.7851668033930748,4.949197901178985,14.173661804417852,-3.3302629574923045E-53,325.4206076361824,0.7153799395270394,14.614400131331733,164.20363791925962,164.20363791925962,23.188406747402613,0.08613817064506787,2.812941305223202,9.913863378637835,7.18706024405976,62.0411638494823,46.72358378426954,0.9999999999999996,0.023164364618484458,0.9999999999999996,0.3640166731610216,0.9999999999999996,2.726665091013402,0.9999999999999996,2.726665091013402
18135.0,18.07719593744995,259.19976897442757,51.51520618337339,554.4850762423133,0.7849372497030536,4.108053482161299,17.404321164917732,-1.895369321788118E-55,325.3414284044795,0.7145061087009102,16.838294872504083,164.20363791925962,164.20363791925962,23.647472290045016,0.08613785423519414,2.8111930717887463,9.913863695047707,7.1888084774942165,68.16809515035139,46.089126991821146,0.9999999999999996,0.023136069533938604,0.9999999999999996,0.4194096251718464,0.9999999999999996,2.726665091013402,0.9999999999999996,2.726665091013402
18154.5,17.993215595164564,259.2002352405313,51.419911829379416,554.487083106069,0.7567350301187389,3.4035502516269283,21.28830076353984,-1.1439632160031993E-57,325.3692312995257,0.7137254496466208,18.850574059598735,164.20363791925962,164.20363791925962,23.978422985465052,0.08613754514457192,2.7386021315352194,9.913864004138327,7.261399417747746,75.16715037193583,45.46882851971504,0.9999999999999996,0.02311079139853514,0.9999999999999996,0.46953163966267386,0.9999999999999996,2.726665091013402,0.9999999999999996,2.726665091013402
18174.0,17.96855109938812,259.2006907234176,51.38398569645227,554.4890435610855,0.7564592108162599,2.835504595865454,25.755842453754703,-7.797651510771092E-60,325.2561200731612,0.7130280050514194,20.66047922301087,164.20363791925962,164.20363791925962,24.181278350796067,0.0861372432038038,2.737132230912363,9.913864306079095,7.262869318370602,82.92252581543877,44.862415879220805,0.9999999999999996,0.02308820778944608,0.9999999999999996,0.5146129054280587,0.9999999999999996,2.726665091013402,0.9999999999999996,2.726665091013402
18193.5,19.636458691917014,259.2011356724833,53.094425904067485,554.490958680556,1.4978107381638242,2.3889291669168746,30.66982307811258,-6.696281658301176E-62,321.61337624511333,0.7124048822762303,21.742461286972237,164.20363791925962,164.20363791925962,24.270861894993324,0.08613694824746373,4.26707153371435,9.913864601035433,5.732930015568613,91.23113817136792,44.26961700931687,0.9999999999999996,0.02306803075851605,0.9999999999999996,0.5415630031264732,0.9999999999999996,2.726665091013402,0.9999999999999996,2.726665091013402
18213.0,20.124247632684966,259.201570331357,53.79848987377897,554.4928295128593,1.4960102681041927,2.045795301656343,35.793252824800945,-3.404265293018893E-64,321.0968672443348,0.711848139505534,22.43540044244558,164.20363791925962,164.20363791925962,24.265039072078334,0.086136660113944,4.2704523234000025,9.913864889168956,5.72954922588296,99.7291229452757,43.690160894957394,0.9999999999999996,0.02305000314573781,0.9999999999999996,0.5588227882570059,0.9999999999999996,2.726665091013402,0.9999999999999996,2.726665091013402
18232.5,22.190799114438743,259.2019949380315,55.869121535583474,554.4946570821288,2.4431377848703173,1.7792994302868854,41.017260519799336,-1.8330343757052867E-66,317.30590228922614,0.7113506840706676,22.643127762250533,164.20363791925962,164.20363791925962,24.19045119588047,0.0861363786453911,5.48830703400578,9.913865170637505,4.511694515277182,108.27993426518076,43.123778103815376,0.9999999999999996,0.02303389528690924,0.9999999999999996,0.5639968773198845,0.9999999999999996,2.726665091013402,0.9999999999999996,2.726665091013402
18252.0,22.74584915000816,259.2024097249944,56.64953696968706,554.4964423888148,2.4402684842717135,1.572032450221831,46.174835302930944,-8.872378477104002E-69,316.7746808928922,0.7109061816465152,22.5986317492557,164.20363791925962,164.20363791925962,24.064346345808566,0.08613610368755772,5.486832357649303,9.913865445595347,4.51316919163366,116.63488522534357,42.57020125065902,0.9999999999999996,0.023019502073376198,0.9999999999999996,0.5628885669907739,0.9999999999999996,2.726665091013402,0.9999999999999996,2.726665091013402
18271.5,24.760498910464182,259.20281491935583,58.571485526202366,554.4981864102342,3.452780032088196,1.4076285135853794,51.21510741057518,-4.32907136013729E-71,313.38773937036564,0.710508975158432,22.290331465440005,164.20363791925962,164.20363791925962,23.902930820251342,0.08613583508983867,6.323559255284396,9.913865714193065,3.6764422939985693,124.73641579738778,42.0291653973772,0.9999999999999996,0.02300664032619767,0.9999999999999996,0.5552093983187334,0.9999999999999996,2.726665091013402,0.9999999999999996,2.726665091013402
18291.0,25.271247960111193,259.2032107429731,59.273455963963514,554.4998901011041,3.4494045487910743,1.2761833073761675,56.042945584228114,-2.2849167701798403E-73,312.92136510673146,0.7101540123605843,21.84400279056618,164.20363791925962,164.20363791925962,23.715951062945617,0.08613557270506776,6.321413418960682,9.913865976577831,3.67858813032228,132.44274118489946,41.50040839593347,0.9999999999999996,0.02299514645109575,0.9999999999999996,0.5440922071987492,0.9999999999999996,2.726665091013402,0.9999999999999996,2.726665091013402
18310.5,27.198984765101752,259.20359741257255,61.02316509096869,554.5015543940365,4.5146505783644,1.1691360376099482,60.643470640706894,-1.1978730335591705E-75,309.821620354176,0.7098367811514311,21.26409845532227,164.20363791925962,164.20363791925962,23.511811854520584,0.08613531636106847,6.922346993049417,9.913866232921835,3.0776545562335453,139.74311039134045,40.98367118010107,0.9999999999999996,0.0229848743439382,0.9999999999999996,0.5296479026107985,0.9999999999999996,2.726665091013402,0.9999999999999996,2.726665091013402
18330.0,27.676514188138757,259.2039751398643,61.66731474920217,554.503180200188,4.5109136088532615,1.0812802898898444,64.9644650553164,-5.781374422362529E-78,309.40197267707293,0.7095532518382022,20.612065208868337,164.20363791925962,164.20363791925962,23.29556560177906,0.08613506600268296,6.9204457565394355,9.913866483280225,3.0795557927435295,146.55920390923816,40.47869801429717,0.9999999999999996,0.022975693521232982,0.9999999999999996,0.5134070052060747,0.9999999999999996,2.726665091013402,0.9999999999999996,2.726665091013402
18349.5,29.504686815714727,259.2043441316682,63.250954835605825,554.5047684092777,5.613402664367675,1.008064329271468,69.01038706186793,-3.2603699547524497E-80,306.52429806608916,0.7092998255428316,19.904793302674804,164.20363791925962,164.20363791925962,23.071612162857893,0.08613482121377229,7.366113444387584,9.913866728069129,2.6338881048953944,152.90573094381728,39.985236701192576,0.9999999999999996,0.02296748744948633,0.9999999999999996,0.49579021874893786,0.9999999999999996,2.726665091013402,0.9999999999999996,2.726665091013402
18369.0,29.960719204629303,259.20470459000506,63.85659377661185,554.5063198913452,5.60938131574102,0.9466683083679392,72.75473428536841,-1.5757684212166784E-82,306.1362771297319,0.7090732881013483,19.164259940157557,164.20363791925962,164.20363791925962,22.842621741063272,0.0861345824699638,7.364554408074972,9.91386696681293,2.6354471412080067,158.74311724970474,39.50303875098765,0.9999999999999996,0.02296015205244161,0.9999999999999996,0.47734495321865095,0.9999999999999996,2.726665091013402,0.9999999999999996,2.726665091013402
18388.5,31.688326016498134,259.20505671224424,65.28678347557603,554.5078354951312,6.740872989472732,0.8945449865358269,76.21183655720353,-9.273936120897668E-85,303.43234656560395,0.7088707689663667,18.41507519073786,164.20363791925962,164.20363791925962,22.610994252598697,0.08613434906670264,7.70556411478989,9.913867200216183,2.2944374344930853,164.0991432216049,39.031859525736145,0.9999999999999996,0.022953594380321206,0.9999999999999996,0.4586841982361691,0.9999999999999996,2.726665091013402,0.9999999999999996,2.726665091013402
18408.0,32.134998833349286,259.2054006911764,65.8721979541707,554.5093160504853,6.736582073462679,0.8500902571857674,79.37051758007937,-4.844619205619017E-87,303.0624659088069,0.7086897044469073,17.654946419931896,164.20363791925962,164.20363791925962,22.37818886708279,0.08613412104716177,7.704285792352419,9.913867428235726,2.2957157569305546,168.95767319215201,38.57145835197705,0.9999999999999996,0.02294773141951327,0.9999999999999996,0.43975084867435243,0.9999999999999996,2.726665091013402,0.9999999999999996,2.726665091013402
18427.5,33.68451706503107,259.2057367151355,67.09862070905928,554.510762367922,7.834341069372767,0.8117976179064408,82.24980040040302,-3.508559844970675E-89,300.62409278316136,0.70852780489891,16.916289625337104,164.20363791925962,164.20363791925962,22.145569591217797,0.08613389830908899,7.960469679048328,9.913867650973781,2.039531870234643,173.35256065370857,38.121598610059024,0.9999999999999996,0.022942489030183966,0.9999999999999996,0.4213523248512827,0.9999999999999996,2.726665091013402,0.9999999999999996,2.726665091013402
18447.0,34.11275907071698,259.20606496810007,67.65360821340418,554.5121752391836,7.82997834305641,0.7786968339930407,84.84892444943692,-1.7546883996770459E-91,300.2769578083588,0.7083830254231767,16.182074428240426,164.20363791925962,164.20363791925962,21.913966646322407,0.08613368072303332,7.9594428702379325,9.913867868559835,2.040558679045038,177.28392126708678,37.682047802324234,0.9999999999999996,0.022937800997461972,0.9999999999999996,0.40306443270178527,0.9999999999999996,2.726665091013402,0.9999999999999996,2.726665091013402
18466.5,35.839505541716086,259.2063856297928,68.95218442286425,554.5135554377117,9.161385884933258,0.74985873116637,87.18793968151905,-9.72027877168506E-94,297.51667422558603,0.7082535396907137,15.475468011028886,164.20363791925962,164.20363791925962,21.684171704857352,0.08613346817145079,8.202812337932857,9.913868081111413,1.7971892113501127,180.7863633618902,37.25257760167038,0.9999999999999996,0.022933608183889863,0.9999999999999996,0.3854642222986139,0.9999999999999996,2.726665091013402,0.9999999999999996,2.726665091013402
18486.0,36.360306476193166,259.2066988757804,69.61979714159345,554.5149037190498,9.155769321691363,0.7247103391515544,89.2668292425628,-5.030206813855568E-96,297.10189390025783,0.7081377165768056,14.767677054280457,164.20363791925962,164.20363791925962,21.45662276674924,0.08613326052571414,8.201787534968727,9.913868288757152,1.7982140143142435,183.8605862671195,36.832963884599586,0.9999999999999996,0.022929857772823557,0.9999999999999996,0.3678345072878246,0.9999999999999996,2.726665091013402,0.9999999999999996,2.726665091013402
18505.5,37.670325904486106,259.2070048775302,70.55673535822943,554.5162208233057,10.248258080276027,0.7026471443491208,91.10530089991575,-3.162128531555322E-98,294.96678770159957,0.7080340992802138,14.10619677157223,164.20363791925962,164.20363791925962,21.23179191724645,0.08613305967790574,8.36215918737611,9.913868489604951,1.637842361906859,186.54009941064868,36.42298674869887,0.9999999999999996,0.022926502592301414,0.9999999999999996,0.3513583023318078,0.9999999999999996,2.726665091013402,0.9999999999999996,2.726665091013402
18525.0,38.114027859235456,259.2073038026918,71.11966316141464,554.5175074655134,10.243389546907292,0.6832609619073632,92.7117000440985,-1.6085793531543172E-100,294.6190771377189,0.7079413867057672,13.460783596928913,164.20363791925962,164.20363791925962,21.009957458129197,0.0861328595931667,8.361429518961621,9.913868689689691,1.6385720303213505,188.83922276799743,36.02243051809074,0.9999999999999996,0.02292350051220308,0.9999999999999996,0.3352822982169167,0.9999999999999996,2.726665091013402,0.9999999999999996,2.726665091013402
18544.5,39.51482050582112,259.2075958148065,71.99339100483125,554.5187643565797,11.637210927622439,0.6661413184812411,94.10565359724981,-1.0994999435788408E-102,292.1490368429827,0.7078584167750749,12.862642843158964,164.20363791925962,164.20363791925962,20.791402521393316,0.08613266666657572,8.528802928576813,9.913868882616296,1.4711986207061607,190.79101775623107,35.63108373752614,0.9999999999999996,0.02292081390384194,0.9999999999999996,0.3203837594255389,0.9999999999999996,2.726665091013402,0.9999999999999996,2.726665091013402
18564.0,40.222456987074416,259.20788107382555,72.87537836765733,554.5199921806385,11.629086451840687,0.6510356642043397,95.29332754116226,-5.584350259886931E-105,291.5963935649816,0.7077841516065118,12.262471399513636,164.20363791925962,164.20363791925962,20.576254847842566,0.08613247690782497,8.527936665507395,9.913869072375043,1.472064883775582,192.40593534581126,35.24873915671604,0.9999999999999996,0.022918409160085515,0.9999999999999996,0.30543464004474147,0.9999999999999996,2.726665091013402,0.9999999999999996,2.726665091013402
18583.5,41.154746158424636,259.2081597359166,73.40652108994607,554.5211916104928,12.666084511956903,0.6376717764074583,96.29065099172144,-3.804799239826895E-107,289.8693997943008,0.7077176642075316,11.715831382947487,164.20363791925962,164.20363791925962,20.364664368960984,0.08613229086712214,8.631840752004084,9.913869258415744,1.3681607972788825,193.71067541849163,34.875193706404644,0.9999999999999996,0.022916256264445847,0.9999999999999996,0.2918188858256894,0.9999999999999996,2.726665091013402,0.9999999999999996,2.726665091013402
18603.0,41.73482994956991,259.2084319535854,74.11475310205554,554.5223633060947,12.659617080615964,0.625846318000624,97.10899972442272,-1.9212279862430798E-109,289.4237240738255,0.7076581266218334,11.183859567282823,164.20363791925962,164.20363791925962,20.156714629696324,0.08613211176511892,8.631364884551678,9.913869437517748,1.3686366647312893,194.7242666202966,34.510248467093874,0.9999999999999996,0.022914328407278747,0.9999999999999996,0.2785684883537794,0.9999999999999996,2.726665091013402,0.9999999999999996,2.726665091013402
18622.5,42.67867159274977,63.4372844446207,74.57234437186962,9.563914314607098,13.902424549519086,0.6163576393859983,97.75034213066385,645.8428339402815,287.5027154504177,1.140693381084829,10.70066262523217,164.20363791925962,164.20363791925962,19.966112365145086,3.0946663267167107,8.737736140614459,6.905335222566156,1.2622654086685021,195.47273810670094,34.17798969580735,0.9999999999999996,0.03693622918027335,0.9999999999999996,0.2665329794210683,0.9999999999999996,2.726665091013402,0.9999999999999996,2.726665091013402
18642.0,43.465206578410175,40.41313274835298,75.50263308689065,9.512020987927196,13.893792127822692,0.6352067913534367,97.58004576529265,657.6004408432409,286.90192013687016,3.9503650448514773,10.22128762437799,164.20363791925962,164.20363791925962,20.436551511849373,3.3620164075575922,8.737592117297847,6.637985141725274,1.2624094319851125,195.97113683559087,34.99047189189945,0.9999999999999996,0.12791482011021166,0.9999999999999996,0.2545926677121128,0.9999999999999996,2.726665091013402,0.9999999999999996,2.726665091013402
18661.5,44.37895615633377,38.01887079467989,75.85563721670714,6.980917475123087,15.40975156855865,0.6912704987523353,96.31322491447034,661.8432346156334,284.7492469090704,6.540942255170438,9.78780339735756,164.20363791925962,164.20363791925962,21.86550367832829,3.9506860803325172,8.845298171100703,6.049315468950349,1.1547033781822402,196.24036217320386,37.456398344085855,0.9999999999999996,0.21179902171619827,0.9999999999999996,0.2437954071492617,0.9999999999999996,2.726665091013402,0.9999999999999996,2.726665091013402
18681.0,45.48677986516876,36.373013863605465,77.09236796126059,6.9796204906052415,15.398839209351118,0.7886459110959747,93.95496336433337,662.7132514852543,283.9136580681311,9.415112109053348,9.348559648934787,164.20363791925962,164.20363791925962,24.255240434054297,4.083691501676398,8.846747669397905,5.91631004760647,1.1532538798850342,196.29262797279247,41.58634455724143,0.9999999999999996,0.3048660966957078,0.9999999999999996,0.23285468795649492,0.9999999999999996,2.726665091013402,0.9999999999999996,2.726665091013402
18700.5,45.98249358278858,36.21423962573307,77.23385803705875,6.7856073149111955,16.606242160060983,0.931576308111434,90.55363069833943,662.9485560158589,282.3732794057979,11.997121594323136,8.954620550599623,164.20363791925962,164.20363791925962,27.567279095381974,4.131200835187639,8.914189554047915,5.868800714095229,1.0858119952350211,196.14435181494025,47.32345467324742,0.9999999999999996,0.38847287102700573,0.9999999999999996,0.22304242069164953,0.9999999999999996,2.726665091013402,0.9999999999999996,2.726665091013402
18720.0,47.04771122017535,36.037670600251275,78.30151059387168,6.784696762562344,16.6010784224911,1.124647797220492,86.24282020927471,662.9737850453544,281.59079008015703,14.357843068523762,8.565331236840674,164.20363791925962,164.20363791925962,31.677424369402456,4.1523059456924525,8.921255380342576,5.847695603590416,1.078746168940365,195.81113944292758,54.469113000779984,0.9999999999999996,0.4649142275280325,0.9999999999999996,0.21334597064113642,0.9999999999999996,2.726665091013402,0.9999999999999996,2.726665091013402
18739.5,47.22674140127355,35.97409053355414,78.33971528672377,6.661035522223726,17.870998148550594,1.3758509894415794,81.14846304262497,663.068658112497,280.20763671816326,16.46909821357442,8.217431905296875,164.20363791925962,164.20363791925962,36.469351977614856,4.17491083820568,8.953929818942504,5.825090711077189,1.0460717303404423,195.30894343196758,62.84342728346227,0.9999999999999996,0.5332777379934476,0.9999999999999996,0.20468046565116346,0.9999999999999996,2.726665091013402,0.9999999999999996,2.726665091013402
18759.0,48.804381887236744,35.82969769184306,79.63584763785275,6.660145013251999,18.010279316588548,1.6977071024958015,75.39063299917078,663.0819815582485,278.93203731053734,18.391013934408267,7.867472025394427,164.20363791925962,164.20363791925962,41.830918092503445,4.197365386050342,8.997196923871442,5.802636163232526,1.0028046254115097,194.65093181021598,72.28097031405042,0.9999999999999996,0.5955103420455352,0.9999999999999996,0.1959636363542287,0.9999999999999996,2.726665091013402,0.9999999999999996,2.726665091013402
18778.5,48.83042103000324,37.22198337064563,79.66723022284334,15.473418599361292,18.011080364339026,2.1089794928962955,69.08346382214673,652.9545964425023,278.9297016620215,20.103799215270087,7.554396073998332,164.20363791925962,164.20363791925962,47.65518234621631,3.659626748580625,8.997235314085072,6.340374800702244,1.002766235197875,193.84904945647753,82.63532074543298,0.9999999999999996,0.6509711965745107,0.9999999999999996,0.1881655149636969,0.9999999999999996,2.726665091013402,0.9999999999999996,2.726665091013402
18798.0,49.78693955118191,48.47583517856439,80.37812187672448,15.569917782536658,18.811023766629354,2.610921283562752,62.61043090773447,645.896686379985,277.45500330520144,20.095026780878825,7.255656158001437,164.20363791925962,164.20363791925962,53.56825915413624,2.363055522805505,9.03576740734754,7.636946026477364,0.9642341419353979,192.91922062477823,93.2877079230959,0.9999999999999996,0.6506871407076867,0.9999999999999996,0.18072447671482264,0.9999999999999996,2.726665091013402,0.9999999999999996,2.726665091013402
18817.5,49.80369070456223,48.49859471689861,80.3980100915539,15.569160685142688,18.811994539757677,3.202834105518014,56.334511481069406,645.8509292198592,277.4599971078071,20.020855208340134,6.987685835123144,164.20363791925962,164.20363791925962,59.215183182172524,2.36313939312231,9.035811417141531,7.636862156160559,0.9641901321414095,191.87474937092426,103.64753847433163,0.9999999999999996,0.6482854276379177,0.9999999999999996,0.174049850006682,0.9999999999999996,2.726665091013402,0.9999999999999996,2.726665091013402
18837.0,51.929438010607605,60.250228596012164,81.95345973560534,26.22235545056174,20.648421100951975,3.8932037970868834,50.38218841461852,628.4938569725348,274.11419595361,19.292493312327984,6.711528586335682,164.20363791925962,164.20363791925962,64.47498560360391,1.552095612529622,9.113968218058709,8.447905936753251,0.8860333312242392,190.72479198172852,113.52803003446185,0.9999999999999996,0.6247007006960487,0.9999999999999996,0.16717130267873553,0.9999999999999996,2.726665091013402,0.9999999999999996,2.726665091013402
18856.5,51.96727307251486,60.25690315365435,81.99893377460226,26.221832254995466,20.6493327903454,4.6853428701414614,44.88614665393846,628.4758140383705,274.10320678329043,18.59210711507804,6.460555032622068,164.20363791925962,164.20363791925962,69.21779952074519,1.5521201930715232,9.114002123718553,8.447881356211347,0.8859994255643937,189.47402793497434,122.71903413766456,0.9999999999999996,0.6020218410434035,0.9999999999999996,0.16092003288639106,0.9999999999999996,2.726665091013402,0.9999999999999996,2.726665091013402
18876.0,53.15583390632059,70.10208412147726,82.85409019430188,36.910697769381635,21.71206449043853,5.5876374149000325,39.87625585483857,612.4599955263468,272.2132533940226,17.656886310867986,6.218733232846306,164.20363791925962,164.20363791925962,73.42110562851725,1.1545409442610521,9.153699619000033,8.845460605021815,0.8463019302829003,188.13466277311915,131.1970820325326,0.9999999999999996,0.5717389179272806,0.9999999999999996,0.1548967157292631,0.9999999999999996,2.726665091013402,0.9999999999999996,2.726665091013402
18895.5,53.180460117537116,70.10493870657929,82.88332123400133,36.9104592862489,21.7132116458785,6.599996464343852,35.393023435399364,612.4532638647185,272.2126635335881,16.78235489169879,5.999525569638719,164.20363791925962,164.20363791925962,77.04941316292688,1.154546875321579,9.153739614319962,8.845454673961289,0.8462619349629716,186.7150268448366,138.90308887474853,0.9999999999999996,0.5434211478240972,0.9999999999999996,0.14943667333442304,0.9999999999999996,2.726665091013402,0.9999999999999996,2.726665091013402
18915.0,54.46532201777946,77.81519648242359,83.79534471751334,46.405132185885904,22.893224006852446,7.723729585502652,31.422376959662838,598.8881642061091,270.14259233220906,15.84345630183058,5.786933289207565,164.20363791925962,164.20363791925962,80.12304556084885,0.9405404805780001,9.193844052276473,9.05946106870487,0.8061574970064592,185.22550017958258,145.8729771062921,0.9999999999999996,0.5130191361464046,0.9999999999999996,0.144141407434569,0.9999999999999996,2.726665091013402,0.9999999999999996,2.726665091013402
18934.5,54.49564768101234,77.81697400416469,83.83139945638263,46.40516571593293,22.8944048151687,8.948899277961932,27.956140414214396,598.8867999024308,270.13740300616405,14.974958524834756,5.592754839639837,164.20363791925962,164.20363791925962,82.6537417356553,0.9405394990531734,9.193881309943958,9.0594620502297,0.8061202393389794,183.6719991109171,152.10973804324396,0.9999999999999996,0.4848967384314571,0.9999999999999996,0.1393047947391447,0.9999999999999996,2.726665091013402,0.9999999999999996,2.726665091013402
18954.0,55.890442306227825,85.98712252294479,84.80713982420534,57.543403706120436,24.21240452284903,10.262935745912747,24.95858358045909,583.4981151865712,267.85797802561495,14.082581679640251,5.403401601660411,164.20363791925962,164.20363791925962,84.6825979467694,0.7725513447844193,9.23440387964779,9.227450204498457,0.7655976696351444,182.0634341577475,157.660740984782,0.9999999999999996,0.4560011243989405,0.9999999999999996,0.13458836880841052,0.9999999999999996,2.726665091013402,0.9999999999999996,2.726665091013402
18973.5,55.92814951379652,85.9889081495013,84.85201686150917,57.5437868081043,24.213627435060708,11.640161442281945,22.398607303417933,583.5002282550467,267.8468510113394,13.254895659511881,5.228871721115924,164.20363791925962,164.20363791925962,86.24309992636084,0.772546299280022,9.234438603887298,9.227455250002855,0.7655629453956314,180.40376832405792,162.53895172508513,0.9999999999999996,0.4292002320331977,0.9999999999999996,0.13024116427643737,0.9999999999999996,2.726665091013402,0.9999999999999996,2.726665091013402
18993.0,57.44877675229902,93.36193954898707,85.89883059700972,68.54717420739871,25.69553059389609,13.05684023596594,20.224570653268685,568.6997362535194,265.3223646855421,12.440317414321235,5.057978274131635,164.20363791925962,164.20363791925962,87.39156370927596,0.6566788084246039,9.275391622346785,9.343322740858277,0.724609926936142,178.70076480305627,166.79847045786994,0.9999999999999996,0.4028237760560335,0.9999999999999996,0.12598453632885073,0.9999999999999996,2.726665091013402,0.9999999999999996,2.726665091013402
19012.5,57.49627489579797,93.36375758006099,85.95539013656462,68.54789917083332,25.69681138148439,14.481240692935167,18.391303518778425,568.7039689372327,265.3033750508604,11.686517650189318,4.898796106832289,164.20363791925962,164.20363791925962,88.17459821161847,0.656672066322132,9.275424161420592,9.343329482960748,0.7245773878623342,176.95681278603186,170.4640018191163,0.9999999999999996,0.3784153580659742,0.9999999999999996,0.1220196138930238,0.9999999999999996,2.726665091013402,0.9999999999999996,2.726665091013402
19032.0,57.49840426874267,103.31010126354401,85.95709590440852,84.82252104436695,25.698439248543707,15.88692498004998,16.848365349122876,547.3445659288788,265.31995958126845,10.941146713663786,4.756615122217685,164.20363791925962,164.20363791925962,88.64808717219884,0.5374503853489809,9.275466743947359,9.462551163933892,0.7245348053355537,175.18095089773982,173.58444187719599,0.9999999999999996,0.35427986978108633,0.9999999999999996,0.11847815830531161,0.9999999999999996,2.726665091013402,0.9999999999999996,2.726665091013402
19051.5,57.500076910831275,103.3126989693881,85.95826948136144,84.82384991315148,25.700033001279365,17.240144467940972,15.557824902278593,547.3502490002866,265.33648481346825,10.242980424721079,4.629615827871127,164.20363791925962,164.20363791925962,88.85505443969848,0.5374420957368002,9.275508437873114,9.462559453546078,0.7244931114097969,173.38163560904312,176.17519249349897,0.9999999999999996,0.33167289188330623,0.9999999999999996,0.11531484949986022,0.9999999999999996,2.726665091013402,0.9999999999999996,2.726665091013402
19071.0,59.148777618372414,109.78235647806522,87.06406961350132,96.29280693332936,27.378964916231187,18.523421750967913,14.474812236850719,532.5945108902339,262.53476270651555,9.585414416210245,4.503215012053525,164.20363791925962,164.20363791925962,88.84373117034131,0.47648037180510083,9.316902125375208,9.52352117747778,0.6830994239077051,171.5644483475239,178.2873214635971,0.9999999999999996,0.31038057162068206,0.9999999999999996,0.11216644764653219,0.9999999999999996,2.726665091013402,0.9999999999999996,2.726665091013402
19090.5,59.225868698118006,109.78492872221885,87.15616177295607,96.2944917103417,27.3801418221692,19.720683856450005,13.56368128623514,532.6008602034389,262.4913445102889,8.978701748227728,4.381493221430214,164.20363791925962,164.20363791925962,88.64917920728946,0.47647214868213705,9.316928348236557,9.523529400600745,0.6830732010463576,169.72841898749877,179.95236054337315,0.9999999999999996,0.2907349082699706,0.9999999999999996,0.10913459133524187,0.9999999999999996,2.726665091013402,0.9999999999999996,2.726665091013402
19110.0,61.037891023832834,117.76355042514712,88.34497605640676,111.39825262019016,29.298187828234894,20.824637130065664,12.792829730508663,513.4557972982144,259.347653684104,8.405176994810008,4.260793353712078,164.20363791925962,164.20363791925962,88.30571706737558,0.4145490060085206,9.358780190627357,9.58545254327435,0.6412213586555555,167.87805787927857,181.21518556513632,0.9999999999999996,0.27216388639496836,0.9999999999999996,0.10612818916321325,0.9999999999999996,2.726665091013402,0.9999999999999996,2.726665091013402
19129.5,61.138688123135246,117.76799361862474,88.46524935309391,111.40088199535198,29.299522027870363,21.82672529132256,12.138904211109946,513.4612517802613,259.2852514986374,7.870300984738536,4.142934434970402,164.20363791925962,164.20363791925962,87.83579047442787,0.4145390781311972,9.358806593550876,9.585462471151677,0.6411949557320336,166.011857860188,182.09886048822244,0.9999999999999996,0.25484433039628157,0.9999999999999996,0.10319254958053059,0.9999999999999996,2.726665091013402,0.9999999999999996,2.726665091013402
19149.0,61.14111689014066,117.76886867910947,88.46724702150217,111.40259319283626,29.30131416904918,22.728083660747096,11.580368002657764,513.4691738984436,259.3006856675937,7.392617599685096,4.037660576942117,164.20363791925962,164.20363791925962,87.26425537938526,0.41453297308265596,9.358843304332554,9.585468576200219,0.641158244950354,164.13533063299562,182.64654482692336,0.9999999999999996,0.23937670055068455,0.9999999999999996,0.10057037971889357,0.9999999999999996,2.726665091013402,0.9999999999999996,2.726665091013402
19168.5,61.14284852140666,117.7697234755474,88.46842787481381,111.4042648297797,29.303068155331335,23.532719860096798,11.099823806121316,513.4769129282818,259.316273483637,6.966014314882692,3.9436259902180404,164.20363791925962,164.20363791925962,86.61208928331872,0.41452700931215103,9.358879235327295,9.585474539970722,0.6411223139556084,162.25442126204078,182.8997273466979,0.9999999999999996,0.22556307021162397,0.9999999999999996,0.09822815854568345,0.9999999999999996,2.726665091013402,0.9999999999999996,2.726665091013402
19188.0,63.1032600003292,127.92216685271194,89.69880506382538,132.20320569881193,31.51595060536898,24.24497602262313,10.683737822299001,487.5490512198992,255.79180045434143,6.561558822902078,3.849819532345088,164.20363791925962,164.20363791925962,85.8953443056158,0.35160889379957816,9.40120051293172,9.648392655483295,0.5988010363511754,160.37331151566056,182.89227349500666,0.9999999999999996,0.212466596616933,0.9999999999999996,0.09589161962454609,0.9999999999999996,2.726665091013402,0.9999999999999996,2.726665091013402
19207.5,63.27712353166249,127.95657752210457,89.90610303626663,132.21797050481842,31.517426779397177,24.86287050539329,10.323515814988685,487.5278747550673,255.67020315704738,6.168549535141079,3.753562661473278,164.20363791925962,164.20363791925962,85.1206212684162,0.35156644816290084,9.401226259191509,9.648435101119972,0.5987752900913887,158.48869125249354,182.63185359806926,0.9999999999999996,0.1997407569097622,0.9999999999999996,0.09349404561611818,0.9999999999999996,2.726665091013402,0.9999999999999996,2.726665091013402
19227.0,63.279868283460516,127.95758695807932,89.90845672796006,132.2201131432253,31.519284441859714,25.39180939609657,10.01027934633888,487.53580758852394,255.68458153402932,5.817560030398256,3.6675822300307974,164.20363791925962,164.20363791925962,84.29885426003716,0.3515609499889827,9.401259444826845,9.648440599293894,0.5987421044560455,156.6039739598626,182.1456011518681,0.9999999999999996,0.18837553905014578,0.9999999999999996,0.09135243800106864,0.9999999999999996,2.726665091013402,0.9999999999999996,2.726665091013402
19246.5,63.28160156863032,127.95857183910513,89.9096198467422,132.2222057954045,31.52110148431943,25.83930103090151,9.73628466127926,487.54355811124486,255.69938376375595,5.504102998129128,3.590779844462965,164.20363791925962,164.20363791925962,83.4405932615783,0.3515555803834657,9.40129190473196,9.64844596889941,0.5987096445509312,154.72381948492372,181.4635026925857,0.9999999999999996,0.17822564165085522,0.9999999999999996,0.08943943790294659,0.9999999999999996,2.726665091013402,0.9999999999999996,2.726665091013402
19266.0,65.37115693430161,141.38252651038627,91.12983154742685,162.63716710754935,34.102528145533974,26.212144884755098,9.495393261868264,450.36334349020456,251.74304700098406,5.2065134360438945,3.514611602402289,164.20363791925962,164.20363791925962,82.55406291494607,0.2877266796543176,9.444091657489937,9.71227486962856,0.5559098917929576,152.85169195063793,180.61050634893996,0.9999999999999996,0.16858954096936984,0.9999999999999996,0.08754223310314041,0.9999999999999996,2.726665091013402,0.9999999999999996,2.726665091013402
19285.5,65.68410446516812,141.59011994156344,91.50070182179766,162.7702654078258,34.10488666328121,26.50918675886048,9.28458348454942,450.1375349967769,251.50943815630484,4.902151264130501,3.431601153048307,164.20363791925962,164.20363791925962,81.63973879198883,0.2874737679674328,9.444128814833908,9.712527781315448,0.5558727344489823,150.98336347297834,179.58548523456352,0.9999999999999996,0.15873413975286818,0.9999999999999996,0.08547460204473963,0.9999999999999996,2.726665091013402,0.9999999999999996,2.726665091013402
19305.0,65.6874002608015,141.59130060574387,91.5036823051393,162.7730405600658,34.106832934111786,26.73527597758833,9.100029982115156,450.14524241442297,251.52263191384196,4.630321315282284,3.3574522765813395,164.20363791925962,164.20363791925962,80.70249395098274,0.28746900678378123,9.44415878419746,9.712532542499094,0.5558427650854246,149.12057381680796,178.4045837429063,0.9999999999999996,0.14993214838935986,0.9999999999999996,0.0836276957682195,0.9999999999999996,2.726665091013402,0.9999999999999996,2.726665091013402
19324.5,65.68915048741884,141.59245352106007,91.50483882987405,162.77575128358836,34.10873259272998,26.89790352441596,8.937810864870164,450.1527721911243,251.53669633198606,4.3875522005845955,3.2912160591183635,164.20363791925962,164.20363791925962,79.74859151523404,0.28746435634275747,9.444188030566023,9.71253719294012,0.5558135187168629,147.26721069133808,177.09064110171008,0.9999999999999996,0.14207116154832283,0.9999999999999996,0.08197787864901042,0.9999999999999996,2.726665091013402,0.9999999999999996,2.726665091013402
19344.0,67.82588004398262,141.59357977470887,92.59234562115917,162.7783993403401,37.15756025764628,27.004088033908985,8.794643971965657,450.16012789129604,247.12135105506798,4.170742048282026,3.226817733082241,164.20363791925962,164.20363791925962,78.78317412825524,0.2874598135563016,9.487447462549962,9.712541735726575,0.5125540867329226,145.42636350018734,175.66385158487643,0.9999999999999996,0.13505073905192708,0.9999999999999996,0.08037383987970434,0.9999999999999996,2.726665091013402,0.9999999999999996,2.726665091013402
19363.5,68.42087658404962,141.5946799834793,93.28061860036692,162.78098617956854,37.16394405620311,27.063294585266966,8.666490537679511,450.1673135415033,246.66267926117354,3.9771120916419505,3.1517186287736716,164.20363791925962,164.20363791925962,77.80758282954795,0.2874553759283555,9.487539338440229,9.712546173354525,0.5124622108426515,143.59355256434014,174.14215917160413,0.9999999999999996,0.1287809030265593,0.9999999999999996,0.0785032652504269,0.9999999999999996,2.726665091013402,0.9999999999999996,2.726665091013402
19383.0,68.42498799515153,158.32710826194588,93.28452683960398,208.85869426711116,37.166011841196514,27.082128712616225,8.55082876598573,395.6719647424253,246.67452112918104,3.795706222628946,3.0846314590445427,164.20363791925962,164.20363791925962,76.82450007989623,0.2257252868969336,9.48756641146984,9.774276262385952,0.5124351378130442,141.76904467385836,172.54098693765965,0.9999999999999996,0.12290688914726539,0.9999999999999996,0.07683225254260931,0.9999999999999996,2.726665091013402,0.9999999999999996,2.726665091013402
19402.5,68.42676636436235,161.18570894108882,93.28568164949495,212.0896018559481,37.16801845830283,27.054850719598665,8.448950828528275,391.0194953254024,246.68788799959003,3.5850577084500745,3.0247044767745335,164.20363791925962,164.20363791925962,75.83470904810042,0.22210936995926797,9.487592667263497,9.777892179323622,0.5124088820193965,139.95628601203805,170.85210437680357,0.9999999999999996,0.11608598361277782,0.9999999999999996,0.0753395863693505,0.9999999999999996,2.726665091013402,0.9999999999999996,2.726665091013402
19422.0,68.42849153367294,161.18710973527976,93.28679536812945,212.0932946768267,37.169978659449896,26.980988702887164,8.360778689394555,391.0261969747516,246.70095586845468,3.3966886326611165,2.9711737643150125,164.20363791925962,164.20363791925962,74.84008309723723,0.22210558500086205,9.48761831304972,9.777895964282026,0.512383236233174,138.15825778926367,169.07783866730307,0.9999999999999996,0.10998649757280418,0.9999999999999996,0.07400623900740998,0.9999999999999996,2.726665091013402,0.9999999999999996,2.726665091013402
19441.5,68.43017679068123,161.18844234380137,93.28788328192059,212.0968615308416,37.17189361206403,26.86644041777238,8.284516818852579,391.0328022816246,246.71372212363286,3.22845065872533,2.9233514867578756,164.20363791925962,164.20363791925962,73.84395912734827,0.2221019323073075,9.487643364358572,9.777899616975576,0.5123581849243214,136.37751951071354,167.23352431248657,0.9999999999999996,0.10453886680264286,0.9999999999999996,0.07281507780866801,0.9999999999999996,2.726665091013402,0.9999999999999996,2.726665091013402
19461.0,69.83293312278415,161.18974413753705,93.66199483331958,212.10034592227976,40.73769903269261,26.71647589717948,8.21865632294972,391.03925484964003,242.32646771269347,3.078206896105639,2.879028555576025,164.20363791925962,164.20363791925962,72.84914308328233,0.2220983641645806,9.529709378465858,9.777903185118305,0.4702921708170414,134.6162249797045,165.33257178665963,0.9999999999999996,0.09967389770485618,0.9999999999999996,0.07171107861550428,0.9999999999999996,2.726665091013402,0.9999999999999996,2.726665091013402
19480.5,71.57222049261334,161.19101582700958,95.28813243450855,212.1037497004098,40.84237773963774,26.538531469091158,8.16074567951255,391.04555823768675,240.95989763582088,2.9440252137164107,2.817985767215097,164.20363791925962,164.20363791925962,71.85541083641434,0.22209482803854938,9.53153162145562,9.777906721244339,0.4684699278272823,132.86993117431544,163.38695722656752,0.9999999999999996,0.09532902689670812,0.9999999999999996,0.07019061985291856,0.9999999999999996,2.726665091013402,0.9999999999999996,2.726665091013402
19500.0,71.5788277595172,161.19225809549465,95.2949835055792,212.1070748805896,40.84454094707798,26.338572320329142,8.109019963189592,391.0517158637068,240.968433240881,2.824190165854695,2.763413787152292,164.20363791925962,164.20363791925962,70.86312295301278,0.22209147380409724,9.53155532678174,9.777910075478792,0.4684462225011571,131.13630610182355,161.40718479054925,0.9999999999999996,0.09144870737785558,0.9999999999999996,0.0688313365123945,0.9999999999999996,2.726665091013402,0.9999999999999996,2.726665091013402
